Num_Acc,an,mois,jour,hrmn,lum,int,atm,col,lat,long,catr,circ,nbv,vosp,prof,plan,lartpc,larrout,surf,infra,situ,env1,chance,sum,unscathed,killed,hospital,light
201600000593,16,7,14,400,3,1,1,6,4986720,89227,3,2,2,0,0,2,0,65,1,0,3,0,1,110,61,8,42,60
201600000594,16,7,19,1315,1,1,7,6,4981355,103720,3,2,2,0,1,2,0,51,1,0,1,99,1,124,90,10,46,68
201600000596,16,9,28,1115,1,4,1,1,4986935,104957,3,0,2,0,1,2,0,59,1,0,1,0,1,167,127,6,57,104
201600000598,16,5,20,1800,1,2,1,3,4962226,129727,3,2,2,0,1,1,0,50,1,0,1,99,1,169,110,10,45,114
201600000599,16,6,15,1145,1,3,1,3,4968667,135353,3,2,2,0,1,1,0,0,1,5,1,99,1,141,106,3,35,103
201600000601,16,9,16,915,2,2,1,3,4967176,116561,3,2,2,0,1,1,0,76,2,0,1,0,1,164,113,3,49,112
201600000606,16,9,22,1745,1,3,1,3,4937767,116144,3,2,2,0,0,2,0,0,1,0,1,99,1,157,117,5,43,109
201600000608,16,10,22,2030,3,1,1,6,4935319,119527,3,2,2,0,2,3,0,70,1,0,3,99,1,171,101,14,62,95
201600000611,16,1,6,1315,1,1,1,1,4949978,89759,3,2,2,0,1,2,0,90,1,0,1,99,1,138,110,8,43,87
201600000617,16,6,23,1415,1,1,1,3,4952731,75319,3,2,0,0,1,2,0,70,1,0,1,99,1,169,149,5,67,97
201600000619,16,9,24,1515,1,1,1,5,4948819,88778,3,2,2,0,2,4,0,0,1,0,1,99,1,172,103,11,66,95
201600000633,16,8,8,1700,1,1,1,3,4962464,51524,3,0,2,0,1,1,0,58,1,0,1,99,1,147,87,10,53,84
201600000634,16,9,2,1945,1,2,1,3,4960569,56057,3,2,2,0,1,1,0,0,1,0,1,99,1,165,126,8,62,95
201600000635,16,10,1,1530,1,2,1,3,4964474,63766,3,2,2,0,1,1,0,70,1,0,1,0,1,157,119,8,41,108
201600000636,16,3,12,530,3,1,5,7,4950178,42054,3,2,2,0,2,4,0,0,0,0,1,99,1,144,106,9,56,79
201600000638,16,7,12,730,1,2,1,3,4948430,35750,1,1,1,0,1,1,0,58,1,3,1,99,1,187,114,8,77,102
201600000640,16,8,14,1800,1,3,1,3,4956592,34958,3,2,2,0,1,1,0,56,1,0,1,99,1,109,71,4,36,69
201600000641,16,8,20,1500,1,1,1,7,4950291,29689,4,2,2,1,2,1,0,74,1,0,1,99,1,140,97,8,67,65
201600000643,16,9,15,630,2,1,2,1,4955414,29384,3,2,0,0,1,1,0,0,2,0,1,0,1,171,114,7,63,101
201600000644,16,10,5,1745,1,1,1,3,4952822,42099,3,2,2,0,2,1,0,74,1,0,3,99,1,162,117,9,53,100
201600000647,16,4,20,2145,3,2,1,3,4978017,146597,4,2,2,0,1,1,0,40,1,0,1,99,1,132,97,5,36,91
201600000649,16,10,15,15,3,1,1,6,4967773,140020,3,2,2,0,2,2,0,50,1,0,3,99,1,179,128,7,60,112
201600000651,16,1,1,2130,3,1,1,6,4977617,176930,3,2,2,0,2,1,0,44,2,0,1,99,1,126,60,7,58,61
201600000652,16,1,13,1400,1,3,1,3,4990947,166207,3,2,2,0,3,3,0,55,1,0,1,0,1,133,103,6,51,76
201600000661,16,1,23,1545,1,2,8,3,4963615,73549,3,2,0,0,1,1,0,70,1,0,1,0,1,155,78,6,58,91
201600000662,16,4,3,1745,1,2,1,2,4961307,78127,3,2,0,0,3,1,0,0,1,0,1,99,1,119,75,7,44,68
201600000663,16,7,17,1030,1,1,1,3,4964416,73368,3,2,2,0,4,1,0,60,1,0,1,0,1,116,68,7,44,65
201600000665,16,10,16,1515,1,1,2,1,4961517,68899,3,2,3,0,1,1,0,90,2,0,1,99,1,126,76,3,55,68
201600000666,16,10,28,1450,1,1,1,5,4960517,76204,3,2,3,0,2,1,0,0,1,0,1,99,1,175,132,10,55,110
201600000669,16,1,3,1100,1,1,2,6,4959466,97530,3,2,2,0,2,3,0,50,2,0,1,0,1,104,48,3,31,70
201600000672,16,3,5,1630,1,1,1,3,4960265,85573,3,2,2,0,1,1,0,90,1,0,1,0,1,168,95,6,58,104
201600000680,16,5,23,1730,1,1,1,1,4980514,70871,3,2,2,0,1,1,0,0,0,0,1,0,1,152,102,5,49,98
201600000683,16,3,23,1700,1,2,1,3,4975725,51625,3,2,2,0,1,1,0,57,1,0,1,99,1,113,84,3,27,83
201600000684,16,5,21,1345,1,2,1,3,4969960,40732,3,2,2,0,1,1,0,55,1,0,1,0,1,176,134,7,73,96
201600000687,16,5,2,745,1,1,1,2,4908885,128885,3,2,2,0,1,0,0,55,1,0,1,0,1,124,82,8,44,72
201600000688,16,11,18,1345,1,1,1,6,4890115,117226,2,1,2,0,1,3,21,105,1,0,1,99,1,201,140,9,57,135
201600000693,16,6,13,1745,1,1,1,1,4895986,92666,3,2,0,0,1,1,0,0,1,5,1,0,1,141,87,2,42,97
201600000698,16,12,5,1230,2,1,8,3,4896476,85820,3,2,0,0,3,1,0,60,1,0,1,99,1,160,130,9,71,80
201600000704,16,7,13,1830,1,3,1,3,4899177,118533,4,2,2,0,1,1,0,0,1,0,1,0,1,164,105,8,60,96
201600000710,16,12,22,2245,3,1,5,6,4887239,125690,3,2,2,0,1,2,0,6,2,0,3,0,1,188,118,13,58,117
201600000713,16,8,30,1745,1,1,1,3,4881734,112946,3,2,2,0,1,1,0,55,1,0,1,99,1,139,96,6,50,83
201600000716,16,4,24,730,1,2,1,3,4901195,131348,2,2,2,0,0,1,0,0,1,5,1,0,1,118,59,6,45,67
201600000718,16,6,14,1445,1,1,2,1,4901232,130131,2,2,3,0,0,1,0,0,1,0,1,0,1,148,97,10,59,79
201600000722,16,10,21,1730,1,1,2,1,4903043,136719,4,2,0,0,0,1,0,0,1,0,1,0,1,158,122,8,50,100
201600000728,16,4,9,1515,1,3,2,7,4887848,67328,3,2,2,0,1,1,0,6,2,0,3,0,1,121,74,7,48,66
201600000729,16,6,24,915,1,3,1,3,4881513,94283,4,0,0,0,0,0,0,0,0,0,0,0,1,195,132,8,77,110
201600000735,16,1,7,1900,3,1,8,3,4917522,139104,3,2,0,0,0,1,0,0,0,0,1,0,1,161,140,10,50,101
201600000743,16,10,3,1830,1,1,1,4,4924713,142398,3,2,0,0,1,1,0,7,1,0,1,0,1,179,137,8,75,96
201600000744,16,11,15,745,2,1,2,1,4924839,142701,3,2,0,0,1,1,0,0,1,0,1,0,1,139,94,5,47,87
201600000748,16,6,17,1830,1,1,1,2,4910365,156845,4,2,0,0,1,1,0,4,1,0,1,0,1,149,110,3,44,102
201600000753,16,3,30,1615,1,1,2,1,4943057,137363,3,2,0,0,1,3,0,68,2,0,1,99,1,145,115,7,42,96
201600000757,16,7,7,1300,1,1,1,3,4938659,130665,3,2,2,0,1,1,0,81,1,0,1,99,1,176,127,7,70,99
201600000758,16,7,6,2100,1,1,1,6,4938651,137603,3,2,2,0,1,2,0,106,1,0,4,0,1,171,117,6,66,99
201600000760,16,8,7,1615,1,1,1,2,4938263,151867,3,2,2,0,2,2,0,71,1,0,1,0,1,112,56,19,50,43
201600000764,16,10,17,830,2,1,2,3,4930876,145874,3,2,2,0,1,1,0,0,2,5,1,99,1,181,117,8,54,119
201600000765,16,11,11,700,5,1,1,6,4939870,137033,3,2,0,0,1,2,0,57,2,0,3,99,1,150,97,12,50,88
201600000766,16,11,23,430,3,1,2,3,4932658,129180,3,2,0,0,3,2,0,67,2,0,1,99,1,194,136,10,75,109
201600000768,16,12,16,2045,3,1,5,1,4943416,136312,4,1,0,0,1,1,0,45,2,0,1,99,1,201,116,8,76,117
201600000771,16,8,5,1245,1,9,1,3,4931374,150850,3,2,0,0,1,1,0,6,1,0,1,0,1,163,115,3,69,91
201600000779,16,3,26,1,5,1,1,6,4913130,84609,3,2,2,0,1,3,0,41,1,0,1,0,1,114,93,11,38,65
201600000784,16,2,14,1715,1,2,1,3,4912089,108212,3,2,2,0,3,1,0,520,1,0,1,0,1,129,65,4,50,75
201600000787,16,8,13,1100,1,1,1,3,4921880,121576,3,2,2,0,1,1,0,7,1,0,1,0,1,151,96,10,65,76
201600000788,16,8,15,1700,1,3,1,3,4914929,115391,3,2,1,0,1,1,0,7,1,0,1,0,1,104,74,1,49,54
201600000789,16,9,8,1700,1,1,1,5,4919058,109866,3,2,2,0,1,1,0,8,1,0,1,0,1,151,106,6,56,89
201600000793,16,1,10,145,3,2,1,3,4918260,125751,3,2,2,3,0,1,0,5,0,5,1,0,1,132,66,4,53,75
201600000806,16,5,6,1715,1,2,1,1,4929904,107860,3,2,2,0,1,1,0,670,1,0,1,0,1,178,102,14,65,99
201600000807,16,7,27,730,1,1,1,7,4925158,110357,3,2,2,0,1,0,0,7,9,0,1,0,1,146,101,6,54,86
201600000809,16,10,11,1845,1,1,1,6,4930388,115943,3,2,2,0,1,0,0,0,1,0,1,0,1,158,131,6,48,104
201600000810,16,11,9,145,3,1,2,6,4924230,104924,3,2,0,0,1,1,0,0,2,0,1,0,1,163,132,4,44,115
201600000818,16,7,5,815,1,2,1,6,4911269,104166,3,2,2,0,1,1,0,5,1,0,1,0,1,158,101,6,59,93
201600000833,16,9,17,1600,1,1,2,6,4933332,60327,3,2,1,0,1,1,0,0,2,0,1,0,1,139,93,16,47,76
201600000834,16,11,7,800,1,1,2,5,4935854,47933,3,2,2,0,1,1,0,6,2,0,1,0,1,136,108,2,42,92
201600000835,16,11,20,1045,1,2,1,3,4934902,52103,3,2,2,0,1,1,650,650,1,0,1,0,1,143,72,4,50,89
201600000839,16,6,12,200,3,1,2,6,4932424,74989,3,2,2,0,0,3,0,55,2,0,1,0,1,214,86,11,81,122
201600000845,16,1,20,1900,3,1,1,6,4800140,174096,3,2,0,0,2,1,0,0,1,0,1,0,1,119,100,4,26,89
201600000849,16,10,6,1910,1,1,1,5,4802714,173048,3,2,2,0,1,1,77,0,1,5,1,99,1,260,178,13,72,175
201600000850,16,3,18,930,1,3,1,3,4821855,174809,3,2,0,0,1,3,0,83,1,0,1,0,1,141,104,7,55,79
201600000852,16,4,30,2000,1,3,1,3,4820962,163009,3,2,2,0,1,0,0,55,1,5,1,0,1,138,84,7,48,83
201600000856,16,9,26,2130,3,1,1,7,4821610,139203,3,2,2,0,1,1,0,0,1,0,1,99,1,104,72,5,34,65
201600000859,16,2,28,800,1,1,1,6,4822326,211254,2,2,0,0,2,1,35,0,1,0,3,0,1,91,70,3,30,58
201600000864,16,8,24,1345,1,1,1,3,4818894,220539,3,2,2,0,2,1,0,72,1,0,1,99,1,105,82,3,38,64
201600000866,16,9,30,745,1,2,1,5,4816803,205409,3,2,2,0,1,1,0,0,1,5,1,99,1,186,120,3,67,116
201600000869,16,3,11,1515,1,1,7,1,4815479,201547,3,2,2,0,0,1,0,34,1,0,1,0,1,182,121,10,56,116
201600000873,16,5,31,1800,1,6,1,1,4814161,196389,3,2,1,0,1,1,0,35,1,0,1,0,1,166,120,9,53,104
201600000874,16,7,20,1615,1,1,1,1,4811248,193068,3,2,2,0,1,2,0,73,1,0,1,0,1,118,86,7,46,65
201600000881,16,8,17,830,1,6,7,3,4809248,178044,3,4,0,0,1,2,0,0,1,5,1,99,1,87,67,3,37,47
201600000882,16,10,7,1515,1,1,1,7,4809512,176174,2,3,4,0,1,3,10,125,1,0,1,99,1,189,127,12,59,118
201600000889,16,1,18,1245,1,1,2,6,4834163,152106,3,2,2,0,2,1,0,66,2,0,3,99,1,123,82,4,32,87
201600000902,16,2,8,1600,1,6,1,3,4765749,208435,3,2,2,2,0,0,0,0,0,5,1,99,1,113,107,10,35,68
201600000907,16,10,27,1715,1,1,1,6,4765064,208609,3,2,2,0,1,1,6,10,1,0,1,99,1,175,128,5,64,106
201600000912,16,4,25,2030,2,2,1,3,4791557,158885,3,2,2,0,1,3,0,0,1,5,1,99,1,113,70,2,39,72
201600000915,16,6,8,115,3,1,1,7,4792726,167368,3,2,2,0,3,3,0,66,1,0,3,99,1,172,127,5,64,103
201600000918,16,2,3,630,3,1,1,7,4797721,183790,3,2,2,0,1,2,0,79,1,0,3,99,1,167,111,8,58,101
201600000920,16,4,8,1730,1,1,1,4,4794964,177578,3,2,2,0,1,1,0,75,1,0,1,0,1,167,140,5,51,111
201600000923,16,11,27,235,5,1,1,6,4801631,182544,3,2,2,0,1,1,0,58,1,0,1,99,1,117,81,6,48,63
201600000934,16,3,20,1545,1,1,1,7,4854748,204015,4,2,1,0,1,1,0,35,1,0,1,99,1,115,66,9,44,62
201600000950,16,1,30,430,3,1,8,6,4810856,152620,2,3,4,0,1,1,10,70,1,0,3,99,1,135,97,6,43,86
201600000956,16,3,2,130,3,1,2,7,4785308,128756,3,2,1,0,2,1,0,60,2,0,3,99,1,132,83,14,26,92
201600000958,16,2,17,2030,5,1,2,3,4795201,150829,3,2,1,0,2,1,0,49,2,0,1,99,1,98,69,4,36,58
201600000972,16,5,12,1245,1,6,1,6,4846797,250688,4,2,2,0,1,3,0,93,1,5,1,0,1,155,99,6,52,97
201600000978,16,8,10,1100,1,1,1,6,4849043,260603,4,2,2,0,4,2,0,45,1,0,3,0,1,112,73,9,46,57
201600000980,16,9,12,915,1,3,1,1,4843725,254107,3,2,2,0,1,1,0,63,1,5,1,99,1,149,105,3,42,104
201600000983,16,4,14,1600,1,2,3,3,4828195,281255,3,2,0,0,0,0,0,60,2,5,1,99,1,165,129,4,57,104
201600001010,16,12,9,1100,1,1,1,6,4858119,253456,4,2,2,0,1,1,76,0,2,6,1,99,1,204,146,10,66,128
201600001012,16,1,21,800,3,1,1,5,4839026,291249,3,2,2,0,2,1,80,80,1,0,1,99,1,176,136,5,55,116
201600001013,16,2,18,1615,1,1,1,3,4842538,274552,3,2,2,0,1,3,0,0,1,0,1,99,1,111,80,4,40,67
201600001014,16,3,6,845,1,1,9,5,4846604,275234,3,2,2,0,2,2,0,70,7,0,1,99,1,119,71,9,43,67
201600001017,16,6,19,1700,1,6,1,1,4846192,274155,4,2,0,0,1,1,0,65,1,5,1,3,1,127,85,10,41,76
201600001035,16,9,19,1715,1,1,1,6,4844767,208039,3,2,2,0,1,1,12,60,1,0,1,99,1,125,86,9,45,71
201600001041,16,12,20,1445,1,2,8,3,4848222,196177,3,2,2,0,1,1,0,0,2,5,1,99,1,134,123,15,31,88
201600001045,16,11,13,1645,1,2,1,3,4865163,235608,3,2,2,0,0,1,0,55,1,0,1,99,1,130,80,1,42,87
201600001047,16,2,9,1700,1,1,3,6,4856343,314834,4,2,2,0,1,1,0,0,2,0,1,0,1,129,96,1,43,85
201600001061,16,5,7,1100,1,1,1,3,4803193,426591,3,2,2,0,0,1,0,82,1,0,1,0,1,139,82,7,56,76
201600001075,16,10,19,1615,1,1,1,7,4809506,436303,4,2,0,0,2,1,0,42,1,0,1,0,1,158,123,5,59,94
201600001094,16,1,12,1445,1,6,2,1,4783508,418981,3,0,1,0,1,2,0,80,2,5,1,0,1,172,122,13,55,104
201600001110,16,10,26,1730,1,2,1,3,4840090,440578,4,0,0,0,0,0,0,0,0,5,1,0,1,126,74,5,37,84
201600001120,16,6,2,1630,1,2,1,4,4860716,451131,5,0,0,0,0,0,0,0,1,0,1,3,1,137,80,7,38,92
201600001126,16,1,4,1715,1,1,2,6,4853652,467467,4,0,2,0,1,1,0,40,2,0,1,0,1,145,96,7,47,91
201600001132,16,7,22,1630,1,1,1,1,4843718,457154,3,2,2,0,0,1,0,62,1,0,1,0,1,185,124,18,76,91
201600001139,16,10,25,1130,1,3,1,3,4855517,465179,4,0,0,0,0,1,0,68,2,0,1,0,1,145,97,4,49,92
201600001146,16,12,11,1830,3,1,2,3,4852125,467782,3,2,2,0,1,1,0,63,2,0,1,99,1,132,66,12,45,75
201600001151,16,10,20,1100,1,1,1,7,4824820,408408,6,0,0,0,0,0,0,0,1,0,1,0,1,164,107,4,55,105
201600001156,16,10,24,300,3,1,5,6,4826829,361674,3,2,2,0,2,1,57,92,2,5,3,99,1,157,105,8,57,92
201600001164,16,5,22,430,3,1,2,6,4812322,396689,4,2,2,0,0,2,0,60,2,0,3,0,1,135,62,8,45,82
201600001173,16,1,29,1830,4,1,1,6,4824618,448736,3,2,2,0,0,1,0,80,1,0,1,0,1,128,92,9,42,77
201600001212,16,6,5,715,1,1,1,6,4766276,280357,9,2,2,0,1,2,0,68,1,0,4,99,1,134,67,8,64,62
201600001222,16,12,18,1115,1,6,1,1,4769016,272813,3,1,0,0,1,0,0,0,1,0,1,99,1,142,81,6,62,74
201600001235,16,12,19,1330,1,9,1,6,4768594,213886,3,2,2,0,1,1,0,0,1,0,3,0,1,114,68,7,44,63
201600001238,16,8,1,1745,1,2,1,5,4757271,240481,3,2,2,0,1,1,0,350,1,5,1,0,1,112,79,8,38,66
201600001272,16,9,6,2045,2,1,1,6,4733176,318716,4,2,0,0,1,1,0,55,1,0,3,0,1,142,98,7,61,74
201600001298,16,1,26,615,3,1,2,6,4787055,221456,4,2,0,0,1,0,0,40,2,0,3,99,1,114,90,4,39,71
201600001326,16,11,5,1745,1,1,1,3,4812236,306614,3,2,0,0,0,1,0,60,1,0,1,99,1,163,116,3,56,104
201600001341,16,5,14,2015,1,1,1,5,4809034,356177,4,2,2,0,2,0,0,53,1,0,1,3,1,136,104,5,49,82
201600001365,16,3,31,1930,2,1,1,7,4905010,17040,3,2,2,0,1,1,0,0,1,0,1,99,1,158,93,5,43,110
201600001374,16,10,30,1530,1,1,1,7,4911860,18776,4,2,2,0,1,1,0,60,1,0,1,99,1,159,112,10,58,91
201600001389,16,8,23,1545,1,1,1,1,4922370,61361,3,2,2,0,1,3,0,53,1,0,1,99,1,126,107,12,45,69
201600001403,16,4,28,2140,5,6,1,2,4927300,68924,3,2,2,0,1,1,0,0,0,5,1,0,1,153,109,7,49,97
201600001450,16,2,24,1930,3,1,1,6,4913590,16164,3,0,3,0,1,1,0,0,1,0,1,99,1,101,80,5,31,65
201600001464,16,12,4,1700,3,1,1,6,4909900,12100,3,2,2,0,2,1,0,61,1,0,3,99,1,95,48,7,31,57
201600001495,16,3,22,2230,3,1,1,1,4896120,104665,3,2,2,0,1,2,0,0,2,0,1,0,1,120,109,6,47,67
201600001525,16,12,28,1145,1,1,7,6,4930160,125727,4,2,2,3,2,3,0,9,1,0,1,0,1,116,101,6,44,66
201600001530,16,4,7,830,1,1,4,3,4913750,96591,3,2,2,0,2,1,72,0,2,0,1,99,1,133,110,7,36,90
201600001592,16,2,16,2000,3,1,1,2,4856950,146601,2,3,4,0,1,1,32,70,1,0,1,0,1,105,91,7,41,57
201600001594,16,3,25,1700,1,1,1,5,4856140,150016,2,2,2,0,1,1,0,0,1,0,1,99,1,152,113,6,48,98
201600001660,16,1,2,1445,1,1,8,7,4621402,521732,3,2,3,0,2,1,11,139,2,0,4,99,1,145,118,5,48,92
201600001675,16,3,24,1655,1,1,1,3,4620222,521300,4,2,1,0,1,1,0,0,1,0,1,99,1,121,108,1,31,89
201600001686,16,5,17,1730,1,1,1,3,4618944,522718,4,2,2,0,1,1,0,0,1,0,1,99,1,165,131,4,50,111
201600001708,16,10,10,2035,5,2,1,3,4619072,519672,3,0,2,0,0,0,0,0,0,0,1,0,1,182,119,7,63,112
201600001781,16,11,12,345,3,1,1,6,4860425,63902,3,2,2,0,2,2,0,70,1,0,3,99,1,173,103,3,56,114
201600001808,16,11,2,1215,1,1,1,6,4837114,85804,3,2,2,0,1,2,0,60,1,0,3,0,1,150,116,5,48,97
201600001916,16,3,14,900,1,1,7,6,4732984,243614,4,0,0,0,1,1,0,0,1,0,1,99,1,102,72,5,34,63
201600001970,16,3,9,1515,1,1,2,3,4729400,52197,3,0,0,0,0,0,0,0,2,6,1,0,1,117,91,3,32,82
201600002049,16,4,23,1545,1,2,1,1,4713520,81260,3,2,2,0,0,3,50,0,1,5,1,99,1,117,87,10,49,58
201600002074,16,2,20,2345,3,1,2,6,4736077,8930,3,2,0,0,1,1,90,90,2,0,1,0,1,116,91,6,50,60
201600002086,16,11,29,1945,5,1,1,6,4738712,11575,4,2,2,0,1,1,0,0,1,0,1,99,1,163,139,1,50,112
201600002090,16,12,30,1645,1,1,1,6,4728631,5796,3,2,2,0,1,1,100,0,1,0,3,99,1,118,72,10,36,72
201600002339,16,5,9,1515,1,1,1,1,4647121,164927,3,2,2,0,0,1,0,72,1,2,1,99,1,146,74,7,48,91
201600002396,16,3,21,830,1,1,1,3,4674346,143457,4,2,0,0,1,1,0,65,1,0,1,0,1,91,70,1,37,53
201600002504,16,1,25,745,2,1,1,6,4645406,130455,3,2,0,0,2,1,0,50,1,0,1,99,1,128,95,3,34,91
201600002913,16,3,28,1445,1,1,1,1,4358091,145666,9,0,0,1,0,1,0,30,1,0,0,99,1,77,53,5,23,49
201500000002,15,6,6,2045,1,1,1,1,5054878,291778,3,2,2,0,1,3,0,75,1,0,1,99,1,137,88,8,71,58
201500000006,15,1,28,2015,3,1,1,3,5060813,286792,3,2,2,0,1,1,0,65,2,0,1,99,1,97,64,8,29,60
201500000020,15,1,16,2315,3,1,2,5,5089600,223800,3,2,2,0,0,1,0,75,2,0,1,99,1,127,111,8,41,78
201500000021,15,6,5,1445,1,2,1,3,5097700,231400,3,2,2,0,1,1,0,64,1,5,1,99,1,191,128,15,80,96
201500000024,15,8,2,1645,1,1,1,1,5083400,221000,3,2,2,0,3,2,0,72,1,0,1,99,1,135,69,10,65,60
201500000025,15,10,25,1815,5,1,1,7,5094900,219900,3,2,0,0,0,1,0,50,1,0,1,0,1,115,60,11,47,57
201500000027,15,11,10,1230,1,1,1,1,5086200,221000,3,2,2,0,1,1,0,75,1,0,1,99,1,129,95,10,47,72
201500000044,15,5,14,600,2,1,1,6,5068342,237481,3,2,1,0,2,4,0,78,1,0,3,99,1,104,63,8,42,54
201500000056,15,1,12,800,5,1,1,6,5075500,264300,3,2,0,0,1,1,0,0,1,6,1,99,1,107,66,6,33,68
201500000059,15,4,28,1445,1,1,7,3,5065600,276400,3,2,2,0,1,1,0,0,1,0,1,99,1,70,51,2,25,43
201500000062,15,11,2,945,1,1,5,3,5064100,272200,4,2,2,0,1,1,0,50,1,0,1,99,1,137,112,8,53,76
201500000063,15,11,17,745,1,1,1,1,5067700,268400,3,2,2,0,1,1,0,50,2,0,1,99,1,82,66,6,27,49
201500000074,15,6,19,1000,1,1,1,3,5079349,244123,3,2,2,0,1,4,0,60,1,0,1,99,1,142,111,10,57,75
201500000082,15,6,13,1756,1,8,1,3,5061924,321996,4,2,2,0,1,1,0,28,9,5,1,99,1,111,74,8,44,59
201500000092,15,5,5,1200,1,1,6,2,5066572,300818,3,2,2,2,1,1,0,69,2,0,1,99,1,87,67,2,30,55
201500000093,15,5,22,1100,1,1,1,1,5069039,299471,4,2,2,0,1,4,0,40,1,0,1,99,1,131,80,5,57,69
201500000098,15,2,7,1415,1,1,1,3,5032400,351500,5,2,1,0,1,1,0,68,1,0,1,0,1,93,39,8,41,44
201500000099,15,5,12,2300,3,1,1,5,5032819,359317,3,3,4,0,1,1,17,73,1,0,1,0,1,108,68,6,59,43
201500000100,15,7,3,2230,3,1,1,7,5033156,362081,3,2,2,0,1,1,0,60,1,0,1,0,1,149,84,11,67,71
201500000107,15,5,16,1930,1,1,1,1,5018664,395175,2,2,2,0,1,1,0,54,1,0,1,0,1,92,59,3,35,54
201500000109,15,7,27,445,3,1,2,1,5014390,394777,2,2,2,0,1,1,0,90,2,0,1,0,1,106,82,6,47,53
201500000116,15,3,6,1530,1,1,1,6,4999663,403724,3,2,2,0,1,1,0,72,1,0,1,99,1,98,76,9,33,56
201500000117,15,3,27,1330,1,1,1,6,4997217,408481,3,2,2,0,1,2,0,64,1,0,3,0,1,104,73,4,40,60
201500000139,15,8,4,115,5,1,1,6,5009775,354198,3,2,2,0,1,3,0,68,1,0,4,99,1,116,66,7,45,64
201500000153,15,2,14,1730,1,1,2,6,5008212,332218,3,2,2,0,1,3,0,68,2,0,3,99,1,129,70,7,32,90
201500000156,15,8,20,1415,1,2,1,3,5013471,300647,3,2,2,0,2,1,0,70,1,0,1,0,1,116,78,6,48,62
201500000169,15,3,22,1830,1,1,1,1,5027909,311020,4,2,0,0,0,3,0,0,1,0,1,99,1,82,52,5,38,39
201500000174,15,11,20,815,2,1,2,1,5032100,313300,3,2,2,0,1,1,0,56,2,0,1,99,1,158,108,7,61,90
201500000175,15,11,25,1745,5,1,2,7,5028700,310700,4,2,0,0,1,2,0,85,2,0,1,99,1,105,81,7,38,60
201500000176,15,12,31,1345,1,1,1,3,5030800,321000,3,2,2,0,1,1,0,52,1,0,1,0,1,87,36,9,29,49
201500000185,15,4,14,30,3,1,1,7,5029773,386243,3,2,0,0,1,3,0,47,1,0,3,0,1,117,93,7,45,65
201500000191,15,1,7,1200,1,1,1,3,5090800,308200,3,2,2,0,1,1,0,63,1,0,1,0,1,89,56,6,24,59
201500000193,15,3,1,615,2,1,2,3,5038602,225198,3,2,4,3,1,1,182,0,2,5,1,99,1,85,50,14,34,37
201500000194,15,4,19,430,3,1,1,6,5033404,263188,3,2,2,0,1,1,0,72,1,0,1,0,1,99,58,9,41,49
201500000196,15,2,6,2130,3,1,1,5,5076238,163572,1,1,4,0,0,1,0,0,1,0,1,0,1,82,55,6,30,46
201500000203,15,4,5,2100,3,1,1,1,5008088,301845,3,2,2,0,0,3,0,0,1,0,1,0,1,102,47,12,45,45
201500000204,15,6,27,1845,1,1,1,7,5012807,278359,4,2,2,0,1,1,0,0,1,0,1,99,1,124,58,10,50,64
201500000205,15,10,16,415,3,1,2,6,5010210,289122,3,2,2,0,0,1,0,72,2,0,3,0,1,142,107,5,65,72
201500000206,15,11,3,1645,2,1,1,3,5010687,280805,3,2,2,0,1,1,0,52,1,0,1,0,1,117,78,10,43,64
201500000208,15,3,14,1500,1,1,1,7,5026079,266660,3,2,2,0,2,1,0,63,1,0,1,99,1,64,46,2,24,38
201500000209,15,5,26,1830,1,2,1,3,5018183,265780,3,2,2,0,1,1,0,67,1,5,1,0,1,110,81,10,40,60
201500000211,15,9,27,2145,3,1,1,1,5015024,257465,3,2,2,0,1,1,0,58,1,0,1,99,1,108,49,5,54,49
201500000212,15,12,17,900,1,1,1,1,5023204,263282,2,2,2,0,0,1,0,70,1,0,1,0,1,155,112,6,53,96
201500000213,15,6,7,1530,1,1,1,3,5015976,286168,3,2,2,0,1,3,0,0,1,0,1,0,1,143,73,8,77,58
201500000214,15,6,29,800,1,2,1,3,5015024,308158,3,2,2,0,1,1,0,60,1,0,1,99,1,142,112,3,58,81
201500000217,15,6,8,1745,1,1,1,3,5033880,273022,3,2,2,0,1,1,0,72,1,0,1,99,1,119,69,13,40,66
201500000218,15,6,28,945,1,3,1,3,5037620,280639,3,2,0,0,1,1,0,0,1,0,1,0,1,117,67,4,53,60