Num_Acc,an,mois,jour,hrmn,lum,int,atm,col,lat,long,catr,circ,nbv,vosp,prof,plan,lartpc,larrout,surf,infra,situ,env1,chance,sum,unscathed,killed,hospital,light
201500000220,15,8,12,615,2,6,1,3,5031524,268372,3,2,2,0,1,1,0,79,1,5,1,0,1,76,58,2,33,41
201500000223,15,1,11,1130,1,1,1,3,5021248,280650,3,2,2,0,1,1,0,65,1,0,1,0,1,70,43,7,35,28
201500000224,15,1,14,800,2,2,1,3,5026204,302261,3,2,0,0,1,1,0,80,1,5,1,99,1,108,75,6,47,55
201500000225,15,5,13,930,1,1,1,5,5029934,288737,3,2,2,0,3,1,0,60,1,2,1,0,1,116,83,6,39,71
201500000226,15,6,22,1700,1,1,2,6,5019966,287732,3,0,2,0,2,1,0,0,2,0,1,0,1,114,66,5,51,58
201500000227,15,7,22,1515,1,1,1,6,5015224,309104,3,2,2,0,1,1,0,80,1,0,3,99,1,112,79,4,51,57
201500000228,15,9,10,1445,1,3,7,3,5025144,295922,3,2,2,0,1,1,0,63,1,5,1,3,1,118,76,5,42,71
201500000229,15,9,25,730,1,1,1,1,5021328,306259,3,2,0,0,1,2,0,61,1,0,1,99,1,141,96,7,51,83
201500000231,15,12,21,1145,1,2,1,3,5026208,288531,3,2,2,0,0,1,0,0,1,5,1,99,1,108,83,4,39,65
201500000232,15,1,13,1530,1,1,2,3,5031221,298943,3,2,2,0,1,1,0,65,2,0,1,0,1,106,76,9,30,67
201500000233,15,3,15,945,1,1,2,7,5031078,306588,3,2,2,0,1,3,0,0,2,0,3,0,1,67,38,4,26,37
201500000234,15,3,28,815,1,1,1,7,5029031,295981,3,2,2,0,0,1,0,70,1,0,1,0,1,109,67,4,48,57
201500000235,15,5,25,1530,1,1,1,3,5033191,298517,3,2,0,0,1,1,0,70,1,0,1,3,1,65,34,1,39,25
201500000237,15,7,11,1530,1,1,1,7,5032252,293756,3,2,0,0,1,1,0,0,1,0,1,99,1,132,71,8,61,63
201500000238,15,8,22,1600,1,1,7,3,5031931,292912,3,2,2,0,0,1,0,61,0,0,1,0,1,109,73,7,55,47
201500000239,15,9,4,900,1,1,1,6,5032589,298131,3,2,2,0,1,1,0,85,1,0,1,3,1,99,68,6,36,57
201500000240,15,10,26,915,1,8,1,1,5031311,292941,3,2,2,0,1,1,0,92,1,4,1,99,1,93,68,9,36,48
201500000241,15,12,29,1630,1,1,1,2,5032869,300514,4,2,2,0,1,1,0,50,1,0,1,0,1,92,65,5,37,50
201500000243,15,5,15,845,1,2,1,3,5057209,235050,3,2,2,0,1,1,0,67,1,0,1,99,1,106,91,7,46,53
201500000245,15,6,12,730,2,1,2,6,5059006,251637,3,2,2,0,1,1,0,55,2,0,1,99,1,142,104,7,48,87
201500000246,15,6,15,1845,1,1,1,6,5061111,247597,4,2,2,0,1,1,0,64,1,0,1,99,1,105,76,4,38,63
201500000249,15,8,31,1500,1,2,2,3,5062724,245655,3,2,2,0,1,1,0,0,2,5,1,0,1,73,44,6,25,42
201500000250,15,10,9,2215,3,1,1,6,5056102,260473,3,2,2,0,1,1,0,0,1,0,1,0,1,160,94,6,64,90
201500000251,15,11,29,430,5,1,2,6,5059023,232550,3,2,2,0,3,1,0,65,2,0,1,0,1,65,43,12,32,21
201500000252,15,12,8,1815,5,1,2,1,5058894,232695,3,2,2,0,2,1,0,68,2,0,1,99,1,124,76,8,41,75
201500000253,15,2,13,1745,3,1,1,1,5055604,260884,3,2,2,0,2,3,0,78,1,0,1,0,1,84,48,8,33,43
201500000254,15,4,12,1545,1,2,1,3,5060542,269261,3,2,2,0,1,1,78,0,1,0,1,99,1,112,61,8,52,52
201500000255,15,4,30,1745,1,1,1,6,5065773,278650,4,2,2,0,1,1,0,54,1,0,3,99,1,104,87,3,41,60
201500000256,15,9,2,1515,1,1,1,7,5063978,281480,3,2,2,0,1,3,0,0,1,0,1,99,1,94,72,7,36,51
201500000257,15,1,15,1945,3,1,2,3,5066043,184302,3,2,2,0,1,1,0,64,2,0,1,0,1,99,73,3,39,57
201500000258,15,4,2,1630,1,1,1,6,5065263,188232,3,2,2,0,0,1,0,0,1,0,3,0,1,97,62,6,33,58
201500000259,15,7,1,1830,1,1,7,2,5066697,184069,4,2,2,0,2,1,0,0,1,0,1,99,1,130,107,7,44,79
201500000260,15,7,19,2030,1,1,7,1,5065899,170094,3,2,2,0,0,1,0,63,1,0,0,99,1,142,80,5,65,72
201500000261,15,7,28,315,3,1,1,6,5067102,191387,4,2,2,0,0,0,50,0,0,0,0,0,1,111,82,9,43,59
201500000262,15,8,7,600,1,1,1,7,5070174,182125,3,2,2,0,2,1,0,60,0,0,3,0,1,146,93,9,63,74
201500000263,15,9,6,1715,1,1,1,1,5067859,183109,3,2,0,0,4,1,0,70,1,0,1,0,1,132,90,7,57,68
201500000266,15,4,15,1830,1,1,1,3,5088373,166382,3,2,2,0,0,1,0,65,1,5,1,0,1,102,83,4,50,48
201500000267,15,10,22,745,2,3,1,1,5081283,160611,3,2,2,0,1,1,0,64,2,0,1,3,1,102,73,14,42,46
201500000268,15,11,26,700,5,1,8,6,5083147,175791,4,2,2,0,1,1,0,60,2,0,1,99,1,103,78,7,37,59
201500000269,15,1,17,230,5,1,4,6,5063153,159104,3,2,2,1,2,1,0,70,7,0,1,99,1,114,75,8,41,65
201500000271,15,4,6,2200,3,1,1,6,5041914,268400,4,2,2,0,2,0,0,50,1,0,1,99,1,88,59,8,42,38
201500000273,15,8,5,2030,1,1,7,7,5040670,263610,3,2,2,0,1,1,0,68,1,0,1,99,1,113,84,13,50,50
201500000274,15,9,13,2300,4,1,2,3,5043883,265640,3,3,4,0,1,1,30,140,2,0,1,0,1,106,64,7,49,50
201500000275,15,12,20,1500,1,1,1,5,5044234,264424,3,3,2,3,1,1,9,73,1,0,1,99,1,104,52,9,40,55
201500000276,15,1,2,1500,1,1,7,6,5050713,185031,3,2,2,0,0,3,72,0,1,0,3,0,1,74,52,4,33,37
201500000277,15,3,16,1200,1,2,1,3,5049719,181740,3,2,2,0,1,1,0,83,1,0,1,0,1,83,64,5,32,46
201500000279,15,7,5,2345,3,1,1,3,5064922,190464,3,2,2,0,1,1,0,70,1,0,1,99,1,121,50,11,62,48
201500000280,15,7,10,1545,1,1,1,3,5049908,169532,3,2,2,0,1,1,0,65,1,0,1,99,1,154,113,14,71,69
201500000281,15,8,19,2345,3,1,2,6,5049787,189200,3,2,2,0,1,1,0,43,2,0,1,0,1,64,39,5,31,28
201500000282,15,10,14,1145,1,1,1,6,5054656,193539,3,2,0,0,1,1,0,58,1,0,1,0,1,98,83,9,43,46
201500000283,15,1,30,145,3,1,1,6,5056563,162163,3,2,2,0,0,0,0,0,0,0,0,0,1,128,96,6,45,77
201500000285,15,8,26,1515,1,1,1,1,5056454,172606,3,2,2,0,2,1,0,0,1,0,1,0,1,93,59,4,36,53
201500000286,15,9,30,1530,1,1,1,2,5051828,163042,3,2,2,0,1,1,0,0,1,0,1,99,1,129,84,9,48,72
201500000287,15,10,1,1345,1,1,1,6,5051659,164229,4,2,2,0,1,1,0,0,1,0,1,99,1,132,108,9,48,75
201500000289,15,10,28,915,1,1,2,6,5054921,161872,3,2,2,1,1,1,0,0,2,0,1,0,1,107,74,6,42,59
201500000290,15,2,8,1500,1,1,1,6,5046706,190137,3,2,2,0,1,1,0,0,1,0,1,0,1,79,54,7,28,44
201500000291,15,2,12,1645,1,1,1,6,5034599,185577,3,2,2,0,1,1,60,60,1,0,1,99,1,92,65,6,31,55
201500000293,15,5,24,1445,1,3,1,1,5042787,202298,3,2,2,0,1,1,0,52,1,0,1,0,1,99,57,7,53,39
201500000295,15,10,6,1730,1,1,1,1,5039558,186705,4,2,0,0,1,3,0,60,1,0,1,0,1,127,93,4,49,74
201500000297,15,11,5,2130,3,1,2,6,5044296,207908,3,2,2,0,1,1,0,78,2,0,3,99,1,123,105,5,49,69
201500000298,15,2,3,1730,2,1,1,6,5065706,221730,4,2,2,0,1,1,50,0,1,0,1,99,1,62,45,0,24,38
201500000299,15,5,28,900,1,1,1,3,5058725,232988,3,2,2,0,1,1,0,0,1,0,1,0,1,134,98,4,48,82
201500000300,15,6,11,830,1,3,7,6,5063815,239665,3,0,2,0,1,1,0,0,1,0,1,0,1,139,97,5,52,82
201500000302,15,6,18,1845,1,1,1,1,5070905,234110,4,1,2,0,1,2,0,30,1,0,1,0,1,126,86,6,53,67
201500000303,15,7,2,1700,1,1,1,1,5063973,239581,4,1,0,0,1,1,0,0,1,0,1,0,1,130,97,7,49,74
201500000304,15,8,3,800,1,1,1,3,5063540,226013,4,2,2,0,1,0,0,0,1,0,1,0,1,94,59,7,27,60
201500000305,15,10,21,1830,2,9,2,6,5062989,224400,4,2,2,0,3,3,0,0,2,0,1,0,1,95,57,7,33,55
201500000306,15,7,25,1900,1,1,1,1,5088619,197221,3,2,2,0,1,1,0,80,1,0,1,99,1,155,107,11,64,80
201500000307,15,5,8,2215,3,1,1,1,5086433,207823,3,2,2,0,0,2,0,0,1,0,1,0,1,65,34,8,26,31
201500000310,15,2,15,2100,3,1,5,7,5059904,210126,3,2,2,0,3,2,0,0,2,0,1,0,1,67,50,4,28,35
201500000311,15,9,23,1515,1,1,1,2,5055301,225889,3,2,2,0,1,1,0,61,1,0,1,0,1,120,88,2,34,84
201500000313,15,7,6,1600,2,1,1,3,5058057,217973,3,2,2,0,0,2,0,0,1,0,1,0,1,115,87,6,42,67
201500000315,15,2,17,1400,1,1,1,1,5070374,199927,3,2,2,0,0,2,0,0,1,0,1,0,1,58,46,4,26,28
201500000316,15,2,26,1400,1,1,2,1,5040535,220519,3,2,2,0,1,1,0,63,2,0,1,0,1,63,50,4,26,33
201500000317,15,3,9,1200,1,1,1,6,5038884,223798,3,3,3,0,0,1,0,147,1,0,1,0,1,58,41,2,26,30
201500000319,15,5,17,600,2,7,1,6,5038248,233674,3,2,2,0,2,2,0,74,1,0,4,99,1,128,75,10,61,57
201500000321,15,6,26,1200,1,9,1,1,5047660,227821,3,2,2,0,2,1,0,70,1,0,1,99,1,146,108,7,70,69
201500000322,15,7,13,1500,1,1,2,1,5048132,236323,3,2,2,0,1,2,0,66,2,0,1,0,1,86,47,3,39,44
201500000323,15,7,15,845,1,1,2,6,5037554,230313,3,2,3,0,0,1,0,107,2,0,3,0,1,131,73,9,49,73
201500000325,15,2,10,1715,1,2,1,3,5034289,259200,3,2,2,0,1,1,0,36,1,5,1,0,1,69,43,8,29,32
201500000326,15,6,1,1930,1,1,1,6,5028194,251549,3,2,2,0,0,2,0,73,1,0,3,0,1,101,76,6,34,61
201500000328,15,7,8,1430,1,3,1,3,5024991,254923,4,2,2,0,2,3,0,50,1,0,1,0,1,96,65,8,41,47
201500000329,15,7,17,1515,1,2,1,3,5034841,256060,3,2,2,0,1,1,0,0,1,0,1,0,1,128,88,12,53,63
201500000332,15,10,15,1900,3,1,2,1,5035302,255348,4,0,0,0,0,0,0,0,2,0,0,0,1,80,67,7,31,42
201500000333,15,11,8,1645,1,1,1,6,5035016,258092,3,2,2,0,1,1,60,170,1,0,1,0,1,113,87,7,47,59
201500000336,15,6,3,1915,1,1,1,6,5027692,229557,9,0,1,3,0,1,0,33,1,6,1,0,1,111,68,1,45,65
201500000337,15,8,17,1845,1,1,1,3,5032485,228239,3,2,2,0,1,1,0,0,1,0,1,0,1,102,68,7,42,53
201500000339,15,11,28,930,1,1,1,1,5023572,222997,3,2,2,0,1,1,0,50,1,0,1,99,1,115,101,6,40,69
201500000340,15,1,4,2145,5,6,1,3,5000293,265187,4,0,0,0,0,0,0,0,1,0,1,0,1,63,39,6,26,31
201500000341,15,2,4,1430,1,1,1,6,5000321,265126,4,2,2,0,1,1,0,60,1,0,1,0,1,68,56,2,29,37
201500000342,15,3,18,1630,1,1,1,7,4999955,264815,4,2,0,0,1,1,0,55,1,0,1,99,1,102,66,5,42,55
201500000343,15,5,6,745,1,1,1,6,4999383,265245,9,0,0,0,1,1,0,20,1,6,1,0,1,123,82,5,47,71
201500000344,15,5,29,1645,1,1,1,6,5000323,265100,4,2,1,0,1,1,0,51,1,6,1,99,1,111,72,4,31,76
201500000346,15,8,1,345,3,9,1,6,4998152,257948,3,2,0,0,1,1,11,129,1,0,1,0,1,125,92,9,61,55
201500000348,15,10,30,1130,1,1,1,1,4999797,265018,4,0,1,0,1,1,0,50,1,0,1,99,1,141,90,14,59,68
201500000349,15,11,14,1315,1,1,1,6,5000423,265417,9,2,0,0,0,1,0,0,1,0,4,0,1,109,85,3,54,52
201500000350,15,12,14,745,2,3,1,3,5000100,264931,4,2,2,0,2,1,0,0,1,0,0,0,1,100,79,5,46,49
201500000372,15,10,31,1530,1,1,1,7,4949771,381862,4,2,2,0,1,0,0,37,1,0,1,99,1,137,107,8,54,75
201500000378,15,3,26,2315,3,1,2,6,4959457,391967,4,2,2,0,1,3,0,0,2,0,1,99,1,62,43,2,23,37
201500000385,15,4,21,715,1,9,1,1,4905431,320058,4,2,2,0,0,0,0,0,0,0,1,99,1,127,88,7,57,63
201500000389,15,1,6,1500,1,1,1,3,4897712,328837,4,1,1,0,1,1,0,57,1,0,1,99,1,96,64,2,36,58
201500000407,15,12,9,1445,1,1,1,6,4998672,345046,4,2,2,0,1,1,0,50,1,0,1,99,1,153,117,8,56,89
201500000414,15,5,4,1715,1,1,2,1,4938055,352309,4,2,2,0,2,4,0,0,2,0,1,99,1,76,64,2,30,44
201500000431,15,3,24,1700,1,1,1,6,4992454,409082,4,2,2,0,2,1,0,60,1,0,1,99,1,94,52,5,28,61
201500000436,15,4,17,1230,1,1,1,5,4941968,215318,2,2,2,0,1,1,0,90,0,2,1,0,1,80,82,1,36,43
201500000437,15,6,16,1300,1,1,1,1,4942127,204231,3,2,2,0,1,3,0,0,1,0,1,99,1,118,78,3,45,70
201500000439,15,8,28,2000,1,1,1,3,4946223,197735,3,2,2,0,3,1,0,67,1,0,1,0,1,125,76,13,51,61
201500000440,15,9,5,100,5,1,1,6,4940927,213559,4,2,2,0,1,3,0,0,1,0,4,99,1,96,38,3,46,47
201500000442,15,4,3,1145,1,1,1,7,4930406,206072,3,2,0,0,1,1,0,52,1,0,3,99,1,109,75,6,44,59
201500000450,15,5,30,900,1,1,1,1,4930606,194162,3,2,2,0,1,1,0,46,1,0,1,0,1,115,70,10,52,53
201500000451,15,6,9,900,1,9,1,1,4928873,196341,3,2,0,0,1,0,0,0,1,0,1,0,1,126,103,5,43,78
201500000452,15,6,30,745,1,1,1,3,4924619,171239,3,0,0,0,0,0,0,0,1,0,1,99,1,175,127,11,72,92
201500000453,15,8,10,1215,1,1,1,7,4928726,181959,4,2,2,0,0,1,0,0,1,0,1,99,1,113,98,6,45,62
201500000454,15,9,3,2300,5,6,1,6,4928751,180166,3,2,2,0,0,1,0,73,1,0,1,99,1,96,59,3,36,57
201500000456,15,1,1,1530,1,1,1,6,4953112,200311,3,2,0,0,2,1,0,73,1,0,4,0,1,71,26,6,29,36
201500000458,15,7,12,1515,1,1,1,6,4964549,172195,3,2,2,0,1,1,0,57,2,0,1,99,1,112,57,11,58,43
201500000460,15,8,13,845,1,1,1,6,4965202,175709,3,2,0,0,1,2,0,0,1,0,3,99,1,92,56,3,47,42
201500000462,15,4,16,1200,1,1,1,7,4923075,213792,4,2,0,0,2,1,60,0,1,0,1,0,1,101,75,3,41,57
201500000464,15,12,12,1900,3,1,2,1,4920929,212332,3,2,2,0,0,1,0,65,2,0,1,0,1,101,72,5,43,53
201500000466,15,2,21,1700,1,1,1,5,4933288,220300,3,4,1,0,2,1,0,50,2,0,1,99,1,100,70,7,43,50
201500000467,15,4,9,1800,1,1,1,1,4933401,219832,3,2,2,0,0,1,0,97,1,0,1,99,1,109,77,8,40,61
201500000468,15,5,1,1200,1,1,1,6,4929014,219730,3,3,2,0,1,1,0,95,1,0,1,99,1,88,56,6,36,46
201500000469,15,6,24,1100,1,1,1,6,4932598,220129,3,2,0,0,2,1,27,63,1,6,1,99,1,129,97,6,52,71
201500000471,15,8,18,1330,1,1,1,5,4935379,217772,3,2,2,0,1,1,0,60,1,0,1,0,1,72,54,6,25,41
201500000472,15,9,15,1915,2,1,1,1,4935020,222916,3,2,0,0,1,1,0,0,1,0,1,0,1,107,75,8,38,61
201500000474,15,11,19,1245,1,1,2,6,4925671,219668,4,2,2,0,2,3,0,40,2,0,3,99,1,105,83,2,33,70
201500000476,15,12,15,1615,1,1,8,1,4929892,225533,3,2,3,0,2,1,24,90,2,0,1,0,1,131,102,4,35,92
201500000479,15,2,1,1900,3,1,2,7,4962489,226530,3,2,2,0,1,1,0,0,2,0,1,0,1,71,39,7,24,40
201500000481,15,6,21,1745,1,1,1,6,4958169,208844,4,1,2,0,1,3,0,0,1,0,1,0,1,93,46,9,41,43
201500000482,15,9,16,1330,1,1,7,1,4952943,219208,3,2,0,0,2,1,0,70,1,0,1,0,1,106,76,5,34,67
201500000485,15,4,20,1000,1,9,9,5,4932324,244442,3,2,2,0,3,1,0,63,0,5,1,99,1,97,65,4,41,52
201500000488,15,7,9,1000,1,1,1,6,4933093,246117,4,1,1,0,1,3,0,30,1,0,1,99,1,149,99,8,56,85
201500000492,15,12,23,900,1,1,1,1,4934077,247737,3,0,0,0,0,0,0,0,0,0,0,0,1,91,59,5,40,46
201500000493,15,3,17,1015,1,8,7,1,4931214,232798,4,2,2,0,1,1,0,0,1,5,1,99,1,104,75,3,47,54
201500000494,15,3,25,845,1,9,8,3,4930113,234453,3,2,0,0,0,0,0,0,1,5,1,0,1,97,66,6,44,47
201500000496,15,5,27,1000,1,2,1,1,4932141,232301,3,3,2,0,1,0,0,0,1,5,1,99,1,117,82,4,46,67
201500000498,15,11,13,745,2,1,2,1,4929336,235764,3,2,2,0,1,1,0,60,2,0,1,99,1,118,98,8,46,64
201500000501,15,12,1,2045,5,1,1,3,4935791,233000,3,2,2,0,1,1,0,32,1,5,1,0,1,123,101,8,38,77
201500000503,15,6,17,1115,1,1,1,5,4950232,241044,3,3,0,0,1,1,0,70,1,5,1,99,1,129,83,6,45,78
201500000504,15,7,4,500,2,1,1,1,4953523,246129,3,2,2,0,1,1,67,0,1,0,1,0,1,133,81,5,68,60
201500000506,15,8,14,445,5,2,1,3,4955429,242524,3,2,1,0,0,1,0,61,1,0,1,0,1,127,97,6,60,61
201500000507,15,12,3,645,2,2,1,3,4945656,258310,3,2,2,0,0,1,0,52,1,0,1,0,1,135,93,8,42,85
201500000508,15,5,7,1230,1,1,1,1,4943926,284293,4,2,1,0,1,1,0,70,1,0,1,3,1,108,88,7,46,55
201500000510,15,1,25,315,3,1,1,6,4936748,277688,3,3,4,0,1,1,0,0,1,0,1,99,1,84,34,11,37,36
201500000511,15,1,26,2230,3,1,1,6,4934648,293013,3,2,2,0,1,2,0,0,1,0,1,99,1,96,57,3,33,60
201500000513,15,7,18,1745,1,1,1,6,4936715,299471,3,2,2,0,2,4,0,35,1,0,3,99,1,116,79,5,58,53
201500000514,15,7,23,745,1,1,1,2,4935794,276122,3,3,4,0,1,1,12,42,1,0,1,99,1,130,86,6,63,61
201500000515,15,11,16,1200,1,1,2,7,4935099,298555,3,2,2,0,2,2,60,0,2,0,1,99,1,91,71,4,33,54
201500000517,15,8,15,830,2,1,2,6,4940334,267145,2,2,2,0,1,1,0,0,2,0,3,0,1,96,65,8,37,51
201500000519,15,4,18,500,3,1,1,3,4958444,308700,3,2,2,0,0,1,0,0,1,0,3,99,1,124,77,9,54,61
201500000527,15,1,9,845,2,1,8,5,4921447,255764,3,2,2,0,1,1,0,40,2,0,1,99,1,95,59,3,34,58
201500000528,15,3,12,2030,5,1,1,6,4920022,257842,4,1,0,0,1,1,0,0,1,0,1,0,1,84,68,6,30,48
201500000530,15,6,10,1145,1,1,1,1,4920365,259470,3,2,2,0,4,1,0,30,1,0,1,99,1,133,105,6,59,68
201500000534,15,5,23,815,1,1,1,3,4918228,223475,3,2,1,0,1,2,0,0,1,0,1,0,1,112,77,11,49,52
201500000536,15,8,21,1915,1,1,1,1,4916152,223582,3,2,2,0,2,3,0,0,1,0,1,99,1,146,86,9,71,66
201500000537,15,9,7,1715,1,1,1,1,4917106,228652,3,2,2,0,1,2,0,0,1,0,1,0,1,137,91,5,48,84
201500000539,15,9,26,700,2,1,1,1,4922813,222668,3,2,3,0,1,1,0,0,1,0,1,99,1,153,80,12,79,62
201500000543,15,5,2,200,3,6,1,7,4922285,246770,3,3,4,0,1,1,0,101,1,5,1,0,1,115,69,8,47,60
201500000547,15,11,7,400,3,6,2,7,4922073,246706,3,1,0,0,1,1,0,0,2,5,1,99,1,123,72,10,43,70
201500000548,15,12,26,1100,1,6,1,1,4919291,246331,3,0,0,0,0,0,0,0,0,0,0,0,1,106,73,5,41,60
201500000552,15,4,11,1415,1,1,8,2,4911775,271118,2,2,0,0,0,1,0,71,1,0,1,99,1,122,92,2,50,70
201500000554,15,5,9,1200,1,1,1,7,4910227,274434,2,3,2,0,0,1,0,0,1,0,2,0,1,91,54,5,43,43
201500000559,15,2,19,1645,1,1,1,6,4930950,272941,4,1,1,0,1,1,0,0,1,0,1,3,1,96,56,6,36,54
201500000560,15,4,7,830,1,1,1,6,4930010,259736,4,2,1,0,1,1,0,0,1,5,1,99,1,103,74,4,43,56
201500000563,15,10,2,1600,1,1,1,6,4929441,260112,4,2,0,0,3,3,0,0,1,0,1,0,1,140,108,7,49,84
201500000564,15,3,7,1500,1,1,1,3,4951300,99513,3,2,2,0,1,1,0,100,1,0,1,0,1,97,66,8,38,51
201500000568,15,7,20,600,2,1,2,2,4949164,101455,3,2,2,0,1,1,0,97,2,0,1,0,1,127,80,9,42,76
201500000569,15,12,11,2200,3,1,2,1,4944710,97654,3,2,3,0,0,2,0,105,2,0,0,0,1,150,99,6,62,82
201500000576,15,2,5,1800,1,1,1,6,4986558,114947,3,2,2,0,1,1,0,60,1,0,1,0,1,93,44,9,33,51
201500000577,15,4,1,1745,1,1,1,1,4990206,123098,3,2,0,0,0,3,0,45,1,0,1,0,1,86,67,2,38,46
201500000580,15,7,16,1130,1,1,1,6,4993977,118478,3,2,2,0,1,1,0,0,1,0,4,99,1,100,65,9,44,47
201500000581,15,8,8,1630,1,1,1,1,4986833,127423,3,2,2,0,1,3,0,0,1,0,1,0,1,141,87,12,61,68
201500000582,15,8,23,2030,2,1,7,1,4987983,121755,3,2,0,0,0,1,0,0,1,0,1,0,1,98,68,11,44,43
201500000585,15,8,16,1915,1,1,1,6,4986733,95644,4,2,2,0,1,2,0,0,1,0,1,0,1,96,70,6,52,38
201500000586,15,10,10,2130,5,1,1,1,4979552,90552,3,2,2,0,0,3,0,60,1,0,1,0,1,134,82,8,56,70
201500000588,15,1,31,715,3,1,4,6,4967582,103332,2,3,2,0,1,3,0,0,5,0,1,99,1,116,84,8,35,73
201500000590,15,6,14,1615,1,1,1,6,4978433,123080,4,2,2,0,1,2,0,36,1,0,1,0,1,93,64,7,39,47
201500000591,15,6,23,1000,1,1,1,6,4963004,120114,3,2,2,0,1,1,0,0,1,0,3,0,1,118,92,2,40,76
201500000592,15,7,7,1715,1,2,1,3,4971908,109998,3,2,0,0,2,1,0,48,2,0,1,99,1,158,111,6,63,89
201500000593,15,9,19,1445,1,1,1,1,4961913,118121,3,2,2,0,1,1,35,32,1,0,1,99,1,130,87,6,60,64
201500000595,15,4,10,1030,1,1,1,3,4939441,118687,3,2,2,0,1,1,0,94,1,0,1,0,1,126,85,9,43,74
201500000603,15,10,12,2230,5,1,1,1,4948152,87444,3,2,2,0,2,3,0,60,0,0,1,0,1,97,61,3,26,68
201500000605,15,10,18,230,5,1,1,6,4946940,85790,3,2,2,0,1,1,0,69,2,0,0,99,1,83,40,8,36,39
201500000606,15,10,20,1100,1,2,2,3,4949310,87421,3,2,2,0,1,1,0,70,2,0,1,99,1,79,64,3,28,48
201500000608,15,12,27,700,5,1,1,6,4950438,91855,3,2,2,0,1,1,0,0,1,0,4,99,1,96,58,9,40,47
201500000611,15,4,23,730,1,1,1,1,4960066,20620,3,2,2,0,2,3,0,55,1,0,1,0,1,99,65,3,53,43
201500000616,15,7,31,815,1,1,1,2,4965920,41107,3,2,2,0,1,1,0,60,1,0,1,0,1,124,73,13,42,69
201500000617,15,8,11,1415,1,1,8,3,4965822,19459,3,2,2,0,1,1,0,73,2,0,1,99,1,114,70,7,51,56
201500000619,15,9,11,2015,2,1,1,1,4958962,29595,3,2,2,0,1,1,0,46,1,0,1,99,1,140,109,2,69,69
201500000620,15,10,4,1500,1,1,1,1,4958961,31850,3,2,0,0,3,2,0,0,1,0,1,0,1,94,65,6,40,48
201500000621,15,10,13,1800,1,2,1,3,4962747,39773,3,2,2,0,1,1,0,0,1,5,1,3,1,110,92,5,37,68
201500000623,15,12,13,1345,1,2,1,3,4965374,40254,3,2,2,0,1,1,0,65,1,0,1,99,1,93,39,2,47,44
201500000625,15,5,10,1745,1,2,1,3,4967303,59502,3,2,2,0,1,1,0,119,1,0,1,0,1,127,84,9,63,55
201500000630,15,8,6,1300,1,1,1,3,4967747,54519,4,2,2,0,0,1,0,0,9,0,1,0,1,98,58,4,35,59
201500000631,15,8,9,530,2,3,5,3,4956442,60024,3,2,2,0,1,1,0,104,1,0,1,0,1,91,69,11,38,42
201500000634,15,10,11,1745,1,2,1,3,4964477,63762,3,2,2,0,1,1,0,0,1,0,1,0,1,100,58,7,51,42
201500000635,15,11,4,1800,3,1,2,3,4966292,59329,3,2,2,0,1,1,0,80,2,0,1,0,1,148,123,8,54,86
201500000636,15,11,24,945,1,2,2,3,4964477,63761,3,2,2,0,1,1,0,50,2,0,1,99,1,98,69,6,37,55
201500000638,15,12,2,1900,5,2,1,3,4957860,54145,3,2,2,0,1,1,0,58,1,0,1,99,1,122,97,11,43,68
201500000641,15,10,3,1430,1,1,1,3,4948056,45404,3,2,3,0,0,1,0,0,1,0,1,0,1,144,94,14,56,74
201500000647,15,3,8,1215,1,3,1,3,4983382,150224,3,2,2,0,3,1,0,0,1,0,1,99,1,91,46,5,44,42
201500000648,15,3,21,600,3,1,5,7,4974986,157585,3,2,2,0,2,2,0,73,1,0,3,0,1,84,50,8,30,46
201500000650,15,1,19,2315,3,1,1,7,4991068,161433,3,2,2,0,4,1,0,0,1,0,1,99,1,124,94,5,44,75
201500000652,15,3,13,1630,1,1,1,6,4977403,175208,4,2,2,0,1,1,0,0,1,0,1,0,1,105,85,9,34,62
201500000653,15,4,29,1430,1,1,1,6,4975226,166559,3,2,2,0,1,1,0,78,1,0,1,99,1,86,68,5,30,51
201500000660,15,6,20,1600,1,2,1,3,4966274,167472,3,2,2,0,1,1,0,0,1,0,1,0,1,117,91,7,62,48
201500000666,15,12,28,1745,5,1,1,6,4948176,172432,4,2,0,0,1,1,0,0,1,0,1,99,1,82,54,6,35,41
201500000667,15,12,5,1815,3,1,1,6,4964324,129759,3,2,2,0,0,2,0,0,1,0,1,0,1,125,89,6,52,67
201500000677,15,4,26,1515,1,2,1,5,4979480,66293,3,2,2,0,1,2,0,66,1,0,1,99,1,97,46,12,43,42