Num_Acc,an,mois,jour,hrmn,lum,int,atm,col,lat,long,catr,circ,nbv,vosp,prof,plan,lartpc,larrout,surf,infra,situ,env1,chance,sum,unscathed,killed,hospital,light
201500000680,15,8,30,1715,1,3,1,3,4986272,79030,3,2,2,0,2,2,0,0,1,0,0,0,1,120,60,14,60,46
201500000681,15,11,12,1800,3,1,1,3,4984984,61336,3,2,2,0,1,1,0,0,1,0,1,0,1,108,83,10,31,67
201500000684,15,4,8,1200,1,1,1,7,4977097,41540,4,1,1,0,1,1,0,30,1,0,1,0,1,118,85,3,53,62
201500000689,15,12,22,1800,3,1,2,7,4975068,51603,3,2,2,0,2,3,0,62,2,0,1,99,1,95,72,10,37,48
201500000701,15,3,31,700,2,1,6,2,4895744,95730,3,2,2,0,1,1,0,70,2,0,1,99,1,83,57,2,29,52
201500000708,15,9,1,900,1,1,1,1,4898753,90588,4,2,2,0,1,2,0,30,2,0,1,99,1,115,86,6,39,70
201500000716,15,5,21,1215,1,3,1,3,4889631,140435,3,2,0,0,0,3,0,0,1,0,1,0,1,109,91,8,46,55
201500000717,15,5,31,500,2,8,1,6,4894838,120284,3,2,2,0,0,3,0,5,1,4,1,0,1,99,46,5,42,52
201500000721,15,10,23,800,1,1,1,6,4889654,117061,3,2,2,0,1,1,0,6,1,0,1,0,1,180,95,47,63,70
201500000723,15,1,10,1800,5,3,1,6,4901858,138112,3,2,0,0,2,1,0,0,2,5,1,0,1,93,56,5,37,51
201500000726,15,6,4,1615,1,6,1,3,4901415,138559,3,1,2,0,1,3,0,0,1,5,1,0,1,135,76,13,53,69
201500000728,15,9,17,1015,1,1,1,7,4901278,135154,2,1,2,3,1,1,0,0,1,0,3,0,1,91,89,2,27,62
201500000735,15,2,25,1600,1,1,1,7,4922523,140563,4,2,2,0,1,1,5,0,2,1,1,0,1,82,53,2,36,44
201500000738,15,9,18,1700,1,3,1,3,4924558,143079,4,2,0,0,1,1,0,7,2,0,1,0,1,143,90,8,46,89
201500000739,15,9,22,1630,1,1,8,6,4924339,140293,3,2,1,0,1,2,10,7,2,0,1,0,1,99,71,4,45,50
201500000745,15,1,18,1000,1,1,5,6,4940100,148213,3,2,2,0,0,0,65,0,1,0,1,0,1,61,23,3,23,35
201500000755,15,5,20,1745,1,1,1,1,4935637,161633,4,2,0,0,1,2,0,5,1,0,1,0,1,124,74,7,54,63
201500000768,15,8,29,2315,3,1,1,6,4913481,73771,4,2,2,0,2,1,0,5,1,0,3,0,1,98,67,10,46,42
201500000770,15,2,24,2200,3,1,1,6,4912092,117641,3,2,2,0,4,3,0,7,1,0,3,0,1,82,60,4,29,49
201500000771,15,3,23,730,1,1,1,2,4916918,117187,2,3,4,0,1,2,350,14,1,0,1,0,1,81,62,3,38,40
201500000785,15,7,24,1500,1,1,1,3,4918269,125726,3,2,0,0,1,1,0,6,1,0,1,0,1,111,79,7,36,68
201500000787,15,10,27,1700,1,1,1,7,4907644,124129,3,2,2,0,1,1,0,6,1,0,1,0,1,129,89,14,42,73
201500000793,15,3,5,1715,1,1,1,2,4928945,120008,3,2,2,0,3,1,0,7,1,0,1,0,1,89,56,6,33,50
201500000803,15,12,18,730,1,1,1,6,4909721,102179,3,2,0,0,1,1,0,0,1,0,1,0,1,134,106,2,57,75
201500000804,15,3,19,1630,1,1,2,7,4934993,35032,3,2,2,0,1,2,0,440,1,0,1,0,1,82,53,5,19,58
201500000812,15,9,21,830,1,2,1,6,4924339,140293,3,2,2,0,1,1,0,590,1,0,1,0,1,134,96,6,54,74
201500000815,15,11,21,1915,3,3,1,6,4935362,51684,4,0,0,0,0,0,0,0,0,0,0,0,1,92,61,7,41,44
201500000816,15,11,22,1315,1,3,1,3,4935339,38065,3,2,2,0,1,1,0,4,1,0,1,0,1,86,43,4,37,45
201500000818,15,12,4,1230,1,8,1,6,4935306,51215,3,2,1,0,1,1,0,0,1,4,1,0,1,135,85,4,56,75
201500000827,15,6,2,1615,1,1,1,3,4828319,172789,3,2,2,0,1,2,0,72,1,0,1,0,1,108,86,5,45,58
201500000831,15,12,24,1615,2,1,8,1,4826964,162113,4,2,1,0,3,1,0,31,2,0,1,99,1,97,63,9,40,48
201500000841,15,10,8,800,1,1,1,1,4818354,219787,3,2,0,0,0,0,0,60,1,0,1,99,1,101,78,6,30,65
201500000847,15,10,29,900,1,1,1,5,4810850,203600,3,2,0,0,1,1,0,0,2,0,1,0,1,77,53,1,34,42
201500000852,15,7,30,1045,1,9,1,2,4809676,175946,2,3,4,1,3,1,10,60,0,0,1,0,1,78,66,4,24,50
201500000857,15,11,1,1230,1,2,1,3,4807840,184384,4,2,2,0,1,1,0,59,1,5,1,99,1,99,46,9,46,44
201500000859,15,12,25,1345,1,1,1,6,4803554,183197,3,2,2,0,1,1,65,0,1,0,3,0,1,54,33,10,20,24
201500000867,15,11,23,1245,1,1,7,1,4842516,122802,3,2,0,0,1,1,0,65,1,0,1,99,1,99,79,4,35,60
201500000870,15,12,6,1830,2,1,2,6,4833863,115756,2,2,2,0,1,1,0,70,2,6,1,3,1,117,63,10,43,64
201500000876,15,2,11,1030,1,2,1,6,4841053,136593,4,2,2,0,1,1,0,60,1,0,1,0,1,88,62,4,31,53
201500000884,15,9,28,900,1,1,1,1,4844702,124921,3,2,2,0,0,1,0,101,1,0,1,99,1,117,91,8,48,61
201500000889,15,3,3,915,1,2,1,2,4771446,198183,3,2,0,0,2,1,0,0,1,0,1,0,1,56,36,3,22,31
201500000899,15,9,8,1700,1,2,7,3,4789321,150316,3,2,2,0,1,1,0,0,1,0,1,99,1,114,81,6,37,71
201500000908,15,4,24,2115,3,1,2,1,4792139,174271,3,2,1,0,1,2,0,0,2,0,1,99,1,125,84,4,54,67
201500000923,15,1,3,1445,1,1,2,7,4855302,156546,3,2,2,0,1,3,0,64,2,0,3,0,1,80,43,5,29,46
201500000928,15,9,24,2200,3,1,1,3,4860349,171689,3,2,2,0,1,1,0,0,1,0,1,99,1,131,86,5,53,73
201500000934,15,8,25,1515,1,1,1,6,4857873,205744,4,1,0,0,0,3,0,44,1,0,4,99,1,101,68,3,46,52
201500000935,15,1,29,1930,2,1,2,5,4809130,120488,3,2,0,0,0,1,0,60,2,0,1,0,1,95,61,3,29,63
201500000938,15,5,11,1745,1,1,1,2,4810534,120733,3,1,0,0,1,3,0,0,1,0,1,0,1,108,75,9,40,59
201500000941,15,7,29,1400,1,1,1,1,4808369,124591,3,2,2,0,0,1,0,70,1,0,1,99,1,107,66,8,49,50
201500000947,15,10,24,1915,2,1,8,1,4821111,118266,4,2,2,0,2,1,0,61,1,0,1,99,1,95,51,4,41,50
201500000948,15,11,27,1915,3,1,2,1,4800023,120119,3,2,2,0,1,1,0,75,2,0,1,0,1,137,88,8,47,82
201500000952,15,1,27,1530,1,1,8,3,4811160,138699,3,2,0,0,0,0,0,0,0,0,0,0,1,85,49,10,29,46
201500000967,15,10,19,1500,1,1,1,7,4794705,130401,4,2,2,0,1,2,0,0,9,0,3,0,1,107,61,3,48,56
201500000968,15,11,9,2100,3,1,1,6,4792941,123621,3,2,2,1,1,1,0,70,1,0,1,0,1,102,69,7,39,56
201500000990,15,12,30,830,2,1,1,6,4846077,251093,4,2,2,0,1,1,0,85,1,6,1,3,1,87,53,5,30,52
201500001011,15,2,23,1715,1,1,4,7,4843411,281742,3,3,4,0,1,1,20,72,2,0,1,0,1,80,41,8,29,43
201500001012,15,3,10,200,3,1,1,6,4845083,275215,3,3,0,0,1,1,11,80,1,0,1,0,1,62,42,5,20,37
201500001014,15,7,21,1700,1,1,7,6,4840785,281734,3,2,0,0,0,2,0,0,1,6,1,0,1,135,66,2,50,83
201500001020,15,11,18,1900,3,1,1,1,4838562,283668,3,2,2,0,1,2,0,77,1,0,1,99,1,124,94,5,39,80
201500001021,15,12,16,2000,5,3,1,3,4838368,291936,4,2,2,0,1,1,0,0,1,5,0,0,1,133,92,7,35,91
201500001024,15,10,7,1800,1,3,1,3,4844482,220204,3,2,0,0,4,1,0,57,1,0,1,0,1,79,62,5,29,45
201500001030,15,2,16,930,1,4,3,3,4862497,235696,3,2,2,0,1,3,0,0,2,0,1,99,1,76,46,7,29,40
201500001036,15,7,14,1230,1,1,1,6,4861936,234699,3,2,2,0,2,3,27,75,1,0,1,99,1,127,70,13,63,51
201500001051,15,3,20,1515,1,1,1,3,4805946,466106,3,0,2,0,0,1,0,0,1,0,1,0,1,122,103,6,51,65
201500001060,15,2,22,1700,1,1,2,1,4808166,433096,3,2,2,0,2,3,0,78,2,0,1,0,1,74,39,4,33,37
201500001072,15,5,3,1600,1,1,3,6,4787728,404745,3,2,2,0,1,4,0,90,2,0,3,99,1,89,38,6,26,57
201500001074,15,5,18,1000,1,1,1,3,4787712,410661,3,2,2,0,2,1,0,75,1,0,0,0,1,106,76,9,39,58
201500001077,15,9,12,1415,1,1,1,7,4789322,409261,3,2,2,0,1,1,0,0,1,0,1,0,1,117,55,8,49,60
201500001101,15,10,17,1145,1,1,1,6,4860500,435400,3,2,2,0,4,2,0,65,1,0,3,0,1,109,61,8,35,66
201500001114,15,10,5,1045,1,1,2,3,4852983,445232,3,2,0,0,0,3,0,0,2,0,1,0,1,111,79,4,39,68
201500001126,15,11,6,815,2,1,2,6,4854056,464866,9,2,0,0,2,1,0,69,2,0,1,0,1,167,128,15,65,87
201500001135,15,7,26,700,1,1,3,1,4828240,425285,3,2,2,0,1,1,0,71,2,0,1,0,1,116,76,7,57,52
201500001153,15,2,27,1600,1,1,1,1,4821934,432628,4,2,2,0,1,1,0,60,1,0,1,0,1,93,63,4,39,50
201500001154,15,3,30,1315,1,1,1,6,4824773,443121,3,2,0,0,0,1,0,114,1,0,1,0,1,87,52,3,27,57
201500001165,15,1,22,1615,1,6,1,6,4852183,371811,3,2,2,0,2,1,0,0,1,0,1,0,1,73,42,8,23,42
201500001176,15,1,21,1700,1,2,2,3,4853411,389835,4,2,2,0,1,1,0,70,2,0,1,0,1,84,63,0,32,52
201500001224,15,1,20,830,2,1,2,6,4767171,296156,4,2,2,0,1,1,0,41,1,0,1,3,1,94,63,5,32,57
201500001248,15,4,27,815,1,6,1,1,4807760,229033,4,1,2,0,1,2,0,80,1,5,1,3,1,100,51,5,38,57
201500001307,15,2,28,2050,3,1,2,6,4906960,12324,3,2,2,0,2,2,0,30,2,0,3,0,1,99,47,7,59,33
201500001310,15,1,5,1545,1,1,1,6,4926620,40294,3,2,2,0,1,1,0,58,1,0,1,0,1,61,42,3,28,30
201500001320,15,1,8,1845,3,1,6,1,4910950,48840,3,2,2,1,1,1,0,60,2,0,1,99,1,94,64,7,26,61
201500001328,15,9,29,1915,2,1,1,6,4919730,45112,4,2,2,0,1,1,0,80,1,0,1,0,1,131,98,6,52,73
201500001335,15,12,10,1900,5,1,1,6,4911840,17692,3,2,2,0,1,1,0,50,1,0,1,99,1,106,71,11,33,62
201500001351,15,4,25,1130,1,1,1,6,4927620,69436,6,0,0,0,2,1,0,65,1,0,1,99,1,104,65,9,40,55
201500001390,15,9,9,2130,3,1,1,7,4911120,10889,3,2,2,0,1,1,0,31,1,0,1,99,1,115,96,3,50,62
201500001444,15,4,4,1815,3,3,5,6,4902820,114439,3,2,2,0,1,3,0,0,1,5,3,99,1,104,68,8,47,49
201500001445,15,4,13,1630,1,1,1,6,4896020,116767,3,2,2,0,1,1,0,64,1,0,1,99,1,115,79,5,44,66
201500001451,15,6,25,1200,1,1,1,2,4872920,236738,4,1,2,0,1,1,0,0,1,0,1,99,1,142,98,8,55,79
201500001460,15,8,27,2025,5,1,3,7,4873970,236432,1,3,2,0,1,1,0,93,2,0,1,99,1,123,68,6,47,70
201500001489,15,9,20,345,3,1,1,7,4875830,129045,3,2,2,0,2,2,70,60,1,0,1,0,1,118,86,6,62,50
201500001496,15,1,23,1215,1,1,1,1,4872210,111501,3,2,2,0,4,1,0,60,1,0,1,0,1,103,66,6,36,61
201500001512,15,11,30,1200,1,1,6,6,4946650,163739,3,2,2,0,2,1,0,69,1,0,1,0,1,124,91,8,46,70
201500001545,15,1,24,445,5,6,3,6,4921220,152871,3,2,2,0,1,0,0,0,2,5,1,99,1,111,85,6,38,67
201500001561,15,2,2,1145,1,1,1,4,4856480,109484,3,2,2,0,3,1,0,0,1,0,1,0,1,76,50,4,21,51
201500001592,15,3,2,1720,2,4,1,3,4621485,521260,4,0,1,0,1,0,0,40,1,5,1,99,1,66,46,1,25,40
201500001857,15,4,22,1300,1,1,1,1,4718929,199054,3,2,2,0,1,1,50,0,1,0,1,99,1,84,63,4,32,48
201500001937,15,3,4,1830,2,3,7,3,4745925,65332,3,2,2,0,1,1,40,60,1,5,1,99,1,81,78,4,24,53
201500002119,15,8,24,1015,1,1,3,7,4834382,41469,3,2,2,0,0,2,0,57,2,0,3,0,1,108,81,4,33,71
201500002122,15,11,15,730,2,1,1,6,4841277,57754,3,2,2,0,0,1,0,0,1,0,1,99,1,98,38,10,38,50
201500002132,15,12,19,1900,3,1,1,1,4834031,27175,3,2,2,0,3,1,0,60,1,0,1,99,1,111,81,1,53,57
201500002193,15,11,11,1815,3,1,1,5,4787000,100,3,2,2,0,1,1,0,72,1,0,1,99,1,83,59,4,38,41
201500002242,15,5,19,1745,1,1,1,3,4653301,121621,3,2,2,0,2,1,0,62,1,0,1,0,1,118,84,2,43,73
201500002259,15,2,18,1900,5,1,1,1,4678489,106580,4,2,2,0,1,4,0,59,9,0,1,99,1,84,52,5,33,46
201500002303,15,2,9,1630,1,6,1,3,4646155,80141,3,1,1,0,1,1,0,67,1,0,0,0,1,64,37,5,12,47
201500002309,15,2,20,1050,1,1,3,6,4648362,118478,3,2,2,0,1,1,0,71,2,0,3,0,1,91,65,7,29,55
201500002416,15,12,7,1745,2,1,1,6,4472269,120677,3,2,2,1,1,1,0,56,1,0,1,99,1,95,72,4,33,58
201500002430,15,3,11,700,2,1,1,7,4510168,64269,3,0,2,0,0,1,0,0,1,0,1,0,1,85,62,4,29,52
201500002895,15,3,29,1715,1,1,1,1,4322842,42102,3,2,0,0,2,2,0,56,1,0,1,0,1,80,46,6,34,40
201500002899,15,9,14,845,1,1,3,3,4317323,39442,3,2,2,0,0,1,0,84,2,0,1,0,1,121,93,3,46,72
201400000008,14,10,16,1200,1,4,1,6,5053223,281490,3,2,2,0,1,3,0,0,1,5,1,99,1,91,63,3,32,56
201400000020,14,4,18,1630,1,1,1,7,5048600,305900,3,2,2,0,2,4,33,0,1,0,1,0,1,87,71,5,31,51
201400000025,14,6,4,1400,1,1,1,1,5095900,226800,3,3,2,1,2,2,0,74,2,0,1,99,1,80,51,4,23,53
201400000026,14,6,19,1330,1,1,1,1,5086200,221000,3,3,2,0,1,1,0,66,1,0,1,99,1,85,69,1,24,60
201400000028,14,9,5,1345,1,3,1,3,5097700,231400,3,2,0,0,0,1,0,76,1,5,1,99,1,87,62,10,31,46
201400000029,14,9,17,1245,1,1,1,2,5097100,228000,3,2,0,0,0,1,0,70,1,0,1,99,1,88,74,6,32,50
201400000041,14,8,1,1715,1,1,1,2,5066771,245764,3,0,2,0,1,1,0,48,1,0,1,0,1,94,62,3,42,49
201400000050,14,1,8,1800,5,1,2,6,5064334,272739,3,2,0,2,1,1,78,0,2,0,1,99,1,87,56,6,31,50
201400000052,14,5,28,2000,1,1,1,6,5067300,278000,3,2,0,0,1,1,0,56,1,0,3,0,1,103,63,4,39,60
201400000053,14,10,21,1115,1,1,3,1,5069000,271500,3,2,1,0,1,1,0,0,2,0,1,99,1,54,39,2,21,31
201400000054,14,11,12,1000,1,1,1,3,5064000,270600,3,2,2,0,1,3,0,60,1,0,1,99,1,107,83,8,44,55
201400000063,14,1,4,1815,2,1,2,6,5082243,257777,3,2,2,0,1,1,0,60,2,0,1,99,1,52,37,2,23,27
201400000084,14,8,15,330,5,1,1,6,5094600,337200,3,2,0,0,1,3,10,70,1,0,1,99,1,68,40,2,30,36
201400000087,14,1,6,830,2,1,1,6,5074180,296742,3,2,2,2,1,1,68,0,2,0,1,99,1,61,48,6,23,32
201400000088,14,1,17,745,5,3,1,6,5069992,301122,3,2,0,2,1,1,0,60,2,0,1,99,1,133,94,5,55,73
201400000089,14,2,16,2100,5,1,1,6,5071718,302158,3,2,2,0,1,1,0,58,1,0,1,99,1,81,39,4,33,44
201400000092,14,9,11,1000,1,1,1,6,5067177,300340,3,2,2,2,0,1,0,60,1,0,3,99,1,95,68,6,28,61
201400000093,14,10,6,1115,1,1,1,6,5069864,301465,3,2,2,0,1,1,0,0,1,0,1,0,1,91,75,7,33,51
201400000122,14,8,9,1245,1,1,1,1,5005898,416714,3,2,0,0,2,3,0,50,1,0,1,99,1,87,66,4,39,44
201400000149,14,1,22,1830,2,2,1,3,5014000,320000,3,2,0,0,1,1,35,87,0,5,0,0,1,66,60,4,22,40
201400000184,14,4,27,2100,2,1,9,6,5089970,176729,1,3,2,0,1,1,10,70,2,0,1,99,1,85,39,11,27,47
201400000186,14,9,1,1415,1,1,1,7,5050610,168226,1,1,1,0,4,3,0,50,1,3,2,0,1,102,68,5,37,60
201400000187,14,1,7,1800,1,1,1,5,5004768,290743,3,2,0,0,0,1,0,77,1,0,1,99,1,76,50,4,28,44
201400000188,14,2,7,1500,1,1,8,3,5009361,292014,3,2,2,0,1,3,0,46,2,0,1,99,1,101,73,6,27,68
201400000189,14,3,6,2145,3,1,1,6,5008643,280896,3,2,2,0,1,1,0,87,1,0,1,0,1,77,56,8,29,40
201400000190,14,4,3,1615,1,1,1,1,5009665,301061,3,2,2,0,1,1,0,0,1,0,1,99,1,56,43,1,24,31
201400000192,14,6,13,1700,1,1,1,1,5009078,281676,3,2,2,0,2,1,0,66,1,0,1,99,1,124,81,11,38,75
201400000193,14,12,11,1615,1,1,2,1,5008273,287577,3,2,2,0,1,1,0,74,2,0,1,0,1,74,64,5,25,44
201400000195,14,4,19,2030,3,1,1,6,5019247,250266,2,2,1,0,1,1,0,76,1,0,3,99,1,93,49,3,29,61
201400000196,14,7,8,1345,1,1,1,7,5015809,258459,3,2,0,0,1,2,0,52,1,0,3,99,1,64,47,3,27,34
201400000197,14,12,6,845,1,1,8,7,5018966,270991,3,2,2,0,2,1,0,60,7,0,3,0,1,67,41,7,24,36
201400000198,14,12,28,2300,3,1,9,7,5016400,272484,3,2,2,0,1,1,0,70,7,0,3,99,1,36,16,1,15,20
201400000199,14,11,19,1745,2,1,1,6,5022952,317485,3,2,2,0,1,1,0,60,1,0,1,99,1,83,57,3,22,58
201400000200,14,3,12,1145,1,1,1,3,5033063,271753,3,2,0,0,1,1,0,70,1,0,1,99,1,68,46,4,16,48
201400000201,14,1,10,1915,3,2,1,3,5023512,276363,3,2,2,0,1,1,0,0,1,0,1,99,1,118,69,6,49,63
201400000202,14,1,11,1645,1,1,1,3,5027300,280983,3,2,2,0,0,2,0,0,1,0,1,99,1,78,65,4,26,48
201400000203,14,1,16,1000,1,1,3,1,5027175,280792,3,2,0,0,1,2,0,78,2,0,1,99,1,109,89,6,36,67
201400000205,14,2,2,2000,3,1,1,6,5022970,308539,3,2,2,0,2,3,0,60,1,0,3,0,1,83,54,8,38,37
201400000206,14,5,2,915,1,6,1,6,5021575,306765,3,2,2,0,1,2,0,70,1,5,3,0,1,79,50,5,31,43
201400000207,14,6,29,2000,1,7,1,6,5017809,305102,3,2,0,0,1,1,0,0,1,0,1,0,1,118,59,8,46,64
201400000208,14,7,25,245,3,1,1,1,5027072,280498,3,2,0,0,2,1,60,0,1,0,1,0,1,115,85,15,43,57
201400000209,14,8,2,1045,1,1,1,1,5025272,279077,3,2,2,0,1,1,0,68,1,0,1,0,1,108,62,15,36,57
201400000210,14,8,27,1400,1,1,1,6,5019768,302337,3,2,2,0,0,2,0,60,1,0,3,99,1,86,59,5,37,44
201400000211,14,8,28,1330,1,1,1,1,5022033,304983,3,2,2,0,1,1,0,63,1,0,1,0,1,90,63,2,45,43
201400000212,14,10,4,800,1,1,1,7,5018156,299357,3,2,2,0,1,3,0,60,1,0,3,99,1,94,64,8,42,44
201400000213,14,10,28,745,2,1,1,1,5016895,282398,3,2,2,0,4,2,0,76,1,0,1,0,1,66,46,4,20,42
201400000214,14,12,3,1715,2,1,1,3,5027862,281997,3,2,2,0,1,1,46,64,1,5,1,99,1,71,49,1,23,47
201400000215,14,12,24,1530,1,1,2,7,5023298,305980,3,2,2,0,0,1,0,54,2,0,3,99,1,74,39,7,31,36
201400000216,14,9,2,1715,1,6,1,3,5033366,292402,3,0,2,0,1,0,0,0,1,5,1,99,1,86,51,5,29,52
201400000217,14,10,15,945,1,4,1,3,5033344,302159,3,2,2,0,1,1,0,50,1,0,1,0,1,64,46,3,27,34
201400000220,14,3,30,930,1,7,1,6,5061653,233160,4,0,0,0,1,0,0,0,1,0,1,99,1,67,33,7,21,39
201400000221,14,5,29,1500,1,1,1,3,5062145,245511,3,2,2,0,1,1,0,70,1,0,1,99,1,60,41,2,29,29
201400000222,14,10,27,1730,2,1,1,3,5057010,243624,4,2,2,0,1,1,0,67,1,0,1,0,1,68,37,7,28,33
201400000223,14,1,18,1230,1,1,8,7,5063559,280002,3,2,2,0,1,1,0,60,2,0,3,0,1,86,82,6,24,56
201400000224,14,2,21,1845,4,1,1,6,5057630,278025,3,2,2,0,1,0,0,52,1,0,1,0,1,94,62,8,32,54
201400000225,14,3,21,1045,1,1,2,7,5063944,281378,3,2,2,0,1,1,0,56,2,0,1,99,1,85,46,0,33,52
201400000226,14,3,23,30,5,1,1,6,5058344,276900,3,2,2,0,1,1,0,67,1,0,3,99,1,81,44,7,36,38
201400000227,14,5,5,1330,1,1,1,6,5057239,274478,3,2,0,0,1,1,0,72,1,0,1,3,1,79,38,6,32,41
201400000228,14,5,14,2000,1,1,1,3,5058585,276728,3,2,2,0,1,1,0,69,1,0,1,0,1,77,53,7,37,33
201400000229,14,5,17,1815,1,3,1,6,5034693,284869,3,2,2,0,1,0,0,57,0,0,0,0,1,108,63,10,50,48
201400000230,14,5,21,1845,1,1,1,3,5059933,275701,3,2,0,0,1,1,0,60,1,0,1,0,1,64,57,4,23,37
201400000231,14,6,25,745,1,1,1,2,5062759,282122,3,2,2,0,1,1,0,73,1,0,1,0,1,108,73,5,31,72
201400000232,14,8,6,700,2,1,2,3,5065039,283039,3,2,2,0,1,1,0,0,2,0,1,99,1,97,68,5,40,52
201400000233,14,9,20,1230,1,1,1,1,5063022,279958,3,2,2,0,0,4,0,0,9,0,1,99,1,90,48,4,46,40
201400000234,14,11,7,1630,1,1,8,6,5063907,281245,4,2,2,0,1,1,58,0,1,0,4,0,1,99,60,5,37,57
201400000235,14,12,9,1730,3,1,1,6,5056183,271256,3,2,2,0,1,1,60,0,1,0,1,99,1,96,63,11,36,49
201400000237,14,7,4,1000,1,1,1,7,5069877,185874,3,2,2,0,1,2,0,50,1,0,1,0,1,125,89,10,55,60
201400000238,14,8,10,545,5,1,1,6,5072083,169907,3,2,2,0,0,0,0,0,1,0,3,0,1,98,46,3,37,58
201400000239,14,8,23,200,3,1,1,6,5071147,174970,3,2,2,0,1,3,60,0,1,0,1,0,1,106,82,4,48,54
201400000240,14,9,8,1745,1,1,1,6,5066936,182961,3,2,0,0,2,3,0,0,1,0,4,0,1,78,49,4,33,41
201400000241,14,9,12,1915,1,2,1,3,5069911,194490,3,2,1,0,1,1,60,0,1,0,1,0,1,115,87,4,54,57
201400000242,14,10,12,2215,3,1,3,7,5067755,180438,3,2,2,0,2,1,0,68,2,0,1,0,1,68,42,5,37,26
201400000243,14,12,13,1330,1,3,1,3,5066790,183894,3,2,2,0,1,1,0,0,1,0,1,0,1,86,47,5,41,40
201400000244,14,12,20,1045,1,1,1,6,5064214,174218,3,1,2,0,1,1,0,52,1,0,1,0,1,70,47,3,39,28
201400000247,14,2,3,1945,3,1,1,6,5076503,185662,4,2,2,0,2,2,0,38,1,0,0,99,1,71,50,7,26,38
201400000248,14,4,8,1645,1,1,1,6,5046196,267143,4,2,2,0,1,1,0,69,1,0,1,99,1,75,45,3,28,44
201400000250,14,11,30,1845,5,1,1,3,5044617,265777,3,2,2,0,1,1,0,74,2,0,1,0,1,59,40,8,14,37
201400000251,14,6,14,430,3,1,1,7,5052925,190206,3,2,2,0,1,2,0,74,1,0,1,0,1,99,68,3,39,57
201400000252,14,10,19,1630,1,1,1,1,5056723,194912,3,2,2,0,2,1,0,56,1,0,1,99,1,101,53,9,44,48
201400000253,14,11,8,1415,1,1,1,1,5052671,180331,4,2,2,0,2,2,0,31,1,0,1,0,1,120,69,7,59,54
201400000254,14,7,14,945,1,1,1,1,5056304,169822,4,2,2,0,1,1,0,52,1,5,1,0,1,55,42,3,32,20
201400000255,14,7,19,1100,1,1,1,6,5054032,162256,3,2,2,1,1,1,0,75,1,0,1,0,1,95,53,8,49,38
201400000256,14,9,13,915,1,1,1,3,5051954,165292,4,2,1,0,2,1,0,0,1,0,1,0,1,90,69,4,41,45
201400000257,14,9,18,1315,1,6,1,6,5051336,163665,3,2,3,0,0,0,0,0,1,5,1,0,1,99,83,3,36,60
201400000258,14,11,3,1045,1,2,3,3,5052263,163913,4,1,2,0,2,1,0,0,2,0,1,3,1,75,51,1,28,46
201400000259,14,11,28,815,1,1,1,6,5055667,161307,3,2,2,1,0,1,0,0,2,2,5,99,1,86,58,1,25,60
201400000260,14,12,7,1345,1,1,3,7,5056838,172546,3,2,2,0,0,1,0,55,2,0,1,0,1,68,28,6,24,38
201400000261,14,2,4,2115,5,1,1,1,5037383,204253,3,2,3,0,1,1,0,0,1,0,1,99,1,95,62,4,31,60
201400000262,14,4,17,1045,1,6,1,3,5037148,202918,3,2,0,0,1,1,0,56,1,5,1,99,1,77,51,5,24,48
201400000263,14,4,16,445,3,1,1,6,5036721,203133,3,3,0,0,1,1,0,0,1,0,1,99,1,97,74,10,35,52
201400000264,14,5,26,1745,1,1,2,3,5041117,192149,3,2,0,0,1,1,0,52,2,0,1,0,1,76,56,4,37,35
201400000266,14,7,12,1645,1,1,1,7,5036069,204663,3,2,0,0,0,1,0,70,1,0,1,0,1,88,53,6,34,48
201400000267,14,8,29,2300,3,1,1,6,5047957,185851,3,2,2,0,4,3,0,52,1,0,1,0,1,97,67,9,46,42
201400000268,14,9,29,1415,1,1,1,6,5040753,177280,3,2,1,0,1,3,0,52,1,0,1,99,1,87,48,4,35,48
201400000270,14,10,17,2315,3,1,1,1,5038365,198325,3,2,2,0,0,3,70,0,1,0,1,0,1,117,74,11,51,55
201400000271,14,5,23,1745,1,1,1,6,5063711,224449,3,2,2,0,1,1,0,68,1,0,1,0,1,128,64,6,42,80
201400000273,14,6,22,1200,1,1,1,3,5064909,238979,3,0,2,0,1,3,0,61,1,0,1,99,1,93,59,13,43,37
201400000274,14,9,16,2015,2,1,1,6,5063509,234991,3,2,0,0,1,1,0,61,1,0,3,99,1,84,59,6,32,46
201400000275,14,8,22,1600,1,1,1,3,5070315,235448,4,2,2,0,0,1,70,0,1,0,1,0,1,81,54,4,38,39
201400000277,14,11,6,245,3,1,1,6,5083317,202828,3,2,2,0,0,2,80,85,2,0,3,99,1,97,60,3,30,64