Num_Acc,an,mois,jour,hrmn,lum,int,atm,col,lat,long,catr,circ,nbv,vosp,prof,plan,lartpc,larrout,surf,infra,situ,env1,chance,sum,unscathed,killed,hospital,light
201400001384,14,2,28,1900,3,1,3,6,4924260,1565,3,2,2,0,1,1,0,75,2,0,1,0,1,76,60,10,27,39
201400001385,14,3,1,1145,1,1,1,6,4913580,445,3,2,2,0,1,1,0,78,1,0,1,99,1,63,54,4,29,30
201400001388,14,6,9,1415,1,1,1,6,4914060,5708,3,2,2,0,1,1,0,57,1,0,3,0,1,87,57,4,42,41
201400001405,14,1,15,1615,1,1,8,6,4900190,60829,3,2,2,0,2,1,0,0,2,0,3,0,1,75,51,6,25,44
201400001408,14,7,23,1600,1,1,1,3,4894700,61379,3,2,2,0,1,3,0,51,1,0,1,99,1,65,57,5,24,36
201400001445,14,9,22,2200,3,1,1,6,4897790,97213,3,2,2,0,0,1,0,40,1,0,1,0,1,79,54,3,22,54
201400001449,14,7,20,1300,1,1,1,1,4873620,134687,3,2,2,0,2,4,0,0,8,0,1,0,1,63,23,2,34,27
201400001451,14,9,24,1945,1,3,1,1,4868440,136365,3,2,2,0,1,1,15,63,1,0,1,3,1,74,34,4,27,43
201400001452,14,10,25,1145,1,1,1,6,4868610,135989,9,0,0,0,0,0,0,0,1,0,0,0,1,56,45,3,21,32
201400001460,14,7,28,215,3,2,1,3,4874980,152896,3,2,2,0,3,1,0,0,1,5,1,99,1,81,41,3,30,48
201400001461,14,8,18,1815,1,1,1,6,4876570,133838,3,2,2,0,1,2,0,56,1,0,3,99,1,77,59,4,24,49
201400001467,14,12,5,130,3,1,8,6,4874060,143730,3,2,3,0,2,1,0,104,1,0,3,0,1,103,59,12,37,54
201400001475,14,5,20,1230,1,3,8,1,4876590,123701,3,2,2,0,2,2,0,41,1,0,1,0,1,84,87,2,22,60
201400001479,14,2,20,545,3,2,2,1,4958620,172222,3,3,2,0,3,1,431,40,2,5,1,99,1,79,55,4,21,54
201400001481,14,3,22,1800,1,1,1,6,4961350,178839,3,2,2,0,2,3,6,34,1,0,1,0,1,69,45,3,29,37
201400001483,14,7,7,815,1,6,7,3,4960420,166376,3,1,2,0,1,1,0,65,1,0,1,0,1,91,67,6,27,58
201400001489,14,6,8,1800,1,1,1,1,4946170,162809,4,2,2,0,2,0,0,30,0,0,0,0,1,90,71,5,36,49
201400001491,14,7,31,1230,1,1,1,1,4937450,173349,3,2,2,0,1,1,0,0,1,0,1,0,1,98,47,3,43,52
201400001526,14,12,2,1245,1,3,2,2,4889530,138222,3,2,2,0,1,1,0,54,2,0,1,99,1,62,39,8,23,31
201400001543,14,12,16,1400,1,1,1,3,4928990,154547,4,2,2,0,1,1,0,55,1,5,1,0,1,67,58,5,21,41
201400001545,14,4,26,1545,1,1,1,1,4862770,78809,4,2,2,0,0,1,0,36,1,0,1,0,1,99,65,6,34,59
201400001546,14,5,15,1215,1,1,1,1,4870100,92870,3,2,2,0,2,3,0,62,1,0,1,99,1,83,49,8,43,32
201400001554,14,1,26,1325,1,2,1,3,4620350,524284,3,2,2,0,1,1,0,70,1,0,1,99,1,66,36,2,35,29
201400001565,14,4,22,1630,1,2,1,3,4616490,522083,3,2,2,0,1,1,0,0,1,0,0,0,1,64,43,3,22,39
201400001570,14,5,24,2025,1,2,1,4,4619780,523943,3,3,3,0,1,1,0,0,1,5,1,99,1,80,41,5,33,42
201400001572,14,6,2,1109,1,1,1,3,4619350,521366,3,2,2,0,1,1,10,55,1,0,1,99,1,73,56,7,23,43
201400001607,14,11,26,635,5,2,2,3,4621020,520410,3,2,2,0,1,1,0,0,2,5,1,99,1,82,59,3,24,55
201400001618,14,2,13,1415,1,1,2,7,4860827,34407,3,2,2,0,4,2,0,72,2,0,3,99,1,53,33,4,20,29
201400001640,14,5,1,1500,1,2,2,3,4893644,19873,3,2,0,0,3,3,0,0,2,5,1,0,1,49,28,0,13,36
201400001643,14,9,15,1800,1,1,1,6,4872863,40768,3,2,2,0,0,1,0,0,1,0,3,0,1,79,56,5,31,43
201400001648,14,7,24,1200,1,1,1,6,4849149,62463,3,2,2,0,1,1,0,71,1,0,4,99,1,83,51,2,34,47
201400001652,14,5,18,1645,1,1,1,6,4855517,41841,3,2,2,0,1,2,0,0,1,0,4,99,1,91,47,5,36,50
201400001677,14,9,23,1700,1,3,1,5,4876001,66961,3,2,2,0,0,1,0,81,1,0,1,99,1,68,60,3,30,35
201400001682,14,8,8,1830,1,1,2,1,4843475,88171,3,2,2,0,0,3,0,0,2,0,1,3,1,83,43,5,36,42
201400001881,14,3,27,1730,1,1,1,5,4737082,55876,3,2,2,0,3,1,0,76,2,0,1,99,1,67,40,3,20,44
201400001911,14,10,29,1500,2,1,1,1,4717796,96163,4,2,2,0,0,1,0,52,1,0,1,99,1,72,48,5,21,46
201400001915,14,5,12,1515,1,1,1,1,4710014,81636,3,2,2,0,1,1,0,0,1,0,1,99,1,61,41,2,18,41
201400001936,14,3,3,1245,1,1,4,1,4728368,102527,3,2,2,0,0,2,0,90,2,0,1,99,1,70,43,3,27,40
201400001954,14,11,24,1155,1,1,1,7,4735681,100598,4,2,2,0,2,3,0,0,2,0,3,99,1,62,46,3,19,40
201400001960,14,1,21,1715,1,1,1,5,4753727,9828,3,2,0,0,1,1,0,66,0,0,1,0,1,70,55,3,21,46
201400001988,14,3,7,545,3,3,1,3,4749644,77428,3,2,2,0,1,1,0,70,1,5,1,99,1,83,58,3,40,40
201400002026,14,12,18,1100,1,2,1,1,4812121,46171,3,2,2,0,1,1,0,60,1,5,1,99,1,91,69,5,40,46
201400002065,14,2,25,1915,3,1,1,7,4842190,52936,3,2,2,0,1,1,0,60,1,0,3,0,1,73,34,7,27,39
201400002263,14,12,31,1500,1,1,1,2,4670662,144639,3,0,2,0,1,1,0,0,1,0,1,99,1,40,24,1,19,20
201400002273,14,7,15,1945,1,1,1,6,4670337,166024,3,2,2,0,1,1,70,0,1,0,3,0,1,119,70,1,51,67
201400002311,14,7,21,600,2,1,1,7,4678976,76425,3,2,2,0,1,1,0,0,1,0,1,99,1,83,61,3,29,51
201400002382,14,12,1,510,3,1,1,7,4689196,203633,4,2,2,0,1,1,0,40,1,0,3,99,1,71,38,11,15,45
201400002697,14,4,14,1215,1,1,1,7,4462100,104499,3,2,2,0,1,3,0,83,1,0,3,99,1,93,81,4,28,61
201400002715,14,7,22,30,3,1,1,6,4414241,28849,3,0,3,0,1,1,0,68,1,0,3,99,1,83,47,10,29,44
201400002925,14,8,4,1000,1,6,2,1,4358200,27800,3,2,2,0,0,3,0,0,2,0,1,99,1,49,41,3,15,31
201400002928,14,1,28,1345,1,1,1,1,4349500,142200,3,0,0,0,0,0,0,0,0,0,0,0,1,86,58,7,36,43
201400003248,14,1,27,930,1,1,1,6,4577418,114612,4,2,0,0,1,1,60,0,2,0,1,0,1,65,51,4,18,43
201400003249,14,4,7,1845,1,1,1,7,4572049,110878,4,2,1,0,1,1,0,0,1,0,1,99,1,67,51,5,26,36
201400003282,14,1,30,500,4,1,2,1,4587865,85462,3,2,2,0,2,1,0,0,2,0,1,0,1,84,42,7,26,51
201300000001,13,2,19,1715,1,1,1,3,5051199,290046,3,2,2,0,1,1,0,61,1,0,1,99,1,80,39,9,38,33
201300000002,13,3,22,1815,1,1,1,6,5057012,285665,3,3,4,0,1,1,12,55,1,0,1,99,1,89,55,2,31,56
201300000003,13,4,1,1600,1,1,1,1,5057551,290108,3,2,2,0,1,4,0,64,1,0,1,99,1,52,38,3,25,24
201300000004,13,4,19,1330,1,1,1,7,5055123,285591,3,2,0,0,1,4,36,65,1,0,1,99,1,91,52,3,30,58
201300000005,13,4,27,2015,1,1,1,6,5058871,289037,4,2,2,0,1,1,0,60,1,0,1,99,1,63,31,3,31,29
201300000006,13,5,25,1645,1,1,1,3,5057455,289941,3,2,2,0,0,4,0,64,1,0,1,0,1,96,58,7,40,49
201300000007,13,6,17,830,1,6,1,7,5058432,290833,2,3,0,0,0,2,30,80,1,0,1,0,1,99,54,6,43,50
201300000008,13,7,3,130,4,1,3,6,5060445,285308,3,2,0,0,1,1,49,0,2,0,3,99,1,90,49,8,24,58
201300000009,13,8,15,1930,1,1,1,2,5056300,283800,2,1,2,0,0,1,5,80,1,0,1,0,1,74,56,9,25,40
201300000010,13,9,4,115,3,6,1,6,5054131,281936,3,2,0,0,1,0,85,99,1,5,1,99,1,104,63,6,33,65
201300000012,13,4,11,815,1,1,2,6,5047119,314086,3,2,2,1,1,3,60,60,2,0,3,0,1,79,50,6,37,36
201300000013,13,6,5,1545,1,1,1,3,5054012,307284,3,2,2,1,1,1,0,72,1,0,1,0,1,86,59,4,31,51
201300000014,13,6,7,1815,1,1,1,3,5052635,310415,3,4,1,0,1,1,0,40,1,0,1,0,1,117,78,5,42,70
201300000015,13,3,4,900,1,1,1,7,5047170,306917,4,2,2,0,1,1,0,57,7,0,1,3,1,62,42,1,19,42
201300000019,13,7,21,715,1,1,1,6,5045080,303743,3,2,1,0,1,2,54,130,1,0,4,0,1,93,78,4,52,37
201300000020,13,7,25,1915,1,9,1,5,5045754,303307,3,2,0,0,1,1,0,60,1,0,1,99,1,120,83,5,39,76
201300000021,13,8,3,1000,1,1,1,7,5046030,302200,3,2,2,0,1,2,58,0,1,0,4,99,1,77,69,8,38,31
201300000022,13,9,5,1745,1,1,1,7,5045796,302752,4,1,1,3,0,2,0,100,1,0,4,3,1,97,77,10,44,43
201300000023,13,12,5,700,2,1,9,7,5047946,307460,3,2,2,0,1,1,66,0,7,0,3,0,1,97,61,6,34,57
201300000024,13,5,8,1215,1,2,1,3,5089681,223755,3,2,2,0,0,1,50,155,1,5,1,0,1,82,55,0,43,39
201300000025,13,5,3,1315,1,1,1,7,5089935,248959,3,2,2,0,1,1,0,54,1,0,3,0,1,94,56,7,36,51
201300000026,13,7,15,1645,1,1,7,6,5088696,243254,3,2,2,0,0,2,0,0,1,0,1,0,1,98,62,12,42,44
201300000027,13,9,1,1100,1,1,1,1,5084681,233245,3,2,2,0,3,1,62,0,1,0,1,0,1,74,37,3,40,31
201300000028,13,1,3,1930,3,1,2,4,5070614,252580,3,2,0,2,3,1,0,65,2,0,1,99,1,73,63,3,27,43
201300000029,13,1,16,1830,5,1,4,6,5072975,247554,3,2,2,0,1,1,0,60,2,0,1,0,1,75,58,1,30,44
201300000030,13,3,20,1730,1,1,1,6,5070596,252565,3,2,1,2,2,1,0,60,1,0,5,0,1,72,50,4,16,52
201300000031,13,3,27,2045,3,1,1,2,5066329,252534,3,2,2,0,0,1,0,70,1,0,1,99,1,45,39,2,15,28
201300000032,13,4,14,915,1,1,1,6,5074097,261988,3,2,2,0,1,1,0,70,1,0,3,99,1,120,72,9,57,54
201300000033,13,5,14,1415,1,1,1,6,5073069,236252,3,2,0,0,1,2,0,85,1,0,1,0,1,77,41,8,23,46
201300000034,13,5,18,1630,1,1,1,6,5069768,246349,3,2,2,0,0,1,0,51,1,0,3,0,1,107,67,4,50,53
201300000035,13,6,4,1015,1,1,1,6,5071759,237675,3,2,2,0,1,1,0,70,1,0,3,99,1,98,60,5,35,58
201300000036,13,6,16,200,3,1,1,7,5068474,237396,3,2,0,0,0,1,0,77,1,0,1,0,1,100,63,7,46,47
201300000037,13,6,30,1915,1,1,1,5,5075451,263612,3,2,2,0,1,1,0,60,1,0,1,0,1,104,56,10,46,48
201300000038,13,8,13,1730,1,1,1,1,5070210,242089,4,2,2,0,1,4,0,32,1,0,1,0,1,83,63,6,39,38
201300000039,13,10,25,730,2,1,2,2,5074426,252601,3,2,0,0,1,1,27,55,6,0,1,99,1,97,67,9,40,48
201300000041,13,2,13,730,2,1,1,3,5069908,276821,3,2,2,0,1,1,0,60,1,0,1,99,1,62,43,4,18,40
201300000042,13,2,15,1730,2,1,1,3,5063785,271914,3,2,0,0,1,1,0,0,1,0,1,99,1,97,53,5,28,64
201300000043,13,7,7,1100,1,1,1,7,5067441,275230,3,2,2,0,1,1,0,40,1,0,3,99,1,121,81,9,56,56
201300000044,13,7,30,1900,1,1,2,5,5062061,274462,3,2,0,0,1,1,0,60,2,0,1,3,1,58,35,2,23,33
201300000045,13,8,25,1615,1,3,7,3,5064343,272985,3,2,2,0,1,1,0,0,1,0,0,99,1,68,31,9,27,32
201300000046,13,10,24,1915,3,1,2,3,5069292,275595,3,2,2,0,4,3,0,35,2,0,1,99,1,77,54,1,26,50
201300000047,13,11,9,1100,1,1,1,1,5069183,267081,4,2,2,0,1,3,0,38,2,0,1,99,1,106,59,7,42,57
201300000048,13,6,11,1700,1,1,1,7,5067544,265633,3,2,2,0,1,1,0,60,1,0,1,99,1,75,55,5,33,37
201300000049,13,9,2,1800,1,1,1,1,5064278,267879,3,2,2,0,1,4,0,65,1,0,1,99,1,73,61,5,33,35
201300000050,13,10,4,800,1,1,1,1,5063939,263502,4,1,0,2,0,2,0,60,1,0,4,99,1,94,58,4,40,50
201300000051,13,11,4,1845,5,1,1,6,5064288,263754,4,2,2,0,1,1,0,100,1,0,1,3,1,79,51,6,24,49
201300000052,13,1,12,1045,1,1,1,6,5077807,245827,3,2,2,0,0,1,0,61,2,0,1,99,1,86,49,9,33,44
201300000053,13,1,24,445,3,1,9,6,5081350,266609,3,2,1,0,1,2,0,76,7,0,3,0,1,70,59,1,29,40
201300000054,13,3,10,1700,2,1,2,6,5080074,247242,3,2,2,0,2,4,0,60,2,0,1,0,1,70,33,2,35,33
201300000055,13,3,11,1700,1,6,4,6,5077412,256235,3,0,0,0,1,2,0,0,7,0,1,99,1,76,47,3,29,44
201300000056,13,5,12,1600,1,1,1,7,5079363,248167,4,2,2,0,2,1,0,58,1,0,1,0,1,55,45,1,28,26
201300000057,13,6,6,1030,1,1,1,7,5080071,247129,3,2,2,0,2,4,60,10,1,0,3,99,1,81,67,2,38,41
201300000058,13,6,9,2330,3,1,1,6,5077624,257814,3,2,0,0,1,4,50,20,1,0,1,99,1,103,48,7,35,61
201300000059,13,6,29,1400,1,1,1,7,5080470,240803,4,2,1,0,2,2,30,0,0,0,3,99,1,106,64,4,39,63
201300000061,13,8,4,845,1,6,1,7,5081154,261393,3,2,0,1,1,3,0,75,1,5,3,99,1,78,43,13,38,27
201300000062,13,8,21,1000,1,1,1,3,5078438,256454,3,2,2,0,1,1,0,60,1,0,1,0,1,88,57,3,59,26
201300000064,13,9,27,1900,1,1,1,1,5080217,247908,3,2,2,0,1,1,0,59,1,0,1,99,1,89,65,2,36,51
201300000065,13,1,8,2100,5,1,1,6,5063285,325205,4,0,0,0,1,1,0,0,1,0,1,0,1,79,66,4,30,45
201300000066,13,3,15,1415,1,1,8,1,5059635,323009,3,2,2,1,0,1,0,102,2,0,1,99,1,83,52,4,36,43
201300000067,13,4,12,1545,1,1,1,1,5062940,323795,3,0,2,0,2,1,0,102,1,0,1,99,1,93,80,4,37,52
201300000068,13,6,12,1815,1,1,1,1,5060966,318216,3,2,0,1,0,1,0,60,0,3,1,99,1,83,55,5,34,44
201300000070,13,4,28,1730,1,1,1,6,5056147,322013,4,0,0,1,2,3,0,50,1,0,1,99,1,57,30,2,26,29
201300000071,13,5,31,1345,1,1,1,1,5058999,315599,3,2,2,0,1,1,0,94,1,0,1,99,1,77,50,5,26,46
201300000072,13,8,9,1745,1,1,7,7,5053692,322138,4,2,2,0,1,3,0,42,1,0,1,99,1,88,56,8,45,35
201300000073,13,8,29,1845,1,1,1,1,5054257,320943,3,2,0,0,1,3,0,60,1,1,1,0,1,67,52,7,31,29
201300000075,13,5,16,815,1,1,2,3,5067859,301107,3,2,2,0,1,1,0,70,2,0,1,99,1,67,44,7,23,37
201300000076,13,6,26,1615,5,1,1,6,5066472,300977,3,2,2,1,1,4,0,60,1,0,3,99,1,98,71,3,38,57
201300000078,13,12,25,1300,1,1,1,3,5073500,295000,3,2,0,1,1,1,33,85,1,5,1,0,1,38,22,2,14,22
201300000080,13,3,29,1145,1,1,1,3,5026055,336319,3,2,2,0,1,1,0,60,1,0,1,99,1,78,60,5,28,45
201300000081,13,12,14,1745,5,1,8,1,5028584,331475,3,2,2,0,2,1,0,60,2,5,1,0,1,95,65,5,35,55
201300000083,13,3,16,2345,3,2,2,3,5018121,391836,3,0,0,0,0,0,0,0,0,0,0,0,1,71,54,6,31,34
201300000084,13,4,22,1000,1,1,7,1,5018196,395219,2,0,2,0,4,1,0,60,1,0,1,0,1,51,27,2,18,31
201300000085,13,5,7,1100,1,1,1,1,5012651,393201,5,0,0,0,1,1,0,0,1,0,0,99,1,88,45,4,29,55
201300000086,13,7,28,1945,1,1,1,6,5008057,388814,3,2,2,0,0,1,0,50,1,0,0,0,1,87,30,3,40,44
201300000087,13,12,18,1645,2,1,1,1,5016386,401899,3,2,0,0,0,1,0,86,1,0,1,99,1,84,66,6,32,46
201300000088,13,1,30,2200,5,1,1,6,5001515,401228,3,0,0,1,1,1,0,0,1,0,1,99,1,91,65,2,39,50
201300000090,13,6,3,1015,1,1,1,6,5002719,401457,4,2,2,0,1,3,0,47,1,0,3,99,1,72,43,3,30,39
201300000091,13,6,10,1700,1,1,1,3,5002881,402826,3,2,2,0,1,1,0,0,1,0,1,99,1,81,53,5,27,49
201300000093,13,9,22,1845,1,1,1,3,5001681,406773,4,2,2,0,1,1,0,65,1,0,1,99,1,98,59,4,63,31
201300000094,13,9,24,1830,1,1,1,2,5001783,402647,4,2,2,0,1,1,0,60,1,0,1,99,1,94,66,1,43,50
201300000095,13,11,2,345,5,1,2,6,5001427,404379,3,2,2,0,1,2,0,53,2,0,1,0,1,65,43,3,31,31
201300000096,13,8,11,330,3,1,1,6,5011771,364900,3,2,2,0,1,2,0,66,1,0,0,0,1,71,41,3,33,35
201300000097,13,8,16,1700,1,1,1,2,5012677,368774,3,2,0,0,1,1,0,66,1,2,1,0,1,81,49,3,35,43
201300000100,13,8,22,1700,1,1,1,2,5024071,371279,3,2,2,0,1,1,0,0,1,0,1,0,1,94,59,6,36,52
201300000101,13,9,6,1530,1,1,1,3,5012356,369209,3,2,2,0,1,1,0,80,1,0,1,99,1,95,63,8,39,48
201300000102,13,9,7,2000,3,1,1,6,5008693,380811,3,2,2,0,0,1,0,55,1,0,3,0,1,95,54,11,42,42
201300000104,13,10,26,530,5,1,2,6,5005856,410583,3,2,0,0,1,3,0,0,2,0,4,99,1,99,68,6,50,43
201300000105,13,11,23,1530,1,1,1,3,5009269,399106,3,2,0,1,0,1,0,70,1,0,5,0,1,74,48,2,30,42
201300000106,13,12,3,1515,1,1,1,6,5005759,410572,4,1,1,0,2,3,0,55,1,0,1,3,1,79,69,4,34,41
201300000108,13,4,13,1300,1,1,1,6,5023707,331843,4,2,0,0,0,0,0,40,1,0,1,99,1,80,51,8,25,47
201300000111,13,1,27,400,3,1,9,7,5008697,359701,3,2,0,0,1,1,37,75,2,0,3,99,1,71,36,5,29,37
201300000112,13,2,9,515,5,1,5,6,5010269,354420,3,2,2,0,1,1,24,66,7,0,1,99,1,82,35,7,38,37
201300000113,13,2,12,1500,1,1,1,6,5011192,359437,3,2,2,0,1,1,0,70,0,0,1,0,1,73,47,3,32,38
201300000116,13,11,1,45,5,1,1,6,5008512,348444,3,2,2,0,1,1,0,70,1,0,1,99,1,73,36,10,30,33
201300000117,13,1,10,1200,1,1,1,6,5012010,340660,4,2,2,0,1,1,0,0,1,0,1,3,1,116,91,3,31,82
201300000118,13,2,1,1745,5,1,2,1,5011034,340249,3,2,0,0,2,1,0,0,2,0,1,99,1,122,87,4,48,70
201300000119,13,2,26,1630,1,1,1,3,5012159,340461,4,2,2,0,1,1,0,59,1,0,1,0,1,50,35,3,15,32
201300000120,13,5,4,1130,1,1,1,1,5016939,346007,3,2,2,0,2,2,0,75,1,0,1,99,1,78,49,4,31,43
201300000121,13,6,28,1115,1,1,1,6,5012625,340720,4,2,2,0,2,1,75,75,1,0,1,3,1,94,67,7,46,41
201300000122,13,8,7,10,5,1,1,1,5011910,341120,3,1,1,0,2,1,0,70,1,0,1,0,1,79,41,3,34,42
201300000124,13,9,17,1215,1,1,1,1,5016905,345835,3,2,0,0,1,1,0,64,1,0,1,99,1,69,60,3,28,38
201300000126,13,9,28,2015,3,1,1,6,5012363,340868,4,1,1,0,2,1,0,95,1,0,1,99,1,96,53,9,48,39
201300000127,13,11,25,700,3,1,1,6,5013819,341883,3,2,0,0,1,1,0,0,1,0,1,0,1,72,41,2,30,40
201300000129,13,12,7,1030,1,1,1,3,5012613,342100,4,2,0,0,1,1,0,65,1,0,1,3,1,92,55,4,43,45
201300000130,13,12,19,730,5,1,8,6,5011697,341858,4,3,4,0,1,1,19,70,2,0,1,99,1,92,68,6,35,51
201300000132,13,12,24,1215,1,1,2,6,5013225,340248,3,2,2,0,1,1,0,60,2,6,1,0,1,61,32,3,30,28
201300000133,13,1,2,1100,1,1,1,6,5003383,346948,3,2,2,0,2,1,0,58,1,0,1,3,1,69,86,4,25,40
201300000134,13,2,4,2230,5,1,1,6,5003298,330268,3,2,2,0,0,1,0,50,2,0,1,0,1,89,50,9,28,52
201300000135,13,10,19,245,3,1,1,6,5006280,344001,3,2,0,0,2,2,0,50,1,0,1,99,1,84,51,7,28,49
201300000138,13,6,18,1345,1,1,1,3,5007399,318009,3,0,2,0,1,1,0,76,1,0,1,99,1,108,63,6,46,56
201300000140,13,12,10,1615,1,1,7,3,5010035,315972,3,2,2,0,0,1,0,61,1,0,1,99,1,99,53,6,38,55
201300000141,13,3,21,445,3,1,1,7,5023214,350474,3,2,0,0,1,1,0,0,1,0,3,99,1,87,71,9,28,50
201300000143,13,4,10,1630,1,1,1,6,5024185,351308,4,0,2,0,1,2,0,29,1,2,3,0,1,55,41,3,18,34
201300000144,13,5,24,1645,1,1,2,5,5016595,349451,3,2,2,0,2,2,0,64,2,0,1,99,1,86,64,9,25,52
201300000145,13,5,26,1830,1,9,1,7,5022075,347321,4,2,2,0,1,0,0,52,1,0,1,99,1,98,59,13,42,43
201300000146,13,7,19,1930,1,1,7,3,5016655,349444,3,2,0,0,0,2,0,65,1,0,1,99,1,84,70,3,38,43
201300000148,13,2,3,930,1,1,1,6,5032157,307159,3,2,0,0,3,1,0,68,1,2,3,99,1,60,35,3,25,32
201300000149,13,2,5,515,3,1,3,1,5026899,316101,3,2,0,0,1,1,85,0,2,0,1,0,1,80,53,2,33,45
201300000150,13,3,9,1845,5,9,2,1,5033568,309021,3,2,4,0,3,1,0,100,1,0,1,99,1,106,74,3,41,62
201300000151,13,4,7,915,1,1,1,6,5028332,312621,3,2,2,0,2,1,0,45,1,0,1,99,1,94,30,5,44,45
201300000153,13,11,21,30,3,1,5,6,5033537,310124,3,2,2,0,1,1,0,107,7,0,3,0,1,92,75,6,25,61
201300000154,13,1,5,1745,3,1,8,6,5046464,321740,3,2,2,0,1,1,0,40,9,0,1,99,1,60,32,7,28,25
201300000155,13,2,22,1945,5,1,1,1,5047999,324712,3,2,0,0,1,2,0,75,1,0,1,0,1,73,61,6,30,37
201300000156,13,7,9,2145,2,1,1,6,5050395,329071,4,2,1,0,1,2,0,42,1,0,3,0,1,108,58,10,39,59
201300000157,13,10,27,145,3,1,1,6,5050762,327069,3,2,2,0,2,1,0,64,1,0,1,0,1,63,32,5,27,31
201300000159,13,3,3,1215,1,1,1,6,5033192,394483,4,2,0,0,1,3,0,35,1,0,1,99,1,77,46,8,37,32
201300000160,13,7,20,130,3,1,1,7,5034015,400991,4,0,2,0,1,1,0,60,1,0,1,0,1,117,51,2,38,77
201300000161,13,7,24,2030,1,1,1,3,5031662,386561,3,2,2,0,1,2,0,50,1,0,1,0,1,93,73,9,42,42
201300000162,13,10,12,30,5,1,1,6,5032718,404721,3,2,2,0,2,1,0,50,1,0,1,0,1,64,42,6,33,25
201300000163,13,11,17,2345,5,1,1,6,5030861,398808,4,2,2,0,1,1,0,45,1,0,4,0,1,39,25,5,19,15
201300000164,13,12,17,1315,1,1,1,6,5029795,379572,3,1,1,0,1,1,0,0,1,0,1,0,1,72,57,4,34,34
201300000165,13,12,21,2215,3,1,1,7,5031711,405307,3,2,2,0,1,2,0,52,2,0,0,99,1,76,51,5,33,38
201300000168,13,8,27,30,3,1,1,6,5029398,366010,4,2,2,0,0,0,0,40,1,0,1,0,1,68,42,3,24,41
201300000170,13,4,16,1445,1,1,1,1,5021263,394912,3,2,2,0,1,1,0,75,1,0,1,99,1,65,53,4,25,36
201300000171,13,12,20,2030,3,1,1,5,5022536,394780,2,2,2,0,0,3,0,78,1,0,1,0,1,112,87,10,40,62
201300000182,13,2,6,1215,1,1,1,6,5032200,269300,3,2,2,0,4,2,0,68,1,0,4,0,1,100,84,7,30,63
201300000192,13,9,26,1830,1,1,1,1,5037500,271900,4,2,2,0,4,1,0,0,1,0,1,99,1,59,45,6,27,26
201300000193,13,9,29,1700,1,2,1,3,5037200,272500,4,2,2,0,4,1,0,57,1,0,1,99,1,99,60,9,43,47
201300000198,13,6,22,15,3,9,1,1,5015026,308157,2,2,2,0,1,1,0,30,1,0,1,99,1,98,67,9,47,42
201300000199,13,7,1,1645,1,1,1,1,5016900,282400,3,2,1,0,2,3,40,80,1,0,1,99,1,74,59,4,32,38
201300000203,13,9,3,2345,3,1,1,7,5019300,297200,3,3,0,0,1,2,0,65,1,0,1,3,1,115,72,11,31,73
201300000205,13,11,8,2100,5,2,2,6,5020081,287335,3,2,2,0,2,1,0,60,2,0,1,0,1,115,94,7,43,65
201300000228,13,8,12,930,1,1,1,6,5077370,178425,3,2,0,0,1,2,0,70,1,0,3,0,1,66,55,2,31,33
201300000230,13,10,29,1345,1,2,1,3,5079684,176477,3,2,0,0,1,1,12,52,1,0,1,99,1,70,52,4,31,35
201300000237,13,6,23,730,2,1,2,7,5043700,256100,3,2,2,0,1,3,0,68,2,0,4,99,1,74,55,7,41,26
201300000240,13,5,29,1945,2,1,3,3,5043900,171400,3,2,2,0,1,1,10,135,2,0,1,99,1,75,51,3,37,35
201300000245,13,4,15,1100,1,1,1,1,5058122,160363,3,2,2,1,1,1,0,76,1,0,3,0,1,90,69,6,30,54
201300000251,13,2,20,1715,1,1,1,1,5039268,204081,3,0,2,0,3,3,0,70,1,0,1,0,1,78,54,4,33,41
201300000254,13,6,21,1630,1,2,1,3,5042700,201399,3,2,2,0,2,1,0,75,1,0,1,0,1,85,64,5,35,45
201300000258,13,9,30,745,1,1,1,6,5042005,188809,3,2,0,0,0,2,0,0,1,0,4,99,1,78,64,10,23,45
201300000260,13,11,15,1800,5,1,1,6,5037700,203900,4,1,1,0,1,1,0,65,1,0,1,0,1,85,68,4,37,44
201300000262,13,7,11,1845,1,1,1,6,5064200,239000,9,2,2,0,0,1,0,70,1,0,1,0,1,99,67,12,44,43
201300000263,13,7,12,1130,1,1,1,1,5062800,239300,3,2,0,0,1,1,79,79,1,0,1,99,1,114,88,2,52,60
201300000268,13,3,12,1815,1,1,4,6,5058268,207208,3,2,2,0,0,1,0,79,5,0,1,0,1,62,40,2,16,44
201300000282,13,7,22,1330,1,3,7,3,5067555,219714,3,2,0,0,0,1,0,60,9,0,0,0,1,83,65,8,36,39
201300000289,13,2,14,1515,1,1,1,6,5037900,233400,3,2,2,0,2,1,0,60,1,0,1,99,1,75,36,5,25,45