Num_Acc,an,mois,jour,hrmn,lum,int,atm,col,lat,long,catr,circ,nbv,vosp,prof,plan,lartpc,larrout,surf,infra,situ,env1,chance,sum,unscathed,killed,hospital,light
201300000290,13,3,7,2145,3,1,1,6,5036900,243200,3,3,4,0,1,1,25,152,1,0,1,99,1,85,52,6,22,57
201300000291,13,4,18,1745,1,1,1,6,5040500,218000,3,0,2,0,1,1,0,30,1,0,1,99,1,62,54,2,33,27
201300000292,13,5,6,730,1,1,1,2,5037100,236400,3,3,0,0,2,1,25,260,1,0,1,0,1,68,49,3,27,38
201300000301,13,1,29,1530,1,1,2,4,5033300,265000,3,2,2,0,0,1,0,50,2,0,1,0,1,82,59,3,32,47
201300000303,13,5,30,645,2,1,2,6,5025300,246700,3,2,2,0,1,3,0,68,2,0,3,99,1,99,57,2,41,56
201300000307,13,8,26,945,1,1,1,6,5019900,251300,2,2,2,0,1,1,0,82,1,0,3,0,1,62,45,4,24,34
201300000308,13,9,23,1615,1,1,1,3,5033600,264300,3,2,2,0,2,1,0,0,1,0,1,99,1,61,46,5,23,33
201300000309,13,10,13,2115,3,1,2,1,5035847,246616,3,2,2,0,1,1,0,80,2,0,1,0,1,67,40,10,26,31
201300000311,13,10,30,1130,1,1,1,1,5035764,247026,3,2,2,0,1,1,0,73,1,0,1,99,1,85,51,11,36,38
201300000313,13,10,20,1730,1,1,2,3,5029100,256300,3,2,0,0,1,1,0,58,1,0,1,0,1,108,85,6,42,60
201300000360,13,6,14,2030,1,3,1,1,4963292,384445,3,2,2,0,1,1,68,68,1,0,1,99,1,105,70,7,46,52
201300000373,13,2,17,1630,1,1,1,6,4972324,323337,3,2,2,0,0,3,0,70,1,0,4,99,1,50,30,3,19,28
201300000375,13,6,1,1,5,1,1,7,4982271,324531,4,2,2,0,1,1,0,0,1,0,4,99,1,79,50,6,41,32
201300000384,13,4,26,1000,1,1,1,7,4924400,342200,3,2,2,0,1,1,0,54,1,0,1,99,1,65,42,2,19,44
201300000386,13,1,28,800,2,1,9,1,4938543,342683,4,2,2,0,2,2,0,65,7,0,1,0,1,102,90,4,31,67
201300000387,13,2,2,1505,1,1,1,6,4940870,352264,3,2,2,0,1,1,0,82,1,0,1,99,1,94,76,10,27,57
201300000388,13,3,28,1525,1,2,1,3,4938446,344086,3,2,2,0,0,0,0,0,1,5,1,0,1,78,53,1,24,53
201300000395,13,6,25,1015,1,1,1,1,5000205,395277,3,2,2,0,0,1,0,72,1,0,1,99,1,83,58,4,35,44
201300000396,13,4,8,1630,1,1,1,6,4992078,408377,4,2,2,0,2,1,0,90,1,0,1,0,1,90,56,5,28,57
201300000459,13,5,2,2330,3,6,1,6,4938500,253900,2,3,2,0,1,1,0,65,1,5,1,99,1,66,40,4,18,44
201300000460,13,11,13,845,5,1,1,6,4932300,243200,3,2,2,0,2,1,0,90,2,0,1,99,1,88,75,7,35,46
201300000469,13,1,6,215,3,1,2,6,4940400,302500,2,2,2,0,1,1,0,120,2,0,1,0,1,69,38,7,19,43
201300000471,13,1,31,915,1,1,1,3,4947400,289400,3,2,0,0,0,1,0,0,1,0,1,99,1,84,57,6,24,54
201300000473,13,5,9,1200,1,1,1,3,4951300,293200,3,2,0,0,2,3,0,68,1,2,1,99,1,51,42,2,19,30
201300000475,13,5,19,115,5,1,2,6,4951000,292900,3,2,2,0,1,3,0,70,2,0,1,99,1,94,29,7,41,46
201300000478,13,10,5,1500,1,1,1,6,4947600,287200,3,2,2,0,1,1,0,70,9,0,1,99,1,82,45,7,41,34
201300000479,13,10,16,845,1,2,1,2,4940600,298300,2,2,2,0,1,1,0,70,1,0,1,0,1,87,60,5,40,42
201300000511,13,7,4,1745,1,1,1,3,4948477,620855,4,2,0,0,0,0,0,35,1,0,1,99,1,75,52,9,34,32
201300000530,13,11,19,630,4,1,2,1,4917600,221800,3,2,2,0,1,4,0,75,2,0,1,0,1,82,56,3,36,43
201300000568,13,6,27,2215,2,1,1,3,4946781,95166,3,2,0,0,1,1,64,0,1,0,1,0,1,71,44,5,38,28
201300000569,13,9,9,815,1,1,1,2,4951817,99915,1,3,4,0,1,1,60,140,1,0,1,99,1,99,72,3,41,55
201300000571,13,2,16,1630,1,2,1,3,4956143,126409,3,2,2,0,1,1,0,0,1,0,1,0,1,90,47,9,36,45
201300000572,13,3,31,415,3,1,9,6,4956304,112238,3,2,2,0,2,2,0,0,1,0,3,0,1,59,29,5,26,28
201300000574,13,7,23,2145,2,1,1,7,4955936,112027,3,2,0,0,1,2,0,0,1,0,1,0,1,78,57,2,27,49
201300000576,13,9,19,1745,1,2,8,3,4960234,108171,3,2,2,0,2,1,0,100,1,0,1,0,1,68,55,4,19,45
201300000578,13,12,6,1115,1,1,7,6,4949693,114710,3,2,2,0,1,1,0,60,1,0,1,0,1,99,72,6,38,55
201300000579,13,12,23,845,1,1,1,5,4958131,104955,3,2,0,0,3,1,0,0,1,0,1,99,1,49,37,3,11,35
201300000582,13,11,27,1330,1,1,1,6,4982719,120152,3,2,2,0,0,3,40,0,1,0,1,99,1,74,48,7,27,40
201300000583,13,10,7,1030,1,1,7,6,4989781,125623,3,2,0,0,1,1,0,64,1,0,4,0,1,95,65,4,27,64
201300000584,13,7,5,1900,1,1,1,6,4990989,94192,3,2,2,0,4,3,0,70,1,0,1,99,1,103,79,5,43,55
201300000586,13,7,14,545,2,1,5,6,4972046,112831,3,2,2,0,0,1,0,65,0,0,1,99,1,72,59,1,40,31
201300000587,13,8,8,1530,1,1,1,2,4970663,105011,2,3,0,0,1,1,140,72,1,0,1,0,1,96,63,8,42,46
201300000588,13,8,18,1215,1,1,1,6,4969212,111048,3,3,2,0,2,0,0,40,1,0,3,99,1,72,42,7,31,34
201300000589,13,1,25,1615,1,1,1,1,4941415,125909,3,2,0,0,0,1,0,50,1,0,1,0,1,87,54,3,26,58
201300000590,13,2,23,1800,1,1,8,7,4936593,117668,3,2,2,0,1,2,0,0,1,0,1,99,1,71,42,3,27,41
201300000591,13,3,6,1300,1,1,1,6,4939730,115422,3,2,2,0,1,1,0,70,1,0,1,3,1,50,34,4,23,23
201300000594,13,7,8,815,1,1,1,3,4939967,117194,3,2,0,0,1,1,0,90,1,0,1,99,1,89,62,5,34,50
201300000608,13,4,2,1545,1,1,1,1,4966091,35912,3,2,2,0,1,3,0,90,1,0,1,99,1,68,41,2,33,33
201300000611,13,6,8,1630,1,1,1,3,4963094,26078,3,2,2,0,0,1,0,66,1,0,1,99,1,113,65,9,50,54
201300000614,13,10,8,715,5,3,1,6,4964160,26744,3,2,2,0,1,1,0,60,9,0,1,99,1,85,55,5,33,47
201300000616,13,10,28,1830,3,1,2,6,4962918,26104,3,2,2,0,1,4,0,65,2,0,3,99,1,53,46,1,18,34
201300000617,13,2,8,715,2,1,8,3,4959839,59476,3,2,2,0,0,1,0,0,2,0,1,0,1,125,70,6,44,75
201300000621,13,10,14,715,5,1,2,6,4958201,59817,3,0,2,3,1,1,0,80,2,0,1,3,1,78,53,2,34,42
201300000622,13,10,15,815,2,1,8,1,4959846,41873,3,2,2,0,2,3,0,62,2,0,1,99,1,96,63,3,37,56
201300000624,13,12,31,415,5,1,2,6,4953026,48948,3,2,2,0,0,1,0,0,2,0,3,99,1,55,57,2,29,24
201300000628,13,6,20,2345,3,1,2,5,4952802,33755,3,2,3,0,1,1,0,0,2,0,1,0,1,67,51,2,19,46
201300000630,13,7,29,1315,1,1,1,6,4953158,35305,4,1,1,0,1,1,0,0,1,0,4,0,1,73,55,1,44,28
201300000631,13,9,8,1115,1,1,1,3,4956093,37468,3,2,2,0,1,1,0,51,1,0,1,99,1,72,41,7,32,33
201300000633,13,10,21,1715,1,2,1,3,4947530,45861,3,2,2,0,1,2,0,0,1,0,1,99,1,71,58,5,36,30
201300000634,13,11,3,500,3,1,2,6,4948721,31413,3,3,2,0,1,1,0,0,2,0,1,99,1,58,32,4,19,35
201300000635,13,12,13,415,3,2,2,6,4952592,33004,3,2,2,0,2,1,0,109,2,0,1,99,1,96,58,9,37,50
201300000637,13,8,14,1630,1,1,1,1,4978644,150403,3,2,2,0,2,1,0,60,1,0,1,0,1,100,64,3,53,44
201300000641,13,11,30,700,3,1,9,1,4975163,140545,3,2,2,0,1,1,0,0,2,0,1,0,1,65,49,1,28,36
201300000644,13,4,3,1900,2,1,1,1,4987516,164312,4,2,2,0,0,2,0,0,1,0,1,0,1,79,54,7,23,49
201300000651,13,8,5,1915,1,1,1,1,4959320,145016,3,2,2,0,2,2,0,92,1,0,1,99,1,69,37,6,31,32
201300000656,13,12,16,645,2,1,1,6,4965884,124040,3,2,2,0,4,0,0,0,1,0,1,99,1,102,67,8,39,55
201300000657,13,12,12,1430,1,1,8,3,4965646,151941,3,2,2,0,1,2,0,70,2,0,1,0,1,75,56,4,22,49
201300000658,13,6,15,1915,1,1,1,1,4946601,162911,2,2,2,0,1,1,0,76,1,0,1,99,1,117,75,10,57,50
201300000659,13,10,11,1315,1,1,1,6,4948058,172358,3,2,2,0,1,2,80,80,1,0,1,3,1,85,61,9,34,42
201300000662,13,2,10,1500,1,1,4,1,4961584,70060,3,2,3,0,1,1,0,96,2,0,1,99,1,68,31,4,27,37
201300000663,13,3,8,2045,3,2,8,3,4962081,82471,3,2,2,0,1,1,0,96,1,0,1,99,1,65,68,1,34,30
201300000664,13,5,27,1430,1,3,1,3,4962703,73191,3,2,2,0,1,1,0,53,1,0,1,0,1,84,76,7,29,48
201300000667,13,3,19,1445,1,1,1,3,4957125,83469,3,2,0,0,1,1,0,64,1,0,1,3,1,60,46,0,24,36
201300000668,13,3,23,2000,3,1,1,6,4956391,90674,3,2,2,0,1,1,0,50,1,0,1,0,1,67,44,4,28,35
201300000670,13,5,22,1045,1,1,1,6,4957271,90497,3,2,2,0,1,1,0,100,1,0,1,99,1,80,60,3,20,57
201300000671,13,7,16,1345,1,3,1,3,4954695,95248,3,2,1,0,2,2,0,100,1,0,1,99,1,100,77,3,43,54
201300000678,13,1,13,1800,3,4,2,6,4976637,65415,3,2,2,0,1,1,0,50,2,0,1,0,1,38,13,5,15,18
201300000679,13,1,23,1430,1,1,1,3,4978975,67717,3,2,2,0,1,1,0,59,1,0,1,99,1,92,61,7,29,56
201300000681,13,8,31,15,3,2,1,1,4981061,78841,3,2,2,0,1,1,0,58,1,0,1,0,1,92,32,5,39,48
201300000682,13,1,1,1015,1,2,1,3,4977716,48766,3,0,0,0,0,1,0,52,2,0,1,0,1,77,33,3,26,48
201300000684,13,4,5,1630,1,1,2,1,4971738,36646,3,2,2,0,1,1,0,69,2,0,1,0,1,70,43,3,25,42
201300000685,13,5,20,1900,2,1,2,6,4971531,42177,3,2,0,0,1,2,0,48,2,0,1,99,1,69,40,4,21,44
201300000686,13,6,2,1300,1,1,1,1,4972065,54248,3,2,2,0,0,3,0,0,1,0,1,0,1,59,30,3,25,31
201300000688,13,8,10,1015,1,2,1,3,4971800,34383,3,2,2,0,1,1,0,0,1,0,1,0,1,107,83,9,56,42
201300000689,13,10,1,1430,1,1,1,1,4972054,44544,3,2,2,0,1,2,0,82,1,0,1,99,1,70,47,5,30,35
201300000690,13,3,5,1915,2,3,1,5,4964925,85088,3,2,2,0,1,1,0,0,1,5,1,0,1,81,67,5,43,33
201300000691,13,8,2,1545,1,2,1,3,4965444,95894,3,2,2,0,0,1,0,38,1,0,1,0,1,96,72,5,41,50
201300000692,13,12,8,2000,3,2,1,6,4962899,90374,3,2,2,0,0,0,0,0,0,0,0,0,1,59,41,5,34,20
201300000693,13,4,25,1500,1,1,1,7,4858400,100099,3,2,1,0,4,4,0,63,1,2,1,99,1,94,64,13,27,54
201300000696,13,7,27,1845,1,1,1,7,4857200,56500,4,2,2,0,1,1,0,0,1,0,1,99,1,102,75,8,43,51
201300000708,13,9,25,1230,1,1,1,3,4898800,126300,3,2,2,0,2,1,0,62,1,0,1,0,1,78,56,4,39,35
201300000711,13,1,14,2300,3,1,2,7,4853200,104200,3,2,0,0,1,0,0,0,2,0,3,0,1,82,56,0,35,47
201300000727,13,7,13,615,2,1,1,6,4872200,92300,2,2,2,0,1,2,70,90,1,0,3,0,1,98,43,12,52,34
201300000728,13,9,10,1145,1,1,1,3,4874900,83300,3,0,2,0,1,1,0,78,1,0,1,99,1,75,66,2,29,44
201300000730,13,12,28,1115,1,1,1,1,4892400,75000,3,2,0,0,0,3,0,63,1,0,1,0,1,63,42,4,28,31
201300000736,13,5,1,245,3,1,1,6,4905400,132500,3,2,2,0,1,1,0,70,1,0,3,99,1,57,38,7,24,26
201300000758,13,5,13,615,1,1,1,7,4907100,32500,3,2,1,0,0,4,0,0,1,0,3,99,1,96,53,9,34,53
201300000760,13,3,24,600,3,1,1,6,4902400,39100,3,2,2,0,0,1,0,55,1,0,1,0,1,70,36,4,28,38
201300000762,13,5,17,2030,1,2,2,1,4911500,36500,3,2,2,0,1,1,0,51,2,0,1,0,1,109,80,3,49,57
201300000766,13,7,26,830,1,1,2,3,4902500,41000,3,2,2,0,1,3,0,51,2,0,1,99,1,120,65,11,50,59
201300000769,13,5,11,1000,1,1,1,6,4909500,109100,3,2,2,0,2,3,0,58,1,0,1,99,1,65,25,3,31,31
201300000772,13,3,14,1815,2,1,1,6,4907200,118400,3,2,2,0,1,1,0,65,1,0,1,99,1,66,62,1,22,43
201300000800,13,4,17,700,1,1,1,3,4918400,53300,3,2,0,0,1,1,0,75,1,0,1,0,1,99,81,3,44,52
201300000801,13,5,15,730,1,3,1,3,4920500,55400,3,2,2,0,0,1,0,55,9,0,1,99,1,92,73,4,35,53
201300000804,13,6,13,715,1,1,1,3,4917500,55200,4,2,2,0,1,1,0,50,1,0,1,99,1,69,43,3,28,38
201300000811,13,3,17,1645,1,1,2,6,4931500,66100,3,2,2,0,2,2,0,53,2,0,1,99,1,76,34,5,31,40
201300000817,13,10,9,1945,3,6,1,3,4806204,175527,3,2,2,0,1,1,0,0,1,5,1,0,1,96,62,6,29,61
201300000824,13,12,11,830,2,1,9,6,4823988,154692,3,2,0,0,1,2,0,75,7,0,1,0,1,88,45,4,37,47
201300000825,13,1,9,1530,1,1,2,3,4822652,217695,3,2,2,0,1,1,0,73,2,0,1,99,1,101,76,7,34,60
201300000829,13,9,21,1,5,1,1,6,4800600,211000,3,2,0,0,4,4,0,0,1,0,1,0,1,63,52,3,32,28
201300000839,13,4,20,1430,1,3,1,6,4831125,117900,3,0,0,0,0,0,0,0,0,0,0,0,1,96,68,8,40,48
201300000849,13,8,23,1730,1,2,1,3,4830203,135744,3,2,2,0,2,1,0,63,1,0,0,0,1,87,51,4,38,45
201300000850,13,8,30,1315,1,1,1,1,4832035,142812,3,2,2,0,0,1,0,0,1,0,1,99,1,63,44,4,20,39
201300000851,13,9,20,2045,3,2,1,3,4825622,141190,3,2,2,0,1,1,0,71,1,0,1,99,1,113,81,5,45,63
201300000856,13,12,2,945,1,1,1,7,4845500,129526,3,2,1,0,1,1,67,0,1,0,1,0,1,64,48,0,30,34
201300000860,13,7,6,1200,1,2,1,6,4765079,208602,3,0,0,0,0,0,0,0,0,0,1,0,1,105,65,6,56,43
201300000870,13,9,12,1745,1,4,1,2,4791890,157068,3,2,2,0,1,1,0,60,1,0,1,99,1,61,43,1,19,41
201300000871,13,11,6,2100,3,1,2,6,4788782,174654,4,2,0,0,1,1,0,0,2,0,3,99,1,108,66,5,34,69
201300000883,13,10,6,700,3,1,1,6,4783629,188310,3,2,0,0,1,3,0,48,1,0,1,99,1,73,44,4,26,43
201300000887,13,1,26,815,1,6,1,2,4867837,186029,3,0,0,0,0,0,0,0,0,0,0,0,1,89,40,4,31,54
201300000889,13,10,17,1415,1,1,1,3,4861994,185137,3,2,0,0,0,0,0,0,1,0,1,0,1,78,53,2,31,45
201300000891,13,1,17,1815,5,1,1,3,4841600,174500,3,2,0,0,1,1,0,0,1,5,1,99,1,76,52,1,25,50
201300000894,13,4,6,1845,1,3,1,3,4853695,176586,3,0,0,0,2,1,0,63,1,0,1,3,1,60,35,4,21,35
201300000913,13,10,10,1200,1,2,1,4,4821858,116964,3,4,0,0,2,1,0,80,1,5,1,0,1,67,59,7,19,41
201300000923,13,4,30,1215,1,2,1,3,4783175,132844,3,2,2,0,1,1,0,80,1,5,1,99,1,81,52,2,37,42
201300000927,13,1,4,1200,1,1,1,1,4801298,143747,3,0,2,0,1,1,0,60,1,0,1,0,1,74,53,6,36,32
201300000936,13,11,20,730,2,1,9,1,4795300,152000,3,3,2,0,1,1,0,0,7,0,1,99,1,77,64,2,32,43
201300000955,13,12,9,1130,1,1,1,1,4847896,249894,3,2,2,0,1,3,0,97,1,0,1,99,1,101,67,10,48,43
201300000959,13,4,24,1600,1,9,1,6,4834752,275691,4,0,2,0,1,1,0,52,9,0,1,99,1,82,71,6,36,40
201300000960,13,5,10,1615,1,1,1,3,4834959,272552,3,2,2,0,2,1,0,62,1,0,1,0,1,76,44,6,27,43
201300000964,13,3,25,1745,1,2,1,1,4821206,277692,4,2,2,0,1,1,0,55,1,0,1,99,1,44,32,1,20,23
201300000966,13,9,15,1715,1,2,1,3,4827901,283115,3,2,2,0,1,1,0,60,1,5,1,99,1,81,41,2,39,40
201300000969,13,11,7,1730,4,1,2,6,4818347,275678,4,2,2,0,1,1,0,100,2,0,1,3,1,90,62,3,35,52
201300000977,13,11,22,1445,1,1,8,7,4878027,304460,4,0,0,0,0,2,0,70,2,0,1,0,1,98,82,1,37,60
201300000990,13,8,6,1130,1,1,1,4,4838952,283188,3,2,2,0,1,1,0,76,1,0,1,99,1,75,46,5,32,38
201300000995,13,2,7,800,1,1,1,1,4835462,196861,3,2,2,0,3,3,0,62,1,0,1,99,1,69,66,7,28,34
201300000996,13,2,18,1545,1,1,1,7,4842585,225618,3,2,2,0,1,1,0,54,1,0,3,99,1,67,40,5,28,34
201300000998,13,3,1,1745,1,2,1,3,4833741,196369,3,2,2,0,1,1,0,60,1,0,1,99,1,53,49,5,22,26
201300001004,13,8,1,2300,3,1,1,6,4838500,204199,3,2,2,0,0,1,0,0,1,0,1,99,1,98,75,11,55,32
201300001007,13,11,16,900,1,1,7,6,4835201,199980,4,2,2,0,2,1,0,0,0,0,3,99,1,74,42,5,27,42
201300001009,13,12,30,1930,5,1,8,6,4844760,207423,3,3,0,0,1,1,5,55,2,0,1,99,1,51,30,3,20,28
201300001011,13,11,24,2115,5,1,1,6,4857401,243371,4,2,0,0,2,1,0,60,2,0,3,0,1,64,29,6,36,22
201300001016,13,6,24,1500,1,1,1,1,4848942,232126,3,0,1,0,0,3,0,50,1,0,1,3,1,71,56,6,20,45
201300001017,13,7,18,330,5,1,1,6,4863493,227048,4,2,2,0,1,2,0,50,1,0,1,99,1,106,48,4,50,52
201300001021,13,2,11,830,1,1,9,1,4811700,260667,3,2,2,0,1,1,30,63,7,0,1,99,1,72,51,5,24,43
201300001025,13,10,18,1530,1,2,1,1,4818300,261000,3,2,0,0,1,1,0,60,1,5,1,99,1,65,55,2,27,36
201300001026,13,11,10,830,2,1,2,6,4819900,238200,2,3,4,0,0,1,10,80,2,0,1,99,1,56,32,6,21,29
201300001037,13,12,26,1300,1,3,1,7,4854477,313209,3,2,2,0,1,1,0,0,1,0,1,3,1,81,34,4,24,53
201300001051,13,7,10,1500,1,4,1,1,4881359,333619,3,2,3,0,2,3,0,86,1,0,1,99,1,87,62,4,35,48
201300001076,13,1,21,1900,3,1,2,1,4806237,436428,3,2,2,0,2,3,0,60,2,0,1,0,1,52,36,1,18,33
201300001081,13,1,11,2015,5,1,1,6,4790753,394780,4,2,0,0,2,1,0,25,1,0,3,0,1,113,71,6,49,58
201300001091,13,12,4,800,3,1,2,3,4792442,407218,3,2,3,0,3,2,0,135,2,5,1,99,1,80,71,3,33,44
201300001098,13,12,29,230,5,1,1,6,4786691,422229,4,1,1,0,2,0,0,98,2,0,0,0,1,44,16,3,16,25
201300001100,13,1,18,1345,1,1,8,3,4841308,445115,9,2,0,1,1,1,0,100,2,0,5,0,1,89,59,4,30,55
201300001108,13,10,3,1745,1,1,1,3,4846670,420824,3,2,0,0,1,1,0,95,1,5,1,99,1,58,51,3,23,32
201300001109,13,11,12,1730,2,1,1,6,4845410,425204,4,2,0,0,1,1,0,0,1,0,1,3,1,93,80,7,36,50
201300001122,13,4,9,1800,1,1,8,6,4843376,462193,4,2,0,0,1,0,0,0,1,0,1,99,1,91,70,1,27,63
201300001130,13,7,17,1700,1,1,1,2,4822241,407330,3,3,0,0,0,1,0,0,1,0,1,0,1,94,77,3,39,52
201300001133,13,12,1,445,3,1,1,6,4820138,408434,3,2,2,0,1,1,0,61,1,0,1,0,1,79,48,7,41,31
201300001140,13,3,26,1415,1,1,1,2,4823840,396319,3,2,2,0,1,1,0,72,1,5,1,0,1,53,45,5,22,26
201300001145,13,8,20,1130,1,1,1,1,4827965,460559,4,0,0,0,1,1,0,0,1,0,1,0,1,77,48,3,41,33
201300001150,13,5,28,1700,1,1,1,1,4864328,371826,4,2,0,0,1,1,0,63,1,0,1,3,1,68,32,4,26,38
201300001208,13,3,30,1745,1,1,1,6,4765883,297967,4,2,2,0,3,2,0,60,1,0,3,99,1,64,37,7,26,31
201300001211,13,7,2,1630,1,1,1,3,4768650,301350,3,2,2,0,0,2,0,0,1,5,1,99,1,107,74,8,48,51
201300001213,13,8,24,1130,1,1,1,6,4766670,298509,4,1,1,0,1,0,0,0,1,6,1,0,1,61,41,4,28,29
201300001214,13,9,14,1600,1,1,1,6,4766703,298606,9,1,0,0,0,1,0,0,1,0,1,0,1,95,67,9,45,41
201300001224,13,8,17,1430,1,1,1,7,4751579,313190,3,0,2,0,1,1,0,166,1,0,1,99,1,76,48,3,37,36
201300001291,13,7,31,1815,1,1,1,1,4804929,364776,4,2,0,0,1,2,0,40,1,0,1,0,1,72,73,3,27,42
201300001294,13,4,23,1815,1,2,1,3,4928380,40855,3,2,2,3,1,1,0,112,1,5,1,0,1,89,60,7,40,42
201300001312,13,3,13,1745,1,1,8,1,4915620,28227,3,2,3,0,1,1,0,105,5,0,1,99,1,53,31,4,14,35
201300001320,13,1,22,1145,1,6,2,6,4925800,34440,4,2,2,0,0,0,0,0,2,0,0,99,1,80,50,4,28,48
201300001356,13,2,21,910,1,3,7,3,4902030,3478,4,2,2,0,1,1,0,42,1,0,1,99,1,56,38,4,19,33
201300001367,13,1,15,1900,5,2,2,3,4935530,17072,3,2,2,0,1,1,0,0,2,0,0,99,1,73,52,6,25,42
201300001375,13,2,24,315,3,1,4,6,4918290,16975,3,2,1,0,2,3,0,47,2,0,3,99,1,58,34,4,29,25
201300001384,13,4,21,1545,1,1,7,2,4884470,91371,3,2,2,0,2,1,0,130,1,0,1,0,1,81,49,8,48,25
201300001413,13,3,18,1215,1,1,2,6,4873770,237305,4,0,2,0,1,1,0,117,1,0,1,99,1,62,38,3,17,42
201300001416,13,4,29,2000,1,1,1,7,4898240,95640,2,3,4,0,1,3,0,0,1,0,1,99,1,68,52,4,28,36
201300001417,13,5,23,2315,5,1,8,6,4874040,236051,4,2,2,0,1,1,0,71,2,0,1,99,1,75,45,2,26,47
201300001450,13,10,31,1730,2,2,1,3,4878500,150273,3,2,0,0,0,1,0,54,1,5,1,0,1,100,99,4,41,55
201300001451,13,11,11,1000,1,1,7,6,4879400,139642,3,0,0,0,2,3,0,70,1,0,1,99,1,75,38,7,31,37
201300001479,13,9,18,1045,1,1,1,1,4947760,165877,3,2,2,0,3,2,0,59,2,0,1,0,1,105,89,4,27,74
201300001488,13,2,25,1300,1,1,1,1,4956000,161698,3,2,2,0,0,3,0,70,1,0,1,99,1,38,29,5,8,25
201300001510,13,11,14,1830,3,1,9,6,4890020,126199,3,2,2,0,1,1,0,60,2,0,1,99,1,69,56,8,27,34
201300001511,13,11,18,2030,3,1,3,5,4900250,152048,3,3,2,0,1,1,0,63,2,0,1,99,1,49,33,1,17,31
201300001517,13,6,19,1830,1,2,1,3,4919020,157198,3,2,2,0,1,1,0,63,1,0,1,0,1,86,55,3,39,44
201300001539,13,11,29,745,1,1,5,6,4863960,91548,3,2,2,0,2,3,60,0,2,0,0,99,1,85,60,1,29,55
201300001547,13,1,20,935,1,3,1,1,4620200,523180,4,2,2,0,1,0,0,59,2,0,1,99,1,47,20,5,21,21
201300001660,13,9,11,2330,3,3,2,3,4867261,20387,3,2,2,0,1,1,0,73,2,0,1,99,1,74,58,2,30,42
201300001672,13,11,5,1800,2,1,2,1,4862276,35967,3,2,2,0,1,3,0,70,2,0,3,0,1,97,60,5,36,56
201300001678,13,3,2,2205,3,1,1,6,4856179,47509,3,2,2,0,1,1,0,45,1,0,3,99,1,83,61,5,25,53
201300001688,13,12,27,930,1,1,2,1,4824964,69537,3,4,3,0,1,1,0,60,2,0,1,99,1,63,53,4,25,34
201300001939,13,9,16,1800,1,1,8,1,4730151,94787,3,2,2,0,1,2,0,44,1,0,1,0,1,67,37,5,22,40
201300002034,13,8,28,500,3,1,5,7,4796152,108085,4,2,2,0,1,3,0,38,1,0,3,99,1,57,33,5,28,24
201300002054,13,9,13,1500,1,1,2,1,4833921,103213,3,2,1,0,1,3,0,45,2,0,1,0,1,85,57,7,36,42
201300002069,13,4,4,15,5,6,1,7,4625430,563716,3,3,2,0,1,1,0,68,1,0,1,3,1,31,26,2,9,20
201300002188,13,12,22,1745,2,3,1,3,4841100,8800,4,2,0,0,0,1,60,0,1,0,1,99,1,70,29,4,28,38
201300002311,13,10,23,1015,1,1,1,3,4684511,181518,4,2,2,0,1,1,0,41,2,0,1,99,1,73,61,3,21,49
201300002690,13,2,28,1645,1,1,1,3,4490510,118951,3,2,2,0,1,1,0,76,1,0,1,99,1,66,51,1,21,44
201300002711,13,11,28,1715,2,1,1,3,4490490,95276,3,2,2,0,1,1,0,59,1,0,1,0,1,87,53,1,36,50
201300002741,13,1,7,810,2,6,8,6,4364359,142639,3,0,2,0,1,2,0,0,1,0,1,0,1,53,35,6,15,32
201300002743,13,5,5,340,3,1,1,1,4373558,141202,3,2,2,0,1,1,0,61,1,0,1,0,1,66,24,3,33,30
201300002793,13,1,19,1115,1,1,2,5,4436472,110285,3,2,2,0,1,1,0,63,2,0,1,99,1,59,43,2,23,34
201300002893,13,10,2,800,1,3,1,3,4419350,2479,3,2,2,0,1,1,0,60,1,0,1,99,1,67,65,3,33,31
201300003041,13,12,15,930,1,1,7,6,4686100,46600,3,2,2,0,2,2,0,50,7,0,3,99,1,63,47,6,25,32
201300003322,13,8,19,900,1,1,1,6,4603203,69873,4,2,1,0,1,1,0,25,1,0,3,0,1,46,35,4,13,29
201300003480,13,10,22,1615,1,1,3,6,4542700,157700,3,2,2,0,2,3,0,65,2,0,1,99,1,66,59,1,23,42
201300003491,13,11,26,1015,2,1,1,3,4514700,133900,3,2,2,0,1,2,0,71,1,0,1,0,1,65,53,3,24,38
201300003920,13,2,27,1445,1,4,1,6,4395370,65104,2,2,2,0,1,3,0,74,1,0,1,99,1,71,40,5,24,42
201300004023,13,5,21,1700,1,1,2,3,4480581,161381,3,2,0,0,1,1,0,0,2,0,1,99,1,67,47,2,22,43
201200000001,12,3,16,1930,5,1,1,6,5052928,293643,3,2,0,0,1,1,0,72,1,0,1,0,1,200,136,14,76,110