Num_Acc,an,mois,jour,hrmn,lum,int,atm,col,lat,long,catr,circ,nbv,vosp,prof,plan,lartpc,larrout,surf,infra,situ,env1,chance,sum,unscathed,killed,hospital,light
201200000002,12,9,1,2145,5,1,1,3,5053380,292738,3,2,2,0,1,1,0,65,1,0,1,99,1,150,94,10,64,76
201200000003,12,11,20,1815,5,1,1,5,5054757,292033,3,2,2,0,1,3,0,77,1,0,1,0,1,132,146,6,48,78
201200000004,12,1,7,1915,5,1,1,3,5053315,280229,3,2,2,0,1,1,0,70,1,0,1,3,1,144,108,10,64,70
201200000005,12,1,17,2000,5,1,1,1,5055855,290642,3,2,2,0,1,1,0,68,1,0,1,99,1,150,86,4,52,94
201200000006,12,1,22,1800,5,1,1,6,5053665,280409,4,2,0,0,0,1,0,67,1,6,1,3,1,104,34,10,32,62
201200000007,12,4,14,1645,1,1,1,6,5053029,280229,3,1,2,1,1,1,0,62,1,0,1,0,1,140,98,4,68,68
201200000008,12,7,13,1600,1,1,1,6,5056311,289884,3,2,2,0,1,1,69,0,1,0,1,99,1,172,116,22,72,78
201200000009,12,8,10,1700,1,1,1,2,5053251,283444,2,3,0,0,2,1,0,0,1,0,1,0,1,198,122,22,80,96
201200000010,12,9,14,445,5,1,1,6,5056270,286586,3,2,0,0,1,3,0,60,1,0,4,0,1,170,114,18,68,84
201200000011,12,9,20,645,2,1,1,3,5056031,287723,3,2,2,0,1,1,0,0,1,0,1,0,1,156,92,4,58,94
201200000013,12,10,31,1900,5,1,1,6,5053128,280400,3,1,1,0,1,1,0,40,1,0,1,99,1,166,136,8,102,56
201200000014,12,11,9,2015,5,1,1,1,5055774,290360,4,0,0,0,1,1,0,60,1,0,1,99,1,196,150,18,72,106
201200000015,12,12,29,1630,1,1,1,6,5057993,287710,2,3,4,0,0,1,10,120,1,0,1,0,1,146,96,10,50,86
201200000016,12,2,7,745,1,1,1,1,5053197,309026,3,2,2,0,1,1,0,120,1,0,1,0,1,134,90,12,54,68
201200000017,12,4,6,1945,2,1,1,2,5052560,310788,3,2,2,2,1,1,0,37,1,0,1,99,1,168,120,14,56,98
201200000019,12,6,16,1615,1,1,1,3,5049630,319103,3,2,2,0,1,1,0,0,1,0,1,99,1,210,126,10,106,94
201200000020,12,7,20,2345,5,1,3,6,5055735,313686,3,2,1,0,1,2,0,0,2,0,1,0,1,114,72,8,52,54
201200000021,12,10,7,1715,1,1,1,6,5050945,309325,4,0,1,0,1,3,0,60,1,0,1,0,1,114,52,4,52,58
201200000022,12,11,29,2300,3,1,8,7,5053890,316157,3,2,1,0,1,1,60,60,2,0,0,0,1,126,92,8,58,60
201200000023,12,12,15,445,5,1,8,3,5054131,308575,4,2,0,0,0,1,0,60,2,0,1,99,1,164,90,10,74,80
201200000024,12,12,21,1230,1,1,1,1,5054291,311514,3,2,2,0,1,3,0,53,1,0,1,0,1,284,186,20,110,154
201200000025,12,2,29,1130,1,1,1,1,5046470,303063,3,2,2,0,1,1,70,70,1,0,1,99,1,144,94,8,50,86
201200000026,12,5,10,1845,1,1,1,6,5046471,303058,3,2,2,0,1,1,0,78,1,0,1,0,1,190,96,16,90,84
201200000027,12,8,4,915,1,1,1,6,5046475,303050,3,2,2,0,1,1,0,70,1,5,1,0,1,148,78,18,80,50
201200000028,12,8,5,1715,1,1,1,1,5045715,308631,3,2,2,0,1,1,0,56,1,0,1,0,1,158,62,16,96,46
201200000029,12,10,5,1815,1,1,1,3,5045785,302463,3,2,2,0,1,1,0,63,1,0,1,0,1,200,146,14,96,90
201200000030,12,10,14,1200,1,1,1,6,5044798,307207,3,2,0,0,2,3,0,67,1,0,3,99,1,124,62,16,38,70
201200000031,12,10,19,2355,5,1,2,6,5045282,303448,3,2,0,0,1,2,0,60,2,0,4,0,1,196,132,12,74,110
201200000032,12,10,24,1930,5,1,1,3,5047488,305142,3,2,2,0,1,1,0,0,1,0,1,99,1,134,90,4,50,80
201200000033,12,11,14,645,5,1,5,3,5047733,311821,3,0,2,0,1,1,0,58,2,0,1,0,1,162,112,2,60,100
201200000034,12,1,14,1600,2,1,1,6,5092760,220281,4,2,1,0,0,1,35,35,1,0,1,0,1,152,132,12,66,74
201200000035,12,3,31,15,3,1,1,7,5096780,223629,3,2,2,0,1,3,0,50,1,0,3,0,1,216,112,14,108,94
201200000036,12,3,28,1400,1,1,1,3,5097413,217926,3,2,2,0,1,1,0,31,1,0,1,0,1,170,110,2,62,106
201200000037,12,4,23,1500,1,1,3,7,5091266,219608,4,2,2,0,0,3,0,35,2,0,0,99,1,100,76,10,26,64
201200000038,12,5,17,415,3,1,1,6,5082629,224306,3,2,2,0,2,2,0,51,1,0,3,99,1,156,78,22,74,60
201200000039,12,6,24,2145,1,1,1,3,5090647,222263,4,0,2,0,1,1,30,30,1,0,1,0,1,158,98,4,82,72
201200000040,12,6,29,700,1,1,1,1,5096461,223072,3,2,2,0,1,1,0,71,1,0,1,99,1,186,160,12,82,92
201200000041,12,7,10,745,1,7,1,3,5094603,219666,4,1,0,0,0,1,30,0,1,0,1,99,1,144,66,6,68,70
201200000042,12,11,6,1445,1,1,1,6,5094657,219535,3,3,0,0,1,2,2,68,1,0,1,99,1,152,104,10,60,82
201200000043,12,1,31,1900,3,9,1,6,5087740,247325,3,2,2,0,1,3,0,64,1,0,1,0,1,112,56,4,56,52
201200000044,12,2,1,815,1,1,1,6,5088135,246577,3,0,2,0,0,1,0,55,1,0,1,0,1,138,100,4,52,82
201200000046,12,2,25,1600,1,1,1,3,5088666,253487,3,2,0,0,0,3,0,62,1,0,1,99,1,164,96,14,64,86
201200000047,12,3,25,1600,1,1,1,1,5088409,233387,3,2,2,0,1,1,63,0,1,0,1,0,1,182,102,18,94,70
201200000048,12,9,9,1445,1,1,1,1,5084101,247650,3,2,2,2,1,1,0,68,1,0,1,0,1,202,96,14,118,70
201200000049,12,11,18,1915,3,1,1,6,5083610,229335,3,2,0,0,1,1,0,60,1,0,1,0,1,130,74,18,52,60
201200000050,12,1,9,1415,1,1,1,6,5076119,243190,3,2,0,0,1,2,0,0,1,0,3,0,1,126,86,10,52,64
201200000051,12,3,18,700,2,1,1,1,5073106,244015,3,2,0,0,0,1,0,80,2,0,1,0,1,182,94,14,60,108
201200000052,12,7,14,1900,1,1,1,6,5075269,247507,3,2,2,1,1,1,0,62,1,0,1,0,1,194,114,24,82,88
201200000053,12,8,9,1830,1,1,1,3,5075609,262544,3,2,2,0,1,1,0,95,1,0,1,0,1,88,78,8,32,48
201200000054,12,9,7,1930,1,1,1,2,5076127,259838,3,2,2,0,1,1,0,67,1,0,1,99,1,218,158,14,82,122
201200000055,12,10,26,2200,3,1,1,2,5073050,244475,3,2,0,0,2,1,0,77,1,0,1,0,1,138,84,8,46,84
201200000057,12,11,12,1115,1,1,1,6,5070560,252537,3,0,2,1,2,1,0,75,0,0,1,99,1,152,110,10,36,106
201200000059,12,1,8,1515,1,1,1,6,5073293,266391,3,2,2,0,1,1,79,0,1,0,3,0,1,130,56,10,78,42
201200000060,12,5,26,1530,1,1,1,2,5077197,273969,3,2,2,0,2,1,0,64,1,0,1,99,1,214,106,16,100,98
201200000061,12,7,15,530,2,1,1,2,5073498,270072,3,3,2,0,2,1,10,140,2,0,1,0,1,152,84,18,64,70
201200000062,12,7,18,1615,1,1,1,3,5081421,267024,3,2,2,0,1,3,0,100,1,0,1,0,1,130,112,12,70,48
201200000064,12,2,26,445,3,1,5,7,5069143,272606,3,2,2,0,1,2,0,70,2,0,3,0,1,118,84,12,58,48
201200000065,12,3,21,1345,1,1,1,1,5063477,269784,3,2,0,0,1,3,0,70,1,0,0,0,1,144,100,8,56,80
201200000066,12,4,4,1745,1,1,1,6,5068465,278625,3,2,2,0,2,1,0,67,1,0,1,0,1,146,84,0,56,90
201200000067,12,7,16,1630,1,1,1,6,5067616,279179,3,2,0,0,1,3,0,60,1,0,1,99,1,132,78,12,42,78
201200000068,12,7,28,1200,1,1,1,6,5069837,276344,3,2,2,0,1,1,0,57,1,0,3,0,1,202,110,16,72,114
201200000069,12,10,4,730,1,1,3,7,5061844,274570,3,2,0,0,1,1,0,72,6,0,3,99,1,214,154,18,108,88
201200000071,12,11,13,1845,5,1,8,1,5063763,271027,4,2,2,0,1,1,0,78,1,0,1,99,1,192,142,10,74,108
201200000072,12,11,15,1800,2,1,1,1,5065275,269650,3,2,2,0,0,1,0,70,2,0,1,0,1,182,116,12,68,102
201200000073,12,11,27,1730,5,1,1,6,5064523,272026,3,2,2,0,1,1,0,0,1,6,1,3,1,134,98,10,34,90
201200000074,12,1,5,900,1,1,1,6,5064256,263781,4,2,2,0,0,1,0,55,0,0,1,0,1,132,84,10,40,82
201200000075,12,5,13,1500,1,1,1,7,5064123,262732,3,2,2,0,0,1,0,50,1,0,1,99,1,156,84,18,68,70
201200000076,12,7,7,1545,1,1,3,6,5066470,265766,4,2,2,0,1,1,0,33,2,0,1,99,1,186,120,16,76,94
201200000077,12,7,26,1100,1,1,1,1,5065542,266185,3,2,1,1,1,1,0,80,1,0,1,99,1,190,124,14,54,122
201200000078,12,9,22,1815,1,1,1,6,5064275,254405,3,2,0,0,1,1,0,70,1,0,1,0,1,146,94,12,76,58
201200000079,12,3,6,1930,5,1,1,3,5077315,256221,3,2,2,0,1,1,0,70,1,0,1,99,1,142,96,8,42,92
201200000081,12,5,15,830,1,9,1,6,5080707,258538,6,1,1,0,1,1,0,0,1,0,1,3,1,156,106,8,74,74
201200000082,12,5,19,1345,1,1,1,1,5087929,257486,3,2,2,0,1,1,0,70,1,0,1,99,1,180,108,4,90,86
201200000083,12,6,22,1445,1,1,1,2,5080052,248351,3,2,0,0,1,2,50,70,1,0,1,99,1,182,140,14,88,80
201200000084,12,6,21,1630,1,1,9,7,5079078,251246,3,2,2,0,1,1,50,80,2,0,1,99,1,156,110,12,58,86
201200000086,12,12,18,1700,5,1,1,3,5081257,258028,4,2,2,0,1,1,0,0,1,0,1,0,1,144,100,10,48,86
201200000087,12,4,19,1430,1,1,3,6,5060268,322967,3,2,2,2,1,1,0,100,2,2,5,0,1,96,64,6,40,50
201200000088,12,7,4,1745,1,1,2,1,5064017,323535,3,2,2,1,1,2,18,80,2,0,1,99,1,160,104,8,54,98
201200000089,12,9,2,300,3,1,1,1,5060798,326817,3,2,0,2,1,2,0,0,1,0,1,0,1,92,58,8,52,32
201200000091,12,12,3,830,4,1,3,7,5061056,320457,3,2,2,0,1,1,19,81,2,0,1,3,1,142,110,12,48,82
201200000092,12,1,13,2245,5,1,1,1,5057739,319174,3,2,2,1,1,3,10,85,1,0,1,0,1,188,142,18,72,98
201200000093,12,3,4,2030,5,1,2,6,5053182,327390,3,2,2,0,1,1,0,80,2,0,1,99,1,114,86,10,56,48
201200000094,12,6,12,800,1,1,7,5,5057601,317381,3,2,2,0,1,3,0,60,1,0,1,99,1,188,142,14,64,110
201200000095,12,7,2,1230,1,1,1,2,5051299,327328,3,2,2,1,1,1,0,60,1,0,1,0,1,142,74,16,54,72
201200000096,12,9,25,800,1,1,1,5,5057696,319379,3,2,2,0,1,1,0,0,0,5,1,0,1,142,116,6,66,70
201200000097,12,1,19,815,5,1,2,6,5070810,300185,3,2,2,1,1,1,0,60,2,0,1,0,1,168,104,16,50,102
201200000101,12,12,1,1245,1,1,1,3,5072756,294114,3,2,2,0,1,1,0,58,1,0,1,0,1,148,102,8,64,76
201200000102,12,2,2,1930,3,1,9,6,5029815,352816,3,2,2,0,1,3,0,59,1,0,1,99,1,128,78,8,54,66
201200000103,12,2,11,1545,3,9,1,2,5031700,360799,3,3,2,0,1,1,0,142,1,0,1,99,1,172,116,14,64,94
201200000104,12,5,27,1900,1,1,7,1,5034106,364687,4,2,2,0,2,1,0,54,1,0,1,0,1,170,58,10,94,66
201200000105,12,2,9,900,1,1,7,6,5024840,337720,3,2,0,0,0,1,0,66,1,0,1,3,1,126,122,8,28,90
201200000106,12,8,11,1615,1,1,1,6,5031289,327082,3,2,0,3,1,1,0,80,1,5,3,0,1,144,76,12,76,56
201200000107,12,12,28,1900,5,1,2,6,5025790,341616,3,2,2,0,1,1,0,70,2,0,1,99,1,162,94,18,64,80
201200000108,12,3,1,1945,3,1,2,6,5045874,348627,3,2,0,0,1,1,0,61,2,0,1,0,1,102,80,10,36,56
201200000109,12,1,6,2230,5,1,1,3,5012854,383774,3,2,2,0,2,1,0,63,1,0,1,0,1,172,140,18,66,88
201200000110,12,1,18,1000,1,1,1,1,5009081,393022,2,2,2,0,1,1,0,50,1,0,1,0,1,154,108,6,58,90
201200000112,12,7,29,1945,1,1,9,1,5003330,387950,3,2,2,0,3,3,0,50,1,0,1,0,1,168,64,16,84,68
201200000113,12,8,14,830,1,1,1,6,5012690,392909,3,2,2,0,1,1,0,70,1,0,1,99,1,152,96,12,72,68
201200000115,12,1,10,1015,1,1,1,6,5001800,404648,4,1,2,0,0,1,0,69,1,6,1,99,1,156,108,4,68,84
201200000116,12,7,22,1800,1,1,1,7,5002705,406520,3,2,0,0,2,1,0,59,1,0,1,0,1,212,88,10,134,68
201200000117,12,9,8,1845,1,1,1,3,5001786,404010,4,2,2,0,0,1,0,0,1,0,1,99,1,226,134,22,124,80
201200000118,12,1,12,1100,1,1,1,1,5012420,369042,3,2,2,0,1,1,60,0,1,0,1,99,1,130,116,10,54,66
201200000119,12,6,3,700,2,9,2,6,5013555,367933,3,2,2,0,2,3,0,60,1,0,1,99,1,104,46,0,50,54
201200000120,12,7,1,1615,1,1,1,7,5014588,382455,4,2,1,0,1,1,0,30,1,0,1,99,1,174,100,18,80,76
201200000121,12,9,6,2030,1,1,1,3,5019114,364155,3,2,2,0,4,1,0,0,1,0,1,0,1,154,128,6,60,88
201200000122,12,10,15,1345,1,3,1,3,5006199,379383,3,0,0,0,0,0,0,60,1,0,0,0,1,148,104,8,66,74
201200000123,12,11,16,1800,5,1,8,2,5012774,368654,3,2,2,0,1,1,0,78,1,0,4,0,1,178,106,14,68,96
201200000124,12,12,22,1645,2,1,3,1,5006917,378043,3,2,2,0,1,1,0,48,2,0,1,0,1,150,90,12,60,78
201200000126,12,8,19,230,5,1,1,6,5006268,410181,3,2,2,0,1,3,0,67,1,0,4,99,1,174,128,16,72,86
201200000127,12,11,11,2300,3,1,1,6,5011535,407867,3,2,2,0,2,1,0,57,1,0,3,0,1,132,60,18,66,48
201200000128,12,8,26,100,3,1,1,7,5024111,324828,3,2,2,0,1,1,0,40,2,0,1,99,1,148,60,16,56,76
201200000129,12,6,9,245,5,1,1,6,5010330,355112,3,2,2,0,0,2,0,69,1,0,1,0,1,154,114,6,70,78
201200000130,12,6,30,2230,3,1,1,7,5008214,355063,3,2,0,0,0,1,0,78,1,0,3,0,1,204,158,8,94,102
201200000131,12,8,12,1130,1,1,7,6,5010406,353610,4,3,0,0,0,1,0,40,1,0,0,0,1,178,104,12,88,78
201200000132,12,8,24,1515,1,1,1,6,5010220,354122,3,1,0,0,1,1,0,0,1,0,1,0,1,96,62,6,40,50
201200000133,12,9,16,500,3,1,1,1,5009612,357484,2,2,2,0,0,1,40,80,1,0,1,0,1,174,92,28,74,72
201200000134,12,12,16,145,3,9,1,6,5010315,355195,3,2,0,0,2,3,96,0,2,0,1,0,1,126,98,20,56,50
201200000135,12,3,7,1845,5,1,3,1,5014100,338151,3,2,0,0,1,1,0,100,2,5,1,99,1,184,102,8,72,104
201200000136,12,7,12,1630,1,1,1,6,5012305,342084,4,2,4,0,1,0,0,159,1,0,1,99,1,140,84,6,54,80
201200000138,12,9,19,2115,5,1,1,3,5012593,341017,3,2,2,0,1,1,0,64,1,5,1,3,1,130,84,20,54,56
201200000141,12,11,22,1430,1,1,1,1,5012700,341732,4,2,0,0,1,1,0,90,1,0,1,99,1,170,106,10,80,80
201200000142,12,12,12,1100,1,1,1,6,5012103,340735,4,1,0,0,2,0,0,0,1,0,1,99,1,142,116,14,46,82
201200000144,12,5,8,2015,2,1,8,6,5010761,334731,3,2,2,0,1,1,0,60,1,0,3,99,1,54,34,8,30,16
201200000149,12,12,14,1745,5,3,2,3,5008503,344077,3,2,0,0,2,1,0,63,2,0,1,99,1,186,138,10,56,120
201200000159,12,11,5,515,3,1,8,6,5022973,350441,3,2,2,0,1,1,0,70,2,0,3,99,1,190,116,22,66,102
201200000160,12,1,3,800,3,1,1,2,5029247,324218,3,2,2,0,1,1,0,63,1,0,1,0,1,166,108,10,58,98
201200000161,12,1,23,2230,3,6,1,7,5030452,313399,3,2,2,0,4,1,0,0,1,5,0,99,1,136,100,10,54,72
201200000162,12,6,11,1215,1,1,2,3,5031038,312628,4,2,0,0,0,3,0,0,2,5,1,0,1,142,92,4,64,74
201200000163,12,7,3,1645,1,1,1,6,5033605,310058,3,2,2,0,1,1,0,0,1,0,1,99,1,140,102,10,56,74
201200000165,12,12,20,900,1,1,2,2,5030999,313629,3,3,2,0,1,1,20,95,2,0,1,99,1,138,90,8,66,64
201200000166,12,2,20,1330,1,1,1,1,5047960,324878,4,0,2,0,1,1,0,0,1,0,1,99,1,94,98,4,30,60
201200000168,12,4,1,1915,1,1,1,2,5048977,319785,3,2,2,2,1,1,0,66,1,0,1,99,1,202,126,16,98,88
201200000170,12,7,8,715,1,1,2,7,5048741,326077,3,2,2,0,1,1,0,75,2,0,1,0,1,114,84,18,54,42
201200000171,12,9,4,2230,4,1,1,7,5042995,324326,4,2,0,0,1,2,0,0,1,0,1,99,1,118,88,16,44,58
201200000173,12,3,9,2015,5,1,1,6,5029814,378845,3,0,2,0,0,0,0,70,1,0,1,0,1,178,112,10,56,112
201200000174,12,3,12,1330,1,1,1,6,5029704,379813,3,2,2,0,1,1,60,0,1,5,1,99,1,148,98,12,54,82
201200000175,12,5,11,2300,3,1,1,7,5032802,392965,3,2,2,0,0,1,0,60,1,0,3,0,1,160,128,0,66,94
201200000176,12,5,28,1030,1,4,1,5,5031138,384653,3,2,0,0,1,1,0,60,1,0,1,0,1,198,126,16,110,72
201200000178,12,1,26,2200,3,1,2,7,5031291,367993,3,2,2,0,2,3,0,52,2,0,1,99,1,118,84,4,38,76
201200000179,12,1,28,1700,1,1,1,1,5022239,361062,3,2,2,0,1,1,0,0,1,0,1,0,1,164,104,10,62,92
201200000181,12,12,13,2000,3,1,2,6,5022569,409599,3,2,2,0,1,1,0,51,2,0,1,0,1,132,140,2,42,88
201200000184,12,9,17,1900,1,1,1,3,5080100,168900,1,1,0,0,1,1,15,70,1,0,1,0,1,128,78,6,56,66
201200000189,12,4,12,515,3,1,1,3,5026200,269100,2,2,2,0,1,1,34,71,1,0,1,0,1,116,108,6,40,70
201200000190,12,6,7,1845,1,3,1,3,5017600,244300,2,2,2,0,1,3,0,71,1,0,1,0,1,162,100,8,56,98
201200000192,12,8,3,1345,1,1,1,7,5015000,271400,3,2,2,0,1,2,60,60,1,0,1,99,1,250,132,26,82,142
201200000193,12,9,27,830,1,1,1,6,5031600,264900,3,2,2,0,1,2,0,70,1,0,1,0,1,174,130,14,82,78
201200000194,12,10,30,1845,3,1,1,1,5012000,269300,3,2,2,0,1,1,0,68,1,0,1,99,1,144,132,10,56,78
201200000195,12,1,25,1445,1,1,2,1,5038200,280100,2,2,3,0,1,1,0,111,2,0,1,0,1,172,114,14,52,106
201200000197,12,3,15,2115,3,1,1,6,5033600,289800,3,3,4,3,1,3,75,180,1,0,1,0,1,184,150,8,72,104
201200000204,12,9,24,745,1,1,1,6,5038400,280100,2,2,0,0,1,1,0,80,1,0,1,99,1,146,90,8,54,84
201200000205,12,9,28,945,1,1,1,1,5036700,291400,3,2,2,0,1,2,0,60,1,0,1,99,1,174,112,14,76,84
201200000208,12,3,22,1345,1,1,1,6,5023500,315200,3,2,2,0,1,1,0,56,1,0,1,99,1,136,106,10,54,72
201200000209,12,6,17,1430,1,1,1,7,5019300,289800,3,2,2,0,1,3,0,0,1,0,3,0,1,202,80,18,84,100
201200000212,12,11,23,1815,3,1,2,3,5021100,310300,3,3,1,0,1,1,0,50,2,5,1,0,1,170,130,12,86,72
201200000214,12,6,15,615,2,1,2,3,5029379,304755,3,2,1,0,1,1,0,67,2,5,1,0,1,262,144,26,96,140
201200000226,12,2,16,1130,1,1,8,3,5074200,178000,2,0,2,0,1,1,60,0,2,0,1,0,1,108,74,6,38,64
201200000234,12,9,15,2015,2,1,1,7,5068200,180200,3,2,2,0,0,2,0,63,1,0,1,99,1,194,102,16,90,88
201200000235,12,10,28,1930,5,1,2,1,5067300,181900,3,2,2,0,0,3,0,75,2,0,1,0,1,102,50,10,42,50
201200000238,12,12,17,1715,5,1,2,6,5064500,175300,3,2,2,0,1,1,0,0,2,0,1,99,1,168,114,12,60,96
201200000248,12,4,11,1745,1,1,1,3,5042900,259400,3,2,2,0,4,3,0,70,1,0,1,99,1,134,92,6,60,68
201200000251,12,6,20,1600,1,1,1,6,5045200,265300,3,2,2,0,1,1,0,60,1,0,1,99,1,160,112,10,68,82
201200000252,12,10,25,815,2,1,5,6,5040300,264400,3,2,2,0,1,1,0,50,2,0,1,99,1,136,94,12,44,80
201200000257,12,3,13,2300,3,6,1,6,5043900,173900,3,2,0,0,1,1,0,0,1,0,3,0,1,130,96,2,54,74
201200000266,12,12,30,530,3,1,3,6,5054700,162200,3,2,2,1,1,1,0,72,2,0,1,0,1,78,40,14,36,28
201200000269,12,4,30,1645,1,7,8,6,5040200,197400,4,1,1,0,1,1,0,0,2,0,1,99,1,132,94,16,56,60
201200000273,12,7,25,845,1,1,1,6,5041300,177700,3,2,2,0,0,2,0,60,1,0,3,0,1,242,120,8,114,120
201200000274,12,11,30,1630,2,9,2,6,5044800,183500,3,2,0,0,1,2,50,50,7,2,1,99,1,134,92,14,56,64
201200000276,12,12,23,545,3,1,2,6,5044300,193100,3,2,2,0,0,2,0,55,2,0,3,0,1,84,58,10,30,44
201200000283,12,12,5,1715,3,1,2,6,5066000,239600,3,2,2,0,1,1,0,66,2,0,1,0,1,146,108,14,40,92
201200000285,12,12,31,1930,5,1,2,6,5064300,239700,4,2,2,0,1,3,0,60,2,0,1,99,1,108,70,16,24,68
201200000286,12,3,20,1815,1,3,1,3,5090800,212800,3,2,0,0,1,1,0,68,1,0,1,0,1,162,134,6,52,104
201200000288,12,4,8,1130,1,1,1,7,5096762,206363,4,2,0,0,1,1,0,0,1,0,1,99,1,162,70,12,90,60
201200000290,12,4,24,1345,1,1,2,1,5091200,206500,3,2,2,0,1,1,0,75,2,0,1,0,1,106,54,14,44,48
201200000294,12,12,8,1730,2,1,1,3,5099900,210500,3,2,0,0,1,1,60,74,1,5,1,0,1,140,124,8,52,80
201200000309,12,12,25,1745,3,1,2,1,5072004,218734,3,2,0,0,3,1,70,70,2,0,1,99,1,82,76,4,46,32
201200000312,12,6,26,2100,1,1,1,6,5042100,236900,3,2,2,0,1,1,0,68,1,0,3,99,1,140,84,14,54,72
201200000318,12,5,12,1630,1,1,1,3,5031700,254700,3,2,2,0,1,2,0,75,1,0,1,99,1,194,140,20,76,98
201200000320,12,7,21,1500,1,3,1,3,5027702,241862,3,2,2,0,1,1,0,0,1,0,1,0,1,196,100,12,88,96
201200000377,12,7,24,1630,1,1,1,6,5000046,264902,4,2,2,0,1,1,0,85,1,0,1,0,1,184,126,16,66,102
201200000392,12,1,29,415,4,1,1,6,4967022,378419,4,0,0,0,1,1,0,0,1,0,3,0,1,84,54,0,36,48
201200000410,12,12,11,930,1,1,4,6,4959892,392562,4,2,0,0,1,1,0,0,7,0,1,99,1,136,116,0,46,90
201200000422,12,12,19,1730,5,1,8,6,4898030,328643,4,2,2,0,1,1,62,0,2,6,1,99,1,218,130,14,74,130
201200000438,12,8,27,2000,1,1,1,6,4978100,328600,3,2,2,0,1,1,20,60,1,0,1,99,1,112,88,6,42,64
201200000440,12,1,27,1615,1,1,1,1,4938957,339818,4,2,2,0,1,1,150,150,1,0,1,0,1,162,120,14,64,84
201200000455,12,10,27,1530,1,3,1,2,4933829,357101,3,0,2,0,0,0,0,0,0,0,1,0,1,204,84,14,90,100
201200000514,12,6,2,1745,1,2,1,1,4942700,220700,3,2,2,0,1,1,0,130,1,5,1,99,1,196,102,32,86,78
201200000517,12,4,16,1415,1,3,1,7,4926700,218900,4,2,2,0,1,1,0,0,1,0,1,0,1,120,80,12,46,62
201200000557,12,6,8,1530,1,2,1,3,4951900,292200,3,2,2,0,2,1,16,84,1,0,1,3,1,178,140,4,56,118
201200000560,12,7,23,1045,1,1,1,1,4943800,299100,4,2,2,0,2,3,0,48,1,0,1,99,1,178,134,6,82,90
201200000566,12,8,25,1730,1,3,1,1,4932000,272100,3,1,2,0,0,1,0,100,1,0,1,99,1,158,144,20,70,68
201200000638,12,6,6,1830,1,7,1,1,4920500,249100,4,2,0,0,0,3,0,0,1,0,1,99,1,174,130,10,70,94
201200000649,12,3,19,1700,1,1,1,3,4918100,268600,3,2,2,0,1,1,0,65,1,5,1,99,1,110,82,8,34,68
201200000654,12,8,7,1115,1,1,1,6,4910100,275100,2,3,2,0,0,1,5,60,1,0,1,99,1,134,90,4,60,70
201200000664,12,4,20,1215,1,1,1,6,4945611,101871,3,2,2,0,1,1,0,57,1,0,3,0,1,148,104,14,58,76
201200000667,12,8,8,1815,1,1,1,6,4937655,96158,3,2,2,0,2,1,0,53,1,0,3,99,1,140,80,18,74,48
201200000670,12,10,1,1700,1,1,1,3,4938652,93122,3,2,2,0,1,3,0,60,1,0,1,99,1,116,86,12,48,56
201200000671,12,11,7,745,1,1,2,1,4944695,97625,3,2,3,0,2,4,0,117,2,0,1,0,1,168,130,8,62,98
201200000676,12,5,23,645,1,1,8,3,4951873,117943,3,2,2,0,1,1,0,76,1,0,1,0,1,160,116,6,70,84
201200000678,12,7,19,1045,1,2,1,3,4957911,122979,3,2,2,0,2,1,0,134,1,0,1,99,1,130,80,16,62,52
201200000683,12,10,12,815,5,1,3,6,4978599,99873,3,2,2,0,1,1,0,66,2,0,1,0,1,160,128,4,50,106
201200000685,12,2,19,130,3,1,8,1,4971974,112379,3,2,2,0,2,2,0,58,2,0,1,0,1,124,62,14,50,60
201200000689,12,1,21,945,1,1,2,6,4939895,123825,3,2,0,0,0,3,0,0,2,0,1,0,1,136,94,6,52,78
201200000691,12,7,27,1430,1,3,1,4,4938810,112592,3,2,0,0,1,1,15,67,1,0,1,99,1,176,152,8,86,82
201200000693,12,9,21,1400,1,1,1,3,4935459,112974,3,2,3,0,1,1,0,90,1,0,1,99,1,162,100,12,50,100
201200000697,12,2,23,930,1,1,1,6,4947997,87251,3,2,0,0,0,1,0,60,2,0,1,99,1,134,92,10,64,60