Num_Acc,an,mois,jour,hrmn,lum,int,atm,col,lat,long,catr,circ,nbv,vosp,prof,plan,lartpc,larrout,surf,infra,situ,env1,chance,sum,unscathed,killed,hospital,light
201200000698,12,3,17,1530,1,1,2,6,4941935,66321,3,2,2,0,1,1,0,80,2,0,0,0,1,208,108,10,70,128
201200000699,12,7,6,1530,1,1,1,6,4952489,72903,4,2,2,0,2,1,0,0,1,0,1,0,1,208,120,10,86,112
201200000703,12,8,18,115,5,1,1,6,4948837,80381,3,3,2,0,1,0,19,79,0,0,0,0,1,158,108,16,80,62
201200000708,12,1,1,930,1,1,1,6,4963653,20675,3,2,2,0,1,1,0,62,1,0,3,99,1,160,66,16,54,90
201200000710,12,2,27,730,2,1,5,5,4967536,43642,3,2,2,0,1,2,0,60,1,0,1,99,1,122,82,8,46,68
201200000712,12,5,6,1530,1,1,1,1,4962716,42000,3,2,2,0,1,0,0,0,1,0,1,99,1,128,60,12,60,56
201200000713,12,6,28,1630,1,1,1,1,4962991,39389,3,2,0,0,2,1,0,66,1,0,1,0,1,182,92,22,96,64
201200000721,12,4,21,1545,1,2,1,1,4955069,40866,3,3,2,0,1,1,0,0,2,0,1,99,1,178,64,8,72,98
201200000727,12,4,2,1130,1,2,1,6,4972970,143947,3,0,0,0,0,0,0,0,0,0,0,0,1,144,110,2,42,100
201200000730,12,5,9,1230,1,1,1,1,4980147,173963,3,2,2,0,1,3,0,60,1,0,0,99,1,158,100,8,70,80
201200000739,12,2,13,845,1,1,5,6,4967596,130084,3,2,2,1,2,1,0,71,1,0,3,99,1,82,50,4,22,56
201200000749,12,11,24,1300,1,2,2,3,4962079,82480,3,2,3,0,1,1,0,103,2,0,1,99,1,102,76,6,56,40
201200000751,12,2,4,1500,1,1,1,6,4955686,95295,3,2,2,0,1,1,0,0,1,0,1,99,1,160,118,16,58,86
201200000757,12,5,29,1545,1,1,1,3,4954448,97002,3,2,1,0,0,2,0,0,1,0,1,0,1,194,142,14,60,120
201200000760,12,2,17,745,2,1,1,1,4985068,63017,3,2,0,0,0,1,0,125,1,5,1,0,1,152,116,14,52,86
201200000767,12,10,6,1545,1,1,2,1,4978309,65237,3,2,2,0,2,2,0,85,2,0,1,0,1,178,90,8,74,96
201200000768,12,10,18,430,3,1,2,6,4986236,79012,3,2,2,0,1,1,0,60,2,0,3,0,1,140,106,12,64,64
201200000770,12,1,15,30,3,1,1,7,4969968,50627,3,2,2,0,1,1,0,0,1,0,1,0,1,116,86,16,50,50
201200000774,12,12,6,745,2,2,9,1,4972915,57239,3,2,2,0,1,1,0,60,7,0,1,99,1,134,84,8,48,78
201200000775,12,1,24,1800,2,1,2,6,4971891,78688,3,2,2,0,2,1,0,70,2,0,1,0,1,92,76,2,28,62
201200000776,12,3,11,130,3,1,5,6,4962089,85073,3,2,0,0,1,1,0,65,1,0,3,99,1,148,84,16,72,60
201200000777,12,4,28,845,1,2,2,3,4970103,66321,3,2,2,0,0,1,0,51,2,5,1,0,1,164,110,14,76,74
201200000780,12,11,19,830,1,1,8,6,4971111,61781,3,2,0,0,1,1,47,0,2,0,1,99,1,142,120,8,62,72
201200000781,12,5,16,1845,1,1,1,1,4897820,118735,3,2,2,0,1,3,0,55,1,0,1,99,1,136,106,8,48,80
201200000782,12,5,18,1630,1,1,1,6,4896540,93047,3,2,2,0,1,1,0,40,1,0,1,0,1,134,86,12,56,66
201200000784,12,7,11,1700,1,1,2,7,4911120,117385,3,2,2,0,2,1,0,0,8,0,1,99,1,146,96,16,60,70
201200000790,12,6,18,1845,1,1,1,4,4892290,124923,3,2,2,0,1,1,0,62,1,0,1,3,1,134,106,0,56,78
201200000800,12,4,17,800,1,9,1,3,4890070,67001,3,2,2,0,1,3,0,53,1,0,1,99,1,114,64,10,58,46
201200000807,12,6,1,715,1,2,1,3,4918220,135653,3,2,2,0,1,1,20,62,1,5,1,3,1,148,114,2,64,82
201200000819,12,3,23,745,1,2,1,1,4938780,129925,3,2,2,0,1,1,0,0,1,0,1,99,1,220,172,6,110,104
201200000821,12,2,8,1645,1,1,9,5,4925530,178744,3,2,3,0,2,4,0,110,5,0,1,99,1,112,94,8,40,64
201200000830,12,1,11,730,3,1,1,1,4913030,64038,3,2,2,0,1,1,0,78,1,0,1,99,1,162,106,8,64,90
201200000836,12,1,2,1400,1,2,1,3,4923580,121141,3,2,2,0,1,1,11,91,1,5,1,99,1,122,66,6,42,74
201200000841,12,2,21,1345,1,6,1,6,4916000,133698,4,3,2,0,2,1,16,96,1,0,1,99,1,156,96,4,52,100
201200000842,12,3,26,730,1,1,1,6,4906610,133612,4,2,2,0,1,1,0,46,1,0,1,99,1,134,100,4,52,78
201200000843,12,5,25,445,3,1,1,6,4915010,138101,3,2,2,0,1,1,20,50,1,0,1,0,1,228,150,12,102,114
201200000856,12,12,24,815,2,1,1,3,4952800,128300,3,2,2,0,1,1,10,90,2,0,1,99,1,76,50,6,30,40
201200000866,12,7,30,1345,1,1,1,5,4943690,54879,3,2,2,0,4,2,0,66,1,0,1,0,1,120,76,8,48,64
201200000875,12,3,27,1645,2,3,7,2,4927800,85267,3,2,2,0,1,1,0,45,1,0,1,0,1,172,170,16,64,92
201200000877,12,4,3,1945,1,1,1,6,4929260,95200,4,2,2,0,1,2,0,0,1,0,1,99,1,148,120,8,44,96
201200000890,12,8,28,1345,1,1,1,2,4925400,32600,3,2,2,0,1,1,0,40,1,0,1,0,1,138,78,2,68,68
201200000896,12,9,26,1700,1,5,1,1,4819287,219542,3,2,2,0,1,1,0,40,2,5,1,0,1,142,100,16,54,72
201200000899,12,4,7,1545,1,1,1,7,4804018,187221,3,2,0,0,1,1,0,45,1,0,1,99,1,170,88,6,78,86
201200000902,12,11,10,1530,1,1,7,3,4810600,179400,4,2,0,0,2,1,0,0,1,5,1,99,1,180,86,12,72,96
201200000907,12,10,13,1700,1,1,1,7,4833770,120718,2,3,2,0,1,1,0,72,1,0,1,99,1,168,98,12,58,98
201200000908,12,2,14,1900,2,1,1,5,4838904,161908,3,2,2,0,1,1,0,0,1,0,1,0,1,106,86,2,44,60
201200000909,12,3,24,2200,3,1,1,1,4842267,141815,3,2,2,0,1,1,0,75,1,0,1,99,1,230,108,14,104,112
201200000912,12,4,15,1200,1,1,1,1,4842915,154032,3,2,2,0,1,1,0,63,1,0,1,99,1,156,78,10,66,80
201200000918,12,8,30,830,1,1,1,7,4841177,130995,4,2,2,0,0,1,0,21,1,0,3,99,1,112,120,6,54,52
201200000920,12,11,1,1030,1,1,1,1,4840294,132640,3,2,2,0,2,1,105,74,2,0,1,99,1,158,76,8,78,72
201200000932,12,9,11,1615,1,4,1,3,4772284,210067,3,0,0,0,0,0,0,0,0,0,0,0,1,224,186,12,106,106
201200000933,12,10,17,2115,3,1,3,2,4766100,208400,3,2,0,0,1,1,0,75,2,5,1,0,1,142,102,2,52,88
201200000938,12,6,14,1115,1,2,1,1,4774037,174294,3,2,2,0,0,1,0,58,0,0,1,0,1,164,100,10,72,82
201200000946,12,5,31,1845,1,3,1,4,4802598,178503,3,2,0,0,1,1,0,0,1,0,1,0,1,160,126,8,52,100
201200000948,12,6,13,1635,1,4,1,1,4798041,173931,3,0,0,0,0,0,0,0,0,0,1,99,1,166,98,0,60,106
201200000950,12,7,17,1415,1,1,1,3,4797320,184796,3,2,2,0,1,1,0,70,1,0,1,0,1,132,70,16,48,68
201200000951,12,7,31,1915,1,1,1,3,4792494,185295,3,2,0,0,1,1,0,74,1,0,1,0,1,128,84,12,60,56
201200000953,12,8,6,1745,1,1,1,7,4799380,190141,4,2,2,0,0,2,0,40,1,0,3,99,1,142,90,8,76,58
201200000955,12,9,10,1315,1,2,1,3,4790782,177937,4,2,2,0,2,1,0,36,1,0,1,99,1,146,94,8,72,66
201200000958,12,12,7,1715,3,1,1,7,4779000,192900,3,2,2,0,2,1,0,62,1,0,3,99,1,162,126,10,60,92
201200000965,12,5,7,1730,1,2,1,3,4830774,188112,4,0,0,0,0,0,0,0,0,0,0,0,1,130,68,14,56,60
201200000971,12,9,3,1230,1,1,2,1,4857100,154489,3,2,2,0,1,1,0,65,2,0,1,99,1,96,78,6,44,46
201200000973,12,4,5,1550,1,1,1,3,4857034,206859,3,2,2,0,1,1,0,0,1,0,1,99,1,142,102,8,64,70
201200000979,12,4,27,1700,1,2,2,3,4815505,122101,3,2,2,0,2,3,0,0,2,0,1,99,1,128,92,12,54,62
201200000984,12,8,17,1515,1,1,1,1,4812747,123250,3,2,0,0,1,2,0,70,1,0,1,0,1,180,180,4,82,94
201200000986,12,10,29,1430,1,9,1,6,4812718,121411,9,2,0,0,2,1,73,73,1,6,1,99,1,118,112,0,28,90
201200000987,12,11,21,1730,2,1,1,6,4811211,121169,9,2,0,0,1,1,0,73,1,0,1,99,1,140,94,8,60,72
201200000990,12,2,22,1615,1,1,1,2,4810655,150692,2,3,4,3,1,1,0,0,1,0,2,0,1,156,134,4,66,86
201200000997,12,9,18,1145,1,1,1,1,4810975,139969,3,2,2,0,1,1,0,65,1,0,1,99,1,138,106,2,58,78
201200000998,12,5,30,1330,1,1,1,1,4783828,132877,3,2,2,0,2,3,0,78,1,2,1,99,1,130,100,12,52,66
201200001013,12,11,4,930,3,1,8,7,4801662,139435,3,2,0,0,1,3,0,70,2,0,3,0,1,112,66,12,54,46
201200001015,12,10,22,2230,3,1,5,7,4823500,317100,3,2,1,0,2,3,0,54,6,0,3,0,1,104,74,4,42,58
201200001019,12,4,26,2015,2,1,1,7,4864787,300838,3,2,2,0,1,1,0,60,2,0,3,99,1,104,64,14,34,56
201200001027,12,2,12,1645,1,1,3,7,4844360,255337,3,2,2,0,1,1,0,63,2,0,3,99,1,94,52,4,38,52
201200001029,12,5,1,315,3,1,1,6,4844408,241792,4,2,0,0,1,3,0,80,1,0,3,99,1,132,76,16,56,60
201200001030,12,5,4,2115,2,4,1,3,4842984,253927,3,2,2,0,2,1,0,70,1,0,1,99,1,178,100,20,58,100
201200001041,12,6,4,2045,1,1,1,6,4840294,257678,3,2,2,0,1,1,0,60,1,0,3,99,1,136,92,16,64,56
201200001044,12,10,16,1430,1,2,1,3,4844046,265242,3,2,2,0,1,1,0,0,1,0,1,99,1,114,120,4,46,64
201200001049,12,3,10,1715,1,6,7,2,4817700,275400,4,3,4,0,0,1,0,0,1,0,1,3,1,200,138,12,90,98
201200001062,12,12,26,1830,5,9,3,3,4877907,307563,4,2,2,0,2,1,5,70,2,0,1,99,1,98,60,10,28,60
201200001063,12,3,3,545,3,1,8,7,4856023,252558,3,2,2,0,2,2,0,70,1,0,1,99,1,190,198,24,80,86
201200001067,12,6,10,615,1,1,1,6,4848245,267465,9,2,2,0,1,1,0,61,1,0,1,0,1,204,94,28,90,86
201200001075,12,5,20,1545,1,1,3,3,4841229,284844,4,2,1,0,1,2,0,26,2,2,1,99,1,142,160,8,74,60
201200001076,12,8,20,1400,1,1,1,1,4842100,294137,3,2,2,0,2,2,0,31,1,0,1,99,1,134,86,8,56,70
201200001078,12,4,18,1545,1,1,4,7,4840597,208666,3,2,2,0,0,1,0,78,9,0,3,99,1,146,104,10,58,78
201200001091,12,6,5,1830,1,2,1,3,4842171,239813,3,3,4,0,1,1,63,140,2,5,1,99,1,158,112,10,54,94
201200001102,12,8,15,1845,1,3,1,3,4849306,217233,3,2,2,0,1,1,0,50,1,0,1,99,1,116,112,8,60,48
201200001104,12,8,22,1115,1,4,1,3,4862447,233886,3,2,2,0,1,1,0,60,1,0,1,99,1,120,116,2,54,64
201200001111,12,7,5,1815,1,2,1,3,4815827,229367,3,2,2,0,1,1,0,52,1,0,1,99,1,192,132,8,68,116
201200001122,12,4,22,1945,1,1,7,1,4824400,330300,3,2,0,0,1,1,0,70,2,0,1,99,1,160,64,14,86,60
201200001123,12,2,15,1830,1,1,1,1,4871747,349107,3,2,2,0,1,1,0,70,1,0,1,99,1,90,64,4,34,52
201200001125,12,3,14,2215,5,1,1,7,4865448,362743,4,2,2,0,2,1,40,0,1,0,1,99,1,158,104,6,62,90
201200001128,12,7,9,1945,1,1,1,2,4851143,356386,3,2,2,0,1,3,0,50,1,0,1,0,1,112,72,12,52,48
201200001130,12,9,30,630,4,1,1,6,4861210,347266,3,2,2,0,1,1,0,0,1,0,1,99,1,104,66,6,46,52
201200001131,12,11,3,1015,1,1,7,7,4867152,358896,3,2,2,0,1,3,0,70,1,0,3,99,1,166,90,8,80,78
201200001158,12,10,2,745,2,1,1,3,4794891,437053,3,2,2,0,2,1,0,66,1,0,1,0,1,156,106,8,66,82
201200001167,12,4,10,1915,1,1,1,3,4808043,433062,4,3,0,0,1,1,110,70,1,5,1,0,1,188,108,12,90,86
201200001170,12,9,29,1815,1,1,7,6,4809713,434276,4,1,1,0,1,1,0,80,1,0,1,99,1,164,98,14,60,90
201200001182,12,12,9,30,3,1,1,6,4788696,411729,3,2,2,2,2,2,0,94,1,0,1,0,1,84,58,4,38,42
201200001186,12,8,23,115,3,1,1,6,4788146,412695,3,2,2,0,1,1,0,0,1,0,1,99,1,132,88,12,66,54
201200001193,12,9,23,1530,1,6,8,3,4843936,439233,4,2,0,0,1,1,0,80,2,5,1,99,1,156,92,12,74,70
201200001195,12,1,16,1530,1,6,7,6,4845351,424539,3,2,0,0,1,1,0,0,1,0,1,99,1,174,98,6,52,116
201200001196,12,4,13,1800,1,1,3,6,4846634,420687,3,2,0,0,2,2,0,0,3,0,3,99,1,136,106,14,58,64
201200001197,12,5,2,715,1,2,1,3,4847307,409441,3,2,0,0,0,1,0,65,1,0,1,99,1,106,68,8,38,60
201200001204,12,6,27,1445,1,1,1,1,4859045,433240,3,2,2,0,3,1,0,69,1,0,1,0,1,164,120,8,76,80
201200001207,12,8,29,1200,1,1,3,1,4864369,435175,3,2,2,0,1,1,30,70,2,0,1,0,1,116,78,6,58,52
201200001235,12,2,10,1730,1,1,1,1,4832791,369262,3,2,2,0,2,1,0,0,1,0,1,0,1,180,112,12,76,92
201200001246,12,5,3,1600,1,1,1,1,4827268,379792,3,2,0,0,1,1,0,64,1,0,1,0,1,134,98,18,50,66
201200001279,12,12,10,815,2,1,1,3,4863394,398240,3,2,2,1,1,1,0,60,1,0,1,99,1,122,96,4,32,86
201200001291,12,10,8,45,3,1,2,6,4781798,280879,3,1,1,0,1,3,0,25,2,0,4,0,1,178,92,4,64,110
201200001292,12,12,4,1845,3,1,1,1,4773501,283565,3,2,2,0,1,1,0,78,1,0,1,0,1,186,130,18,70,98
201200001355,12,8,1,1215,1,1,1,2,4764035,315476,3,2,2,0,1,1,0,0,1,0,1,0,1,138,92,14,52,72
201200001358,12,8,21,1345,1,1,7,1,4766714,305502,3,2,0,0,0,1,0,0,1,0,1,99,1,150,96,8,70,72
201200001395,12,3,30,1715,1,9,7,1,4801991,294423,4,2,2,0,4,2,21,74,1,0,1,0,1,206,128,16,82,108
201200001406,12,9,12,1445,1,1,1,2,4807381,296343,4,2,2,0,1,1,0,66,1,0,1,0,1,118,80,6,60,52
201200001431,12,2,24,2100,3,1,1,6,4920940,46942,4,2,2,0,1,1,0,30,1,0,1,99,1,110,78,0,50,60
201200001451,12,6,23,1915,1,1,1,5,4907280,77670,3,2,2,0,2,2,0,56,1,0,1,99,1,158,114,22,64,72
201200001457,12,2,5,245,3,1,4,6,4926790,73859,3,2,2,0,2,1,0,72,5,0,1,99,1,98,54,2,50,46
201200001469,12,5,24,2250,3,1,8,6,4917280,76031,3,2,0,0,4,1,0,50,1,0,1,99,1,176,96,14,68,94
201200001472,12,8,16,1145,1,1,1,2,4922640,77590,3,2,2,0,1,1,0,70,1,0,1,3,1,118,106,6,56,56
201200001487,12,5,5,400,3,1,5,6,4897540,56093,3,2,2,0,2,2,0,55,2,0,3,99,1,162,96,6,58,98
201200001533,12,10,20,2245,3,1,2,6,4924100,9200,3,2,0,0,1,1,0,60,2,0,1,99,1,168,82,16,66,86
201200001535,12,3,8,1715,1,1,1,7,4884890,87080,3,2,2,0,1,1,0,67,1,0,1,99,1,204,138,10,66,128
201200001542,12,1,4,745,3,1,1,1,4898820,84242,3,2,2,0,1,1,0,53,2,0,1,99,1,160,110,12,54,94
201200001546,12,2,28,1230,1,1,1,1,4888830,72619,3,2,2,0,1,2,0,59,2,0,1,99,1,100,86,4,36,60
201200001559,12,6,25,1030,1,1,1,3,4891850,108799,3,2,2,0,1,1,0,73,1,0,1,99,1,152,96,12,56,84
201200001576,12,10,10,1800,5,1,1,1,4874230,236201,3,2,2,0,2,3,0,100,1,0,1,99,1,162,122,10,42,110
201200001592,12,10,23,1215,1,1,1,6,4876320,149697,3,2,2,0,1,2,0,43,2,0,1,99,1,156,110,16,50,90
201200001601,12,5,21,2100,1,1,1,6,4883040,123385,4,2,2,0,2,3,0,0,1,0,1,99,1,142,84,6,76,60
201200001619,12,10,3,845,1,1,2,1,4952350,163104,3,2,2,0,1,3,0,59,2,0,1,0,1,204,162,18,70,116
201200001628,12,12,2,130,3,1,1,6,4937150,135956,3,2,2,0,1,2,0,72,2,0,3,0,1,120,58,12,46,62
201200001639,12,10,21,1645,1,4,2,1,4958990,147074,3,2,2,0,2,1,0,0,2,0,1,99,1,118,74,10,50,58
201200001653,12,2,18,130,5,6,2,6,4886680,154071,3,2,2,0,1,1,0,110,2,5,3,99,1,130,86,10,46,74
201200001688,12,3,2,1815,1,1,1,4,4857600,108426,3,2,2,0,1,1,10,60,1,0,1,99,1,150,130,12,54,84
201200001732,12,5,22,1000,1,1,2,3,4626790,523446,3,2,2,0,1,1,0,67,2,0,1,99,1,150,94,6,42,102
201200001877,12,6,19,1745,1,6,1,1,4725300,150500,4,1,0,0,0,0,0,0,0,5,0,0,1,140,76,10,50,80
201200001898,12,8,31,1700,1,1,1,3,4713100,150000,3,2,2,0,2,2,0,60,1,5,1,0,1,156,124,12,76,68
201200001973,12,11,17,15,3,1,2,6,4743200,160300,3,2,2,0,0,1,60,0,2,0,1,0,1,170,102,10,78,82
201200002048,12,11,28,1445,1,9,1,3,4733600,217800,4,2,2,0,1,1,0,50,1,0,1,99,1,140,104,4,58,78
201200002049,12,1,20,1730,1,1,1,5,4749400,204900,3,2,0,0,1,1,0,72,1,0,1,0,1,166,96,4,56,106
201200002071,12,3,5,1630,1,9,1,1,4723017,65631,3,2,2,0,4,4,0,0,1,0,1,0,1,114,94,2,44,68
201200002082,12,10,11,1815,1,1,1,5,4739948,52760,4,2,0,0,1,1,0,73,1,0,1,99,1,148,120,4,54,90
201200002095,12,3,29,715,2,1,1,6,4753512,34578,3,2,2,0,1,2,0,44,1,0,3,0,1,132,114,2,38,92
201200002118,12,4,25,2345,3,1,1,7,4732034,101190,3,0,2,0,2,0,0,0,1,0,0,0,1,90,50,6,30,54
201200002127,12,8,13,1845,1,1,1,2,4734125,114302,3,2,2,0,1,1,0,60,1,0,1,99,1,112,62,14,66,32
201200002162,12,4,9,1830,1,1,1,7,4769293,86388,3,2,2,0,0,2,0,60,1,0,3,0,1,100,62,6,36,58
201200002219,12,11,8,1615,1,1,1,1,4831091,71652,2,2,0,0,0,1,60,0,1,0,0,0,1,144,132,6,50,88
201200002282,12,9,5,230,3,1,1,6,4775400,15600,3,2,2,0,1,1,35,35,1,0,1,0,1,90,74,6,42,42
201200002297,12,11,25,1700,1,1,1,1,4779200,4000,3,2,3,0,1,1,0,108,1,0,1,99,1,116,48,10,56,50
201200002542,12,11,26,845,1,1,1,1,4447400,89800,3,2,0,0,1,1,0,60,1,0,1,99,1,134,80,14,42,78
201200002775,12,10,9,800,1,2,2,3,4477900,12700,3,2,2,0,1,1,0,45,2,5,1,99,1,180,158,8,58,114
201200002801,12,8,2,1900,1,1,7,2,4481000,7300,3,2,0,0,2,1,0,84,1,5,1,99,1,114,70,12,64,38
201200002844,12,11,2,900,2,1,2,7,4494200,4900,3,2,0,0,2,1,0,65,2,0,3,0,1,228,150,10,54,164
201200002859,12,4,29,645,2,1,8,6,4504600,19400,3,2,2,0,2,3,0,63,2,0,3,0,1,130,56,18,56,56
201200003303,12,9,13,800,1,1,1,1,4691400,9300,3,2,1,0,1,1,0,44,2,0,1,99,1,114,66,6,48,60
201200003305,12,12,27,2330,5,1,1,7,4692600,21100,3,2,2,0,0,2,0,32,2,0,1,3,1,98,40,8,28,62
201200003358,12,5,14,1845,1,1,1,4,4550467,11739,2,3,4,0,2,1,0,140,1,0,1,99,1,154,132,10,42,102
201200004831,12,2,6,1630,1,3,7,3,4582160,494717,3,2,2,0,1,1,0,0,1,0,1,0,1,102,72,2,26,74
201200004914,12,2,3,800,1,3,1,3,4507800,481800,3,2,0,1,1,2,0,80,1,5,1,99,1,138,106,6,48,84
201200005020,12,1,30,1235,1,1,1,3,4984153,329377,4,2,2,2,1,1,0,79,1,0,1,99,1,76,50,10,16,50
201100000001,11,1,22,1400,1,1,1,3,5053589,295262,3,2,2,0,1,1,0,60,1,0,1,0,1,200,96,14,54,132
201100000002,11,6,24,1500,1,1,1,3,5051652,293898,3,2,0,0,0,0,0,0,0,0,0,0,1,236,154,16,92,128
201100000003,11,9,16,645,2,1,1,6,5051080,290322,3,2,2,0,1,1,0,60,1,0,1,99,1,160,138,20,62,78
201100000004,11,9,22,1515,1,1,1,5,5051861,293043,3,2,0,0,1,1,0,58,1,0,1,0,1,148,104,10,58,80
201100000005,11,10,24,1545,1,1,1,6,5052506,293541,3,2,2,0,1,1,0,0,1,0,1,3,1,118,58,8,54,56
201100000006,11,11,14,1745,5,1,1,2,5052684,293423,3,2,0,0,0,1,0,0,1,0,1,0,1,148,96,8,58,82
201100000007,11,4,8,1600,1,1,1,3,5055959,283988,2,3,2,3,1,1,0,70,1,0,1,99,1,306,206,16,128,162
201100000008,11,4,13,1830,1,1,8,3,5054176,281974,3,2,0,0,1,1,0,0,1,0,1,99,1,162,128,4,54,104
201100000009,11,4,24,130,5,6,1,6,5054272,283791,3,2,2,0,1,0,0,70,1,5,3,0,1,170,94,14,82,74
201100000010,11,5,27,1915,1,9,1,6,5060795,285411,4,2,0,0,0,0,0,0,0,0,0,0,1,204,136,12,84,108
201100000011,11,6,13,1900,1,1,1,6,5062633,286057,3,2,2,0,1,2,0,70,1,0,1,99,1,168,74,6,78,84
201100000012,11,10,26,1500,1,1,1,3,5053225,281286,3,0,1,0,1,1,0,0,1,0,1,99,1,124,100,8,48,68
201100000013,11,11,11,300,5,6,1,6,5055377,287350,4,2,0,0,1,0,0,0,1,5,4,0,1,124,62,16,72,36
201100000014,11,11,16,1745,5,1,5,1,5055752,283702,2,2,3,2,1,1,45,210,1,0,5,0,1,108,86,2,58,48
201100000015,11,11,28,815,1,6,1,6,5053838,280836,4,2,2,0,1,0,0,58,1,6,1,99,1,100,72,8,26,66
201100000016,11,11,27,1615,2,1,1,2,5055706,283591,2,3,3,0,1,1,0,69,1,0,1,0,1,114,46,18,50,46
201100000017,11,1,7,1730,5,1,2,3,5057680,312425,3,2,2,0,0,1,0,120,2,0,1,0,1,168,146,4,74,90
201100000018,11,1,14,2100,5,1,1,1,5057687,312868,3,3,2,0,2,1,22,101,2,0,1,0,1,228,190,16,88,124
201100000019,11,1,20,700,2,1,9,7,5047118,314093,3,2,2,0,1,2,0,66,7,0,3,99,1,140,104,4,58,78
201100000020,11,1,27,1800,5,1,1,3,5055818,313667,4,2,2,0,1,1,0,60,1,0,1,99,1,128,94,4,64,60
201100000021,11,6,8,1415,1,1,1,1,5056737,314345,3,2,2,0,0,1,0,77,1,0,1,0,1,160,122,4,52,104
201100000022,11,9,1,1945,2,1,1,1,5055448,312660,5,2,2,0,1,1,0,60,1,0,1,0,1,110,62,4,62,44
201100000023,11,9,4,1145,1,1,8,3,5049542,312952,3,2,2,0,1,1,0,65,2,0,1,0,1,116,64,8,60,48
201100000024,11,10,3,1500,1,1,1,4,5057710,312989,3,2,2,0,4,3,0,84,1,0,1,0,1,178,114,12,78,88
201100000025,11,11,26,555,2,1,1,6,5049605,319054,3,2,2,0,0,1,60,60,1,0,1,99,1,154,92,8,66,80
201100000026,11,12,25,1145,1,1,8,6,5049704,312921,3,2,2,0,1,4,0,70,2,0,3,0,1,58,20,8,22,28
201100000027,11,1,28,1700,2,1,1,1,5045312,307978,3,2,2,0,2,1,0,70,1,0,1,0,1,154,110,10,54,90
201100000028,11,4,1,1815,1,1,1,3,5045706,303264,3,2,2,0,1,1,0,70,1,5,1,99,1,254,174,8,98,148
201100000029,11,6,3,1700,1,1,1,6,5045535,303094,3,2,2,0,1,1,0,67,1,0,1,99,1,166,136,4,64,98
201100000030,11,6,23,1800,1,1,1,1,5046145,302783,4,2,2,0,1,2,0,0,1,0,1,99,1,186,120,8,66,112
201100000031,11,8,4,1530,1,1,1,6,5047011,304563,3,2,2,1,1,1,0,70,1,0,3,0,1,166,128,8,90,68
201100000033,11,1,17,800,1,1,1,6,5096914,232123,4,0,0,0,1,1,0,0,1,0,1,3,1,176,116,12,62,102
201100000034,11,3,23,1845,1,1,7,3,5095357,220730,3,0,0,0,1,0,60,0,1,0,1,0,1,192,132,10,76,106
201100000035,11,4,23,1115,1,1,1,2,5096744,223993,3,2,2,0,1,1,0,52,1,0,1,0,1,254,134,14,120,120
201100000037,11,7,8,1615,1,1,1,1,5095868,218583,3,2,3,0,1,1,0,0,1,0,1,0,1,178,144,10,76,92
201100000038,11,7,15,2045,1,1,1,2,5097336,231305,3,2,2,0,1,1,0,63,1,0,1,99,1,172,108,12,76,84
201100000039,11,11,10,1400,1,9,1,3,5096023,218366,3,3,2,0,4,1,0,74,1,3,1,0,1,152,88,2,80,70
201100000040,11,4,16,1630,1,1,1,6,5090372,249716,3,2,2,0,1,2,0,60,1,0,0,0,1,276,142,30,130,116
201100000041,11,5,1,930,1,1,1,1,5089105,232286,3,2,0,0,1,1,0,65,1,0,1,0,1,192,94,12,102,78
201100000042,11,5,25,745,1,1,1,6,5086567,232997,3,2,2,0,1,1,0,63,1,0,1,99,1,246,192,24,84,138
201100000044,11,8,15,1330,1,1,1,3,5089535,234680,4,2,0,0,1,1,0,45,1,0,1,0,1,124,78,6,76,42
201100000045,11,9,3,300,3,1,1,6,5085270,253340,3,2,1,0,1,3,0,48,1,0,3,0,1,170,118,10,96,64
201100000046,11,10,1,1115,1,2,1,3,5088934,246415,3,2,1,0,1,1,0,62,9,0,1,99,1,156,102,8,78,70
201100000047,11,11,19,645,2,1,5,7,5088564,240645,3,2,2,0,1,2,0,61,2,0,1,99,1,168,112,18,86,64
201100000048,11,11,23,1,3,1,2,6,5086986,235277,3,2,2,0,1,1,0,63,2,0,3,0,1,114,74,10,48,56
201100000049,11,12,10,1030,1,1,7,2,5088546,240660,3,2,2,0,0,1,0,63,1,0,1,0,1,156,94,20,68,68