Num_Acc,an,mois,jour,hrmn,lum,int,atm,col,lat,long,catr,circ,nbv,vosp,prof,plan,lartpc,larrout,surf,infra,situ,env1,chance,sum,unscathed,killed,hospital,light
201100000050,11,2,6,515,2,1,1,1,5070202,252280,3,2,0,0,0,1,0,0,1,0,1,0,1,180,88,18,82,80
201100000051,11,6,26,1800,1,1,1,1,5071567,237381,3,2,0,0,1,1,0,0,1,0,1,0,1,206,140,14,94,98
201100000052,11,7,9,2315,3,1,1,1,5068040,257375,3,2,2,0,0,2,0,62,1,0,1,99,1,148,102,6,84,58
201100000053,11,7,24,2115,1,9,1,6,5071595,261129,4,2,0,0,1,1,0,61,1,0,3,0,1,144,80,12,72,60
201100000054,11,8,11,1845,1,1,1,1,5072385,240025,4,2,0,0,1,3,0,35,1,0,1,0,1,118,70,8,54,56
201100000055,11,10,10,245,3,1,3,6,5075013,240189,3,2,1,0,1,1,0,0,2,0,4,0,1,134,84,4,42,88
201100000056,11,11,24,1530,1,1,1,3,5075271,247412,3,2,2,0,1,1,60,0,1,0,1,0,1,136,88,8,56,72
201100000057,11,12,7,1745,3,1,1,1,5075273,254205,3,2,0,2,1,1,0,90,1,0,1,99,1,164,102,10,82,72
201100000058,11,12,13,1700,1,1,1,6,5069351,251737,3,0,0,0,1,1,0,0,2,0,1,0,1,172,100,18,72,82
201100000059,11,3,20,1045,1,1,1,1,5080588,267842,3,2,2,0,2,3,0,52,1,0,1,99,1,152,108,18,68,66
201100000060,11,5,11,1400,1,1,1,3,5078713,267061,4,2,2,0,4,1,0,52,1,0,1,99,1,188,154,4,70,114
201100000061,11,7,10,200,3,1,1,7,5074972,264436,3,2,2,0,1,2,0,44,1,0,1,99,1,174,72,12,104,58
201100000062,11,11,21,1930,2,1,8,6,5076292,266925,3,2,2,0,0,3,0,0,1,0,1,99,1,100,88,8,42,50
201100000063,11,12,31,2115,3,1,1,4,5061356,274800,3,2,2,0,1,1,0,0,1,0,4,0,1,96,66,10,52,34
201100000065,11,1,21,1545,1,1,1,1,5063361,270364,3,2,2,0,1,1,0,60,1,5,1,99,1,178,124,12,70,96
201100000066,11,2,4,800,2,1,1,6,5064236,270013,3,2,2,0,1,4,0,60,1,0,3,0,1,188,142,10,62,116
201100000068,11,6,16,1845,1,1,1,3,5065320,274717,3,2,2,0,1,1,0,57,1,0,1,0,1,194,164,6,86,102
201100000069,11,7,22,1845,1,1,1,6,5064936,270411,5,2,1,0,1,1,0,37,1,0,1,99,1,136,86,6,62,68
201100000070,11,7,28,715,1,1,8,3,5064322,272178,3,2,2,0,1,3,0,75,2,0,1,0,1,158,92,14,66,78
201100000071,11,10,28,1645,1,1,1,3,5069990,279116,3,2,2,0,0,2,0,57,1,0,1,99,1,138,72,16,66,56
201100000072,11,11,1,2145,3,1,1,7,5069683,274505,3,2,2,0,1,1,0,54,0,0,1,99,1,134,52,6,50,78
201100000073,11,12,3,750,2,1,2,5,5067267,278690,3,2,0,0,1,2,57,0,2,0,1,0,1,140,94,14,58,68
201100000074,11,1,9,1045,1,1,1,7,5063989,256227,3,2,0,0,0,1,0,60,0,0,3,0,1,134,72,8,48,78
201100000075,11,5,14,1045,1,1,1,3,5064675,262641,4,2,0,0,1,1,0,57,1,0,1,99,1,232,138,20,96,116
201100000076,11,5,20,745,1,1,1,3,5070351,263746,3,2,2,0,1,1,0,0,1,0,1,99,1,228,180,16,82,130
201100000077,11,6,9,1200,1,1,1,7,5067056,265913,3,2,2,0,1,1,64,70,1,0,3,0,1,120,92,6,44,70
201100000078,11,8,24,2330,3,1,1,6,5065755,265090,4,2,2,0,1,2,0,50,1,0,3,0,1,126,90,12,46,68
201100000079,11,1,11,1715,3,1,1,6,5079529,242564,3,2,2,0,1,3,0,50,2,0,1,99,1,166,124,4,66,96
201100000080,11,2,13,1300,1,2,1,3,5082334,248031,3,2,0,0,1,0,0,0,1,0,0,0,1,136,108,12,66,58
201100000083,11,6,12,615,1,2,1,3,5080662,243987,3,2,2,0,1,1,0,0,1,5,1,0,1,156,74,16,88,52
201100000084,11,7,13,645,1,1,2,1,5080380,240437,3,2,0,0,1,2,0,58,2,0,1,99,1,214,120,16,72,126
201100000085,11,7,31,100,3,1,1,7,5078457,256460,3,0,2,0,1,1,0,67,1,0,1,99,1,186,86,14,100,72
201100000086,11,7,29,1900,1,3,1,1,5079690,264506,4,2,2,0,1,3,0,58,1,0,1,99,1,224,108,12,124,88
201100000087,11,8,30,1700,1,2,1,3,5079310,264253,3,2,0,0,1,1,0,0,1,5,1,0,1,124,94,10,56,58
201100000088,11,10,4,1715,1,1,1,6,5080581,246416,3,2,2,0,0,1,0,0,1,0,1,99,1,166,116,4,74,88
201100000089,11,1,12,545,3,1,9,6,5060764,326579,3,2,0,1,1,1,0,72,2,0,1,99,1,204,134,18,78,108
201100000091,11,3,25,1500,1,1,1,6,5058836,322865,3,2,2,0,1,3,0,0,1,0,3,0,1,236,172,18,88,130
201100000092,11,5,7,1815,1,1,1,6,5061931,320670,4,2,0,0,1,2,0,0,1,0,3,0,1,212,138,18,106,88
201100000093,11,10,2,1800,1,1,1,6,5062867,324786,4,2,1,0,1,3,0,0,1,0,0,99,1,210,122,32,114,64
201100000094,11,12,6,1030,1,1,1,6,5060837,325287,3,2,2,0,1,1,0,104,1,0,1,0,1,162,110,6,58,98
201100000096,11,2,14,1800,1,3,1,1,5057692,319379,3,2,2,0,1,1,70,52,1,0,1,99,1,126,88,4,36,86
201100000097,11,1,16,1300,1,1,1,7,5071621,302242,3,2,0,0,1,1,0,80,1,0,1,0,1,200,98,14,100,86
201100000099,11,5,31,1300,1,1,1,1,5068509,297949,4,2,1,0,1,4,0,34,1,0,1,99,1,188,138,8,82,98
201100000100,11,6,2,1545,1,1,1,7,5068749,297324,4,2,2,0,1,1,0,70,1,0,1,99,1,164,88,14,84,66
201100000101,11,10,5,1700,1,1,1,7,5072428,294698,3,2,2,1,1,2,0,0,1,0,0,99,1,136,74,10,52,74
201100000102,11,10,11,2330,5,1,1,1,5071171,299847,3,1,1,0,2,1,0,0,1,0,1,0,1,134,96,4,46,84
201100000103,11,10,18,1945,5,1,1,7,5074199,296754,3,2,2,1,1,2,0,0,1,0,1,99,1,132,102,8,40,84
201100000104,11,12,4,130,3,1,8,7,5068498,297954,4,2,0,0,1,3,0,35,2,0,1,0,1,134,92,4,78,52
201100000105,11,4,3,900,1,1,1,7,5035757,359599,3,2,2,0,1,2,0,61,1,0,1,99,1,164,88,12,68,84
201100000106,11,12,2,1815,5,2,1,3,5029942,329266,3,2,2,0,1,1,0,0,1,5,1,99,1,182,152,8,94,80
201100000108,11,12,14,745,2,1,3,3,5025551,332094,3,2,0,0,1,2,60,0,2,3,1,0,1,138,80,6,54,78
201100000109,11,9,17,1030,1,1,1,1,5046262,342642,3,2,2,2,1,3,0,72,1,0,1,0,1,146,64,12,70,64
201100000110,11,3,5,1500,1,1,7,3,5005747,393283,2,2,1,0,3,1,0,84,1,0,1,0,1,198,152,14,82,102
201100000112,11,4,21,515,3,1,1,6,5014185,394736,2,2,2,0,0,1,0,62,0,0,1,0,1,234,136,14,82,138
201100000113,11,5,23,1900,1,1,1,3,5005826,380244,3,4,2,0,1,1,0,50,1,0,1,0,1,242,180,10,66,166
201100000114,11,6,27,1630,1,1,1,3,5010343,388292,3,2,0,0,1,1,0,53,1,0,1,0,1,196,128,10,92,94
201100000116,11,8,22,1445,1,1,1,7,5013186,391712,3,2,0,0,1,1,0,54,1,0,1,0,1,174,96,16,84,74
201100000118,11,10,21,1730,1,1,1,1,5010341,388281,3,2,2,0,1,1,0,0,1,0,1,99,1,216,164,14,78,124
201100000121,11,11,15,1655,1,1,1,6,5011842,394710,3,2,2,0,2,1,0,0,1,0,1,3,1,82,52,8,42,32
201100000122,11,6,6,1215,1,1,1,6,5001372,404420,3,2,2,0,1,1,0,0,1,0,1,0,1,82,76,2,18,62
201100000123,11,6,5,1730,1,1,1,3,4999930,403790,3,2,0,0,1,1,0,126,1,0,1,0,1,152,96,16,68,68
201100000124,11,7,3,2145,1,1,1,6,4999032,409484,3,0,2,0,1,1,0,0,1,0,4,99,1,204,124,12,122,70
201100000125,11,8,25,1930,1,1,1,7,5001697,405036,4,2,1,0,1,3,0,44,1,0,4,99,1,124,80,6,64,54
201100000128,11,2,26,2230,3,1,2,6,5007533,373195,3,2,2,0,1,1,0,57,2,0,1,99,1,152,120,12,68,72
201100000130,11,5,5,1915,1,1,1,1,5018682,360811,4,2,2,0,1,1,0,0,1,0,1,99,1,220,166,6,100,114
201100000131,11,5,30,830,1,1,1,3,5019543,363946,3,2,2,0,0,1,0,73,1,0,1,99,1,266,184,18,98,150
201100000132,11,6,14,1815,1,1,1,2,5016857,360996,3,2,2,0,1,1,0,61,1,0,1,99,1,196,130,10,62,124
201100000133,11,8,2,1800,1,1,1,3,5014073,357133,3,2,2,0,1,1,0,0,1,0,1,3,1,134,106,12,72,50
201100000134,11,8,31,845,1,1,1,1,5018883,360314,4,0,0,0,0,0,0,0,1,0,1,0,1,160,98,24,66,70
201100000135,11,9,2,2130,3,1,1,6,5009644,373460,3,2,2,0,1,1,0,55,1,0,3,0,1,190,112,8,74,108
201100000136,11,11,3,1730,5,1,2,2,5012435,369009,3,2,0,0,1,1,0,70,2,0,1,0,1,164,102,16,88,60
201100000137,11,11,20,1830,3,1,1,1,5013403,378415,3,2,0,0,0,1,0,0,1,0,1,0,1,132,76,6,66,60
201100000139,11,5,19,1530,1,1,1,3,5005670,408329,4,2,2,0,1,2,0,50,1,0,1,99,1,210,154,12,80,118
201100000141,11,6,19,845,1,9,2,6,5012201,408594,3,2,2,0,1,4,0,62,2,0,3,99,1,192,110,16,100,76
201100000142,11,8,16,1545,1,1,1,6,5012850,399398,3,2,0,0,1,1,0,48,1,0,1,0,1,118,68,10,60,48
201100000143,11,8,18,730,2,1,1,6,5011978,407777,3,2,0,0,1,1,0,62,1,0,4,0,1,148,98,10,68,70
201100000144,11,9,28,2000,5,1,1,3,5009461,401509,3,2,2,0,1,1,0,56,1,0,1,0,1,176,142,10,62,104
201100000145,11,11,2,715,2,1,1,1,5003281,410171,3,2,2,0,1,0,0,62,2,0,1,0,1,114,68,10,60,44
201100000147,11,2,11,2000,3,1,1,1,5022135,332957,3,2,2,0,1,1,0,60,1,0,1,0,1,192,132,16,80,96
201100000148,11,4,22,1615,1,1,1,6,5023124,332807,3,2,1,0,1,1,0,0,1,0,4,0,1,194,170,12,64,118
201100000149,11,6,7,915,2,1,1,1,5023554,332100,3,0,0,0,0,0,0,0,0,0,0,0,1,152,128,4,50,98
201100000152,11,5,3,1215,1,1,1,1,5009958,356353,3,3,2,0,1,0,0,61,1,0,1,99,1,202,140,6,86,110
201100000154,11,7,30,2230,5,1,1,6,5009889,356571,3,2,0,1,2,1,0,0,1,0,5,0,1,168,128,14,66,88
201100000155,11,8,28,1700,1,1,1,1,5009182,358890,3,2,0,0,2,2,0,0,1,0,4,99,1,194,88,14,100,80
201100000156,11,9,20,945,1,1,1,6,5010542,354239,3,2,0,0,2,1,35,70,1,0,1,0,1,150,102,16,60,74
201100000159,11,2,22,1145,1,1,1,1,5012585,341431,4,1,1,0,2,1,0,0,1,0,1,99,1,116,100,6,48,62
201100000160,11,3,8,1700,1,1,1,6,5012602,342138,4,2,2,0,1,1,0,70,1,0,1,3,1,216,198,10,82,124
201100000161,11,4,20,1845,1,1,1,3,5012672,344325,3,2,0,3,2,1,34,106,1,5,1,0,1,208,150,14,80,114
201100000164,11,10,9,1745,1,1,1,2,5012345,345750,3,2,2,0,1,1,0,0,1,0,1,0,1,126,62,8,70,48
201100000168,11,4,27,1430,1,1,1,3,5003658,347365,3,2,0,0,1,2,0,0,1,0,1,99,1,242,172,12,62,168
201100000169,11,6,20,1345,1,1,2,7,5004548,334500,3,2,2,0,2,1,0,69,2,0,3,0,1,158,112,8,66,84
201100000170,11,8,26,1500,1,1,1,3,5005597,353921,3,2,2,0,2,1,0,0,1,0,1,99,1,148,118,12,56,80
201100000171,11,4,11,800,1,1,7,3,5013802,314415,3,2,2,0,1,1,0,64,1,0,1,0,1,186,110,18,78,90
201100000173,11,9,27,1915,1,1,1,6,5005665,326781,3,2,0,0,1,2,0,53,1,0,3,0,1,162,118,10,76,76
201100000176,11,10,19,2330,3,1,1,7,5024529,347343,3,2,2,0,2,1,0,58,1,0,1,0,1,146,84,12,56,78
201100000177,11,11,6,1805,1,1,1,5,5018761,346287,3,2,0,0,1,1,0,0,1,0,1,99,1,94,54,2,48,44
201100000178,11,3,21,1245,1,1,1,3,5031318,312264,3,2,4,0,1,1,0,112,1,0,1,99,1,198,140,10,74,114
201100000180,11,9,23,1830,1,1,1,2,5029161,316393,3,2,2,0,0,1,0,60,1,0,1,0,1,244,182,6,84,154
201100000183,11,10,8,1645,1,1,1,6,5033619,307186,3,2,2,0,1,3,0,69,1,0,3,99,1,154,96,6,88,60
201100000186,11,1,10,730,2,1,9,1,5049148,331426,3,2,2,0,1,2,0,0,7,0,1,0,1,192,122,12,76,104
201100000187,11,7,23,1930,1,1,1,6,5045958,328366,3,2,2,0,1,1,0,58,1,0,1,3,1,248,110,22,120,106
201100000188,11,9,7,1900,1,1,1,1,5047730,324602,4,2,0,0,0,1,0,80,1,0,1,99,1,124,94,10,46,68
201100000189,11,11,7,715,2,1,1,3,5049718,326568,3,2,2,1,1,1,0,75,1,0,1,0,1,94,52,4,28,62
201100000190,11,4,17,1930,1,1,1,7,5027680,387753,3,2,2,0,2,3,0,0,1,0,3,99,1,236,124,12,94,130
201100000191,11,4,18,1615,1,1,7,5,5029491,386156,3,2,0,0,3,1,0,130,1,3,1,0,1,144,110,8,46,90
201100000199,11,3,24,915,2,1,1,3,5030079,364588,3,0,2,0,1,1,10,20,1,5,1,99,1,198,152,8,80,110
201100000200,11,5,18,1630,1,1,1,3,5025004,364502,3,2,2,0,1,1,0,70,1,0,1,99,1,194,156,14,94,86
201100000203,11,5,8,1630,1,1,1,6,5021505,414921,3,2,2,0,2,4,0,58,1,0,1,99,1,212,104,12,110,90
201100000204,11,10,20,1715,1,1,1,7,5015822,408096,3,2,2,0,1,1,50,50,1,0,0,0,1,148,98,12,58,78
201100000215,11,6,28,1430,1,1,1,6,5013900,288300,3,2,2,0,1,1,0,66,1,0,1,99,1,186,154,4,76,106
201100000216,11,8,5,2215,3,1,1,5,5006600,289500,3,2,2,0,3,1,8,74,1,0,1,99,1,198,122,6,92,100
201100000218,11,10,30,145,3,1,1,6,5006600,297700,3,2,2,0,1,3,0,60,1,0,3,0,1,142,80,12,60,70
201100000234,11,3,6,1100,1,1,7,6,5039000,274500,3,2,2,0,1,1,0,75,1,0,3,0,1,174,96,6,72,96
201100000235,11,3,30,815,1,1,1,3,5035500,275000,3,2,2,0,1,1,0,0,1,5,1,99,1,162,108,16,60,86
201100000238,11,5,24,1330,1,1,1,6,5038500,277900,9,0,0,0,1,1,0,0,1,0,1,99,1,204,164,12,80,112
201100000239,11,8,14,1045,1,1,1,1,5037100,272700,4,2,1,0,1,3,0,0,2,0,1,0,1,152,50,4,78,70
201100000241,11,11,5,815,1,1,1,6,5035700,280700,3,2,2,0,1,1,0,70,1,0,1,99,1,130,74,10,78,42
201100000242,11,12,9,1100,1,1,1,6,5033600,291200,3,3,4,3,1,1,80,190,1,0,3,0,1,178,132,16,74,88
201100000252,11,9,12,1445,1,1,1,1,5020100,302300,3,2,0,0,0,1,0,62,1,0,1,0,1,130,86,12,60,58
201100000258,11,12,5,1900,3,1,2,6,5025200,306500,4,2,2,0,1,1,0,65,2,0,1,99,1,170,120,28,68,74
201100000266,11,2,8,1730,1,1,7,6,5059300,230700,4,2,1,0,3,1,0,50,1,0,1,99,1,190,122,6,76,108
201100000270,11,9,8,815,1,9,8,3,5062200,253900,4,2,2,0,1,1,0,0,2,0,3,99,1,162,114,10,82,70
201100000274,11,1,13,800,2,1,2,3,5060300,275800,3,2,2,0,1,1,0,72,2,0,1,0,1,198,134,4,86,108
201100000279,11,4,19,1400,1,1,7,2,5063400,270200,3,2,2,0,1,1,0,75,1,0,1,99,1,228,184,8,80,140
201100000281,11,6,11,1815,1,1,1,6,5058000,262600,3,2,2,0,0,3,0,59,1,2,1,99,1,130,108,18,60,52
201100000283,11,7,12,1045,1,1,8,2,5064800,285300,3,2,2,0,1,1,0,64,1,0,1,0,1,138,92,4,50,84
201100000286,11,10,17,1315,1,1,1,5,5062800,268100,3,2,2,0,1,1,0,71,1,0,1,99,1,138,74,16,58,64
201100000288,11,1,8,245,3,1,2,6,5072800,183700,4,2,1,0,1,2,0,32,2,0,3,99,1,172,94,14,64,94
201100000298,11,7,2,1315,1,1,1,1,5069700,172000,3,2,0,0,1,1,0,0,1,0,1,0,1,238,152,20,98,120
201100000310,11,5,12,1845,1,1,1,1,5068700,157200,3,2,2,0,1,3,0,68,1,0,1,0,1,158,110,4,78,76
201100000315,11,5,22,345,5,1,1,7,5041100,172600,3,2,2,0,1,1,0,60,1,0,1,99,1,200,106,22,96,82
201100000318,11,8,23,1245,1,1,8,6,5057100,191400,3,2,2,0,1,1,0,0,1,0,1,0,1,150,104,12,58,80
201100000331,11,5,15,1000,1,1,1,3,5054100,162500,3,2,1,1,1,1,0,0,1,0,5,99,1,206,96,14,76,116
201100000334,11,12,23,1715,5,1,1,6,5052000,163400,4,2,0,0,1,1,0,94,1,0,1,0,1,172,138,18,80,74
201100000335,11,7,16,1430,1,1,2,1,5040300,197300,3,2,2,0,1,3,0,68,2,0,0,99,1,152,88,6,62,84
201100000352,11,12,17,1315,1,1,1,6,5064400,239800,4,2,2,0,1,1,0,78,1,0,1,99,1,194,104,8,84,102
201100000354,11,2,3,1400,1,1,1,5,5089000,197300,3,2,0,0,1,1,0,80,1,0,1,0,1,150,134,10,56,84
201100000361,11,3,13,1100,1,1,1,6,5060400,227300,3,2,0,0,1,1,0,55,6,0,1,0,1,122,68,6,58,58
201100000362,11,3,27,1615,1,2,1,3,5064700,203200,3,2,2,0,1,1,0,54,1,0,1,0,1,178,88,10,52,116
201100000365,11,4,15,745,1,1,1,6,5061500,227000,3,2,2,0,1,3,0,50,1,0,3,0,1,200,170,16,84,100
201100000375,11,8,19,1630,1,1,1,7,5067500,218600,4,2,0,0,2,1,0,30,6,0,3,99,1,194,138,12,100,82
201100000380,11,1,30,1645,1,1,1,4,5036600,203900,3,3,2,0,1,1,0,0,1,0,1,99,1,166,78,12,68,86
201100000381,11,2,25,730,1,1,1,2,5039100,217200,3,3,0,0,1,1,8,100,1,0,1,99,1,152,80,6,58,88
201100000382,11,3,18,1300,1,2,2,3,5032700,228400,3,2,2,0,1,1,0,46,2,5,1,0,1,204,126,12,58,134
201100000391,11,6,29,1330,1,9,1,1,5038900,214900,3,2,5,0,4,1,0,0,1,0,1,99,1,242,168,20,110,112
201100000394,11,8,20,1230,1,9,1,2,5038000,223900,3,2,0,0,1,1,0,59,1,0,1,99,1,142,106,12,60,70
201100000405,11,3,10,1230,1,1,1,6,5044000,264000,3,3,2,0,1,1,10,120,1,0,3,99,1,146,98,8,52,86
201100000600,11,12,28,1630,1,1,1,3,5010600,272400,3,2,0,0,2,2,0,0,1,0,1,0,1,120,68,8,50,62
201100000655,11,12,11,2045,5,1,3,6,4962416,320608,4,2,1,0,1,1,0,80,2,0,1,99,1,92,36,16,44,32
201100000812,11,4,6,1645,1,1,1,2,4942700,204300,3,2,2,0,1,1,82,0,1,0,1,99,1,174,160,6,44,124
201100000900,11,3,1,1600,1,1,1,2,4937100,216000,3,2,2,0,2,1,10,62,1,0,1,99,1,116,88,0,52,64
201100000937,11,5,28,1945,1,1,1,2,4932800,244900,3,2,2,0,2,1,0,0,1,0,1,0,1,216,140,14,90,112
201100000948,11,3,7,1730,1,1,1,3,4950500,234500,3,0,2,0,1,1,0,60,1,0,1,99,1,204,140,8,78,118
201100000949,11,4,7,1745,1,1,1,4,4951100,244200,3,2,0,2,2,3,0,72,1,0,1,0,1,196,156,12,72,112
201100000952,11,9,5,745,1,1,1,5,4951200,245400,3,2,2,0,0,1,0,0,2,0,1,99,1,150,102,8,48,94
201100000954,11,11,22,815,3,1,5,1,4960800,252600,3,2,2,0,2,3,0,66,2,0,1,0,1,124,84,10,48,66
201100000957,11,12,12,1645,1,2,9,3,4954000,238500,3,2,2,0,2,1,0,77,2,0,1,99,1,132,80,14,50,68
201100000963,11,1,25,1600,1,1,8,1,4947300,286500,3,2,2,0,1,2,0,58,2,0,1,0,1,154,124,18,46,90
201100000967,11,3,9,1230,1,1,1,6,4948800,290300,3,2,1,0,1,1,66,0,1,0,1,99,1,140,96,2,56,82
201100000968,11,4,29,1615,1,2,1,3,4941700,308000,4,2,2,0,1,1,0,0,1,0,1,0,1,188,144,4,62,122
201100000973,11,7,5,1600,1,1,1,3,4949000,286700,3,2,2,0,1,1,11,155,1,0,1,99,1,210,142,18,66,126
201100000979,11,12,18,915,1,1,1,6,4941400,293600,2,2,2,0,1,1,75,0,1,0,3,0,1,134,90,16,68,50
201100000981,11,12,30,1145,1,1,1,5,4951400,292200,3,2,1,0,1,1,0,0,1,0,1,99,1,76,54,2,24,50
201100000983,11,4,14,445,3,1,1,2,4935900,273000,3,3,4,0,1,1,10,128,1,0,1,0,1,158,118,8,52,98
201100000987,11,1,5,1430,1,1,1,1,4935000,268700,3,2,0,0,1,1,0,70,1,0,1,99,1,188,160,16,52,120
201100000994,11,6,30,900,1,2,1,3,4955000,268500,3,0,2,0,1,1,0,0,1,0,1,0,1,204,140,14,50,140
201100001009,11,2,24,1700,1,1,1,2,4956100,299200,3,2,0,0,1,1,0,0,1,0,1,99,1,148,114,8,68,72
201100001037,11,3,17,1530,1,1,1,6,4917300,244900,3,2,2,0,1,1,0,0,1,0,3,0,1,164,104,14,54,96
201100001041,11,4,26,1545,1,2,1,3,4918800,241400,4,2,2,0,1,1,0,0,1,0,1,0,1,162,104,4,62,96
201100001070,11,4,12,730,1,1,1,3,4916400,284900,2,2,0,0,1,1,0,74,0,0,1,99,1,176,120,10,64,102
201100001073,11,5,9,430,3,1,1,6,4912300,277900,2,2,2,0,1,1,73,0,1,0,1,0,1,122,74,10,30,82
201100001085,11,12,20,1145,1,1,1,6,4916100,276400,3,2,2,0,1,2,0,33,2,0,3,99,1,126,80,16,54,56
201100001092,11,5,16,530,2,1,1,6,4927000,267200,3,2,2,0,0,3,0,60,1,0,0,0,1,172,120,6,62,104
201100001101,11,1,26,1215,1,2,1,3,4954010,100933,3,2,2,0,1,1,0,50,1,0,1,0,1,186,122,14,84,88
201100001104,11,5,17,2300,3,1,1,6,4947960,101340,1,1,1,0,2,3,0,0,1,3,3,0,1,218,134,6,76,136
201100001106,11,7,14,500,3,1,1,7,4950060,110776,3,2,2,0,2,3,0,52,1,0,1,99,1,180,118,14,68,98
201100001110,11,3,3,745,2,1,1,3,4952210,116609,3,2,2,0,1,1,0,61,1,0,1,0,1,126,94,8,52,66
201100001113,11,5,2,2000,1,1,1,7,4961750,105257,3,2,2,0,2,1,0,58,1,0,1,99,1,170,108,10,58,102
201100001117,11,9,11,1730,1,1,1,1,4953660,106191,3,2,0,0,1,3,0,60,1,0,1,99,1,128,92,8,64,56
201100001119,11,10,7,1930,2,1,1,1,4955251,105353,3,2,2,0,1,1,0,0,2,0,1,99,1,216,146,16,88,112
201100001121,11,3,22,730,1,1,1,7,4991370,136422,3,2,2,0,0,2,0,60,1,0,3,99,1,224,146,10,82,132
201100001122,11,9,29,1030,1,3,1,1,4987625,115687,3,2,2,0,1,1,0,61,1,0,1,99,1,198,136,8,88,102
201100001127,11,8,29,815,1,1,1,3,4981609,116362,3,2,3,0,0,3,0,105,2,0,1,0,1,114,70,14,54,46
201100001136,11,4,28,1345,1,1,1,2,4968560,103831,2,1,2,0,1,1,0,0,1,0,1,0,1,192,126,8,82,102
201100001137,11,5,6,1215,1,1,1,6,4974000,97001,4,1,1,0,1,1,0,30,1,0,1,99,1,170,98,14,90,66
201100001143,11,7,21,1700,1,1,1,3,4940370,117196,4,2,2,0,1,0,0,263,1,5,1,0,1,130,100,16,56,58
201100001144,11,9,26,1915,1,1,1,6,4937600,112573,3,2,2,0,1,3,0,66,1,0,1,0,1,124,110,10,62,52
201100001146,11,3,15,1615,1,1,1,2,4949400,87199,3,2,2,0,1,0,0,60,1,0,0,0,1,170,130,2,70,98
201100001148,11,4,5,1745,1,1,1,1,4945770,82032,3,2,2,0,0,2,0,52,1,0,1,0,1,204,152,6,78,120
201100001151,11,6,18,1630,1,1,1,6,4947790,81355,4,2,2,0,2,3,0,58,1,4,3,99,1,208,130,10,108,90
201100001153,11,7,6,2330,5,1,1,6,4950500,93900,3,2,2,0,1,1,0,60,1,0,4,3,1,200,110,10,84,106
201100001155,11,8,1,1815,1,3,1,3,4949430,85982,3,2,2,0,1,1,0,53,1,0,1,0,1,194,102,18,90,86
201100001157,11,10,6,800,2,1,2,6,4942720,79107,3,2,2,0,1,1,0,93,2,0,3,0,1,154,112,14,56,84
201100001160,11,12,15,745,3,1,2,5,4950017,94436,3,2,2,0,1,1,0,62,2,0,1,0,1,122,86,10,64,48
201100001164,11,6,15,1845,1,1,1,1,4965860,24623,3,2,2,0,2,3,0,0,2,0,1,0,1,152,128,10,56,86
201100001165,11,7,7,445,2,1,1,3,4970010,26645,3,2,0,0,1,2,0,58,1,0,1,0,1,192,112,14,88,90
201100001168,11,10,16,1815,2,2,1,3,4961633,28525,3,2,2,0,3,1,0,60,1,0,1,0,1,154,62,18,96,40
201100001170,11,10,22,1645,1,1,1,1,4964648,30595,3,2,2,0,0,3,0,70,1,0,1,0,1,170,114,26,90,54
201100001173,11,12,27,1015,1,1,7,6,4964558,36867,3,2,2,0,2,1,0,71,2,0,1,99,1,116,66,2,38,76
201100001177,11,4,9,1630,1,2,1,3,4965000,63200,3,2,2,0,1,1,0,44,1,0,1,99,1,176,100,18,62,96
201100001183,11,10,25,1145,1,1,1,6,4958972,51301,3,2,2,0,3,2,0,56,9,4,1,0,1,126,88,12,38,76
201100001184,11,11,13,300,3,1,1,7,4966087,51235,3,2,2,0,1,3,0,51,1,0,1,0,1,78,40,6,52,20
201100001185,11,2,10,800,2,3,1,1,4948630,28356,4,2,2,0,1,1,0,0,1,0,1,99,1,156,122,14,40,102
201100001186,11,6,1,315,3,1,1,6,4956980,30453,3,2,2,0,1,1,55,55,1,0,3,0,1,158,104,20,70,68
201100001188,11,7,4,1415,1,1,1,1,4951730,38057,3,2,2,0,0,1,0,71,1,0,1,99,1,208,134,8,98,102