Num_Acc,an,mois,jour,hrmn,lum,int,atm,col,lat,long,catr,circ,nbv,vosp,prof,plan,lartpc,larrout,surf,infra,situ,env1,chance,sum,unscathed,killed,hospital,light
201100001190,11,10,13,715,1,3,2,3,4947658,25510,5,0,0,0,0,0,0,0,0,0,0,0,1,124,68,8,64,52
201100001192,11,11,29,1915,5,1,3,7,4949462,28523,3,2,2,0,1,1,0,71,2,0,1,0,1,122,66,8,50,64
201100001196,11,7,17,1030,1,1,6,6,4987970,145511,3,2,2,0,4,3,0,45,2,0,3,0,1,116,48,20,66,30
201100001197,11,10,23,1915,2,1,1,7,4970422,136651,4,2,2,0,1,3,0,0,6,0,1,0,1,118,52,10,46,62
201100001198,11,10,29,1800,1,3,1,3,4969948,136174,1,1,1,0,3,1,0,0,1,3,1,0,1,128,46,12,66,50
201100001199,11,11,25,1500,1,1,1,6,4975306,142101,3,2,2,0,2,4,0,62,1,0,1,99,1,170,108,20,74,76
201100001201,11,12,22,2300,3,1,1,6,4968440,150146,3,2,2,0,0,2,0,62,1,0,0,99,1,122,84,6,46,70
201100001202,11,1,2,1230,1,3,1,1,4993740,159681,3,2,0,0,1,1,0,0,1,0,0,0,1,92,58,8,34,50
201100001206,11,5,29,1845,1,1,1,3,4975640,170717,3,2,2,0,3,1,0,0,1,0,1,99,1,242,102,32,138,72
201100001207,11,7,1,2330,3,1,1,6,4974600,173099,3,2,2,0,1,2,0,62,1,0,3,99,1,184,110,8,86,90
201100001210,11,12,8,900,1,1,1,6,4975855,171454,3,2,2,0,2,2,0,60,1,0,1,99,1,144,80,12,56,76
201100001215,11,11,17,1800,3,1,1,6,4965240,136534,4,2,0,0,2,1,0,0,1,0,1,99,1,152,80,22,52,78
201100001217,11,2,7,1045,1,1,1,6,4945790,140571,2,2,3,0,2,4,0,104,1,0,1,99,1,148,116,12,54,82
201100001220,11,6,25,1915,1,2,1,3,4946470,158379,2,2,2,0,2,1,0,0,1,0,1,0,1,198,100,14,92,92
201100001222,11,9,10,415,3,1,1,6,4950644,166886,3,2,2,0,1,1,0,0,1,0,1,0,1,144,110,8,72,64
201100001232,11,8,7,1530,1,1,1,7,4956374,82680,3,2,2,0,1,3,0,53,1,0,3,99,1,166,84,14,84,68
201100001237,11,2,16,1615,1,1,1,1,4978390,86983,3,0,2,0,0,1,0,60,1,0,1,99,1,158,110,8,74,76
201100001241,11,9,30,230,3,1,1,6,4983845,82875,3,2,0,0,1,3,60,0,1,0,3,0,1,192,140,10,86,96
201100001244,11,11,18,1730,2,1,1,1,4986550,85921,3,2,2,0,1,1,0,73,1,0,1,99,1,128,130,12,64,52
201100001249,11,2,27,1730,1,1,1,6,4969510,53041,4,2,2,0,0,1,0,44,1,0,1,0,1,184,70,6,100,78
201100001254,11,7,26,100,3,1,1,6,4969780,31624,3,2,2,0,1,0,0,49,1,0,3,99,1,112,74,8,66,38
201100001262,11,5,13,945,1,1,1,6,4966920,89952,3,2,2,0,1,1,0,61,1,1,1,0,1,276,198,10,108,158
201100001270,11,12,1,1500,1,1,2,6,4973741,77814,9,2,0,0,1,1,0,32,2,0,3,99,1,188,136,12,74,102
201100001275,11,2,19,1100,1,3,3,1,4899490,96017,3,2,2,0,1,1,35,103,2,5,1,99,1,164,116,10,74,80
201100001278,11,3,19,1030,1,2,1,1,4896200,113435,3,2,2,0,1,1,0,72,1,0,1,99,1,170,96,14,72,84
201100001281,11,6,22,1815,1,1,1,7,4893080,80862,3,2,2,0,1,3,0,0,1,0,1,99,1,184,134,16,76,92
201100001287,11,11,12,1,3,1,1,2,4897490,115867,3,0,2,0,1,1,0,0,1,0,1,99,1,132,64,4,60,68
201100001291,11,2,2,815,2,1,1,5,4891010,134694,3,2,2,0,1,1,0,60,2,0,1,3,1,348,218,14,82,252
201100001295,11,7,11,1430,1,1,1,1,4890670,127646,9,2,2,0,1,1,0,0,1,0,1,99,1,194,112,28,64,102
201100001300,11,2,12,1345,1,2,1,3,4876770,125362,4,2,2,0,1,1,0,60,1,0,1,99,1,196,148,12,122,62
201100001308,11,11,4,1900,3,2,2,3,4881600,129497,3,2,2,0,1,1,0,55,2,0,3,99,1,140,96,10,60,70
201100001314,11,10,27,1745,1,3,1,5,4900910,141540,2,2,3,3,1,1,0,150,1,3,1,0,1,72,44,4,42,26
201100001318,11,1,4,1745,3,2,1,3,4874070,88683,3,2,2,0,1,1,0,46,1,0,1,0,1,152,108,16,62,74
201100001319,11,1,29,915,1,1,1,6,4878530,82155,3,2,2,0,1,1,0,54,1,0,3,99,1,124,74,10,58,56
201100001330,11,9,15,1730,1,2,7,6,4884540,96833,3,2,2,0,1,1,0,57,1,0,1,3,1,194,154,10,86,98
201100001335,11,3,4,1045,1,1,1,7,4925020,144133,4,2,2,0,2,1,0,52,1,0,1,0,1,166,132,14,64,88
201100001337,11,9,9,1130,1,2,1,5,4920080,147207,3,2,2,0,1,1,0,0,1,5,1,99,1,162,102,16,66,80
201100001338,11,9,24,2315,5,2,1,3,4924910,141351,3,2,2,0,1,1,0,55,1,0,1,0,1,132,96,6,70,56
201100001343,11,1,15,430,3,1,1,6,4908190,160844,3,2,2,0,1,1,0,0,2,0,1,99,1,208,118,14,102,92
201100001350,11,3,11,2345,3,1,1,6,4944680,136655,2,2,3,0,2,2,0,103,1,0,1,99,1,212,138,18,72,122
201100001352,11,4,2,500,3,1,1,6,4943410,136336,4,2,2,0,2,1,0,50,1,0,1,0,1,268,164,18,102,148
201100001359,11,11,30,1745,3,1,1,1,4931890,128888,3,2,2,0,2,4,0,48,1,0,1,99,1,108,78,8,64,36
201100001364,11,2,23,1330,1,1,2,6,4928030,179068,4,2,1,0,2,4,0,40,2,0,1,99,1,126,72,0,56,70
201100001367,11,4,30,1745,1,1,1,6,4931200,171094,9,2,2,0,4,3,0,0,1,0,1,0,1,166,116,8,68,90
201100001374,11,10,14,1800,1,1,1,2,4927710,176112,3,2,2,0,1,1,0,65,1,0,1,99,1,166,114,10,88,68
201100001377,11,12,19,1815,4,1,2,1,4928350,178726,3,2,2,0,1,1,0,64,2,2,1,3,1,106,90,2,42,62
201100001390,11,8,8,1015,1,1,1,1,4896840,47939,3,2,0,0,1,1,0,75,1,0,1,99,1,138,128,12,56,70
201100001391,11,8,9,2130,2,1,1,7,4905760,57117,3,2,2,0,1,1,0,54,1,0,1,99,1,130,94,8,58,64
201100001396,11,1,31,1830,3,2,1,3,4917670,76352,3,3,2,0,1,1,0,55,1,5,1,99,1,166,110,16,72,78
201100001397,11,2,9,130,5,1,1,6,4919870,72136,9,2,2,0,1,1,0,49,1,0,1,3,1,206,118,18,78,110
201100001416,11,2,1,2100,2,1,1,3,4915170,137408,3,2,2,0,1,1,0,74,1,5,1,99,1,156,94,10,46,100
201100001424,11,5,21,1100,1,2,1,1,4915050,137931,3,2,2,0,1,1,0,0,1,0,1,99,1,230,150,10,116,104
201100001430,11,9,6,545,4,2,1,1,4917980,126453,3,2,2,0,1,1,0,0,1,5,1,0,1,120,64,12,68,40
201100001433,11,10,12,745,2,1,1,2,4920180,131650,3,2,2,0,2,4,0,0,1,0,1,99,1,134,66,12,50,72
201100001439,11,4,25,1530,1,1,1,1,4923220,107332,4,2,2,0,1,3,0,50,1,0,1,99,1,106,58,4,44,58
201100001450,11,12,21,1815,5,1,8,6,4930410,115449,4,1,1,0,1,1,30,30,2,0,1,99,1,154,106,6,46,102
201100001451,11,1,6,2145,3,1,2,1,4917270,91977,3,2,2,0,1,1,0,65,2,0,1,0,1,194,146,6,72,116
201100001462,11,2,18,2115,3,1,1,1,4936080,51497,3,3,2,0,3,4,0,56,1,0,1,99,1,160,108,12,74,74
201100001470,11,8,12,1845,1,7,2,7,4934610,33864,6,0,0,0,0,0,0,0,2,0,0,99,1,158,96,16,80,62
201100001472,11,9,14,1400,1,1,1,6,4931160,46666,3,2,2,0,2,3,0,0,1,0,1,0,1,180,142,22,88,70
201100001482,11,9,13,1730,1,2,7,2,4935770,77986,3,2,2,0,4,1,0,62,1,0,1,0,1,152,120,8,66,78
201100001486,11,3,14,900,1,1,5,6,4923630,47024,3,2,2,0,1,3,0,80,2,0,3,99,1,138,108,2,64,72
201100001490,11,10,15,1715,1,1,1,3,4924550,70901,3,2,2,0,2,2,0,64,1,0,1,99,1,210,110,12,96,102
201100001492,11,12,29,1830,3,1,2,3,4930490,55502,3,2,2,0,1,4,0,55,2,0,1,99,1,118,74,8,50,60
201100001500,11,1,19,1400,1,2,1,1,4835744,171484,3,0,0,0,0,0,0,0,0,0,0,0,1,132,128,6,48,78
201100001502,11,2,17,1415,1,1,1,1,4834036,149882,3,2,2,0,1,1,0,64,1,0,1,0,1,174,106,10,76,88
201100001503,11,2,28,1745,1,2,1,3,4823972,171215,3,0,0,0,0,0,0,0,0,5,1,99,1,124,100,6,46,72
201100001504,11,3,29,1430,1,1,1,1,4835200,177867,3,2,2,0,1,1,0,0,1,0,1,0,1,202,132,6,90,106
201100001509,11,8,21,1945,1,1,1,5,4824800,181600,3,2,2,0,1,3,0,66,1,0,1,0,1,130,74,16,66,48
201100001514,11,4,10,1600,1,2,1,1,4824900,200300,3,2,2,0,2,1,0,64,1,0,1,0,1,236,116,10,104,122
201100001560,11,3,12,1230,1,2,1,3,4842569,159507,3,2,2,0,0,1,0,59,1,5,1,0,1,220,128,12,82,126
201100001578,11,5,26,1345,1,1,8,4,4769812,203106,3,2,2,0,1,1,0,83,1,0,0,0,1,156,86,12,44,100
201100001585,11,1,3,1715,2,1,1,6,4774700,182500,3,2,2,0,2,1,0,51,2,0,1,0,1,126,84,8,44,74
201100001587,11,2,15,545,3,1,2,7,4773100,182200,4,2,2,0,4,1,0,40,2,0,3,99,1,156,114,12,50,94
201100001592,11,6,4,1830,1,2,1,3,4794900,160800,3,2,2,0,1,1,0,0,1,0,1,0,1,164,70,14,58,92
201100001629,11,3,16,600,3,1,1,6,4858800,195100,3,2,4,0,1,1,0,0,1,0,2,0,1,124,86,8,54,62
201100001652,11,2,5,1700,1,2,1,1,4843395,166491,3,2,2,0,1,1,0,60,1,5,0,0,1,198,108,20,84,94
201100001666,11,8,27,1515,1,1,1,1,4854100,173400,3,2,2,0,1,1,0,57,1,0,1,99,1,150,104,12,68,70
201100001707,11,9,25,2045,3,1,1,6,4799600,130900,3,2,2,0,1,3,0,40,1,0,3,99,1,150,64,14,76,60
201100001731,11,7,25,815,1,2,1,3,4867251,298416,4,2,2,0,2,1,0,34,2,0,1,99,1,168,106,8,68,92
201100001747,11,7,19,1830,1,1,8,3,4846489,263294,3,2,2,0,1,1,0,67,1,0,1,99,1,196,122,8,88,100
201100001772,11,11,8,1815,3,1,1,1,4822591,275491,4,2,2,0,1,3,0,61,1,0,1,99,1,80,58,2,28,50
201100001778,11,3,31,1630,1,1,1,2,4877816,304435,6,0,0,0,1,1,0,0,1,0,1,99,1,136,116,4,52,80
201100001802,11,7,20,1430,1,1,2,1,4836048,295620,3,2,2,0,1,1,0,75,2,0,1,99,1,112,68,8,48,56
201100001820,11,8,3,115,3,1,1,7,4841353,210969,3,2,2,0,2,1,0,0,1,0,3,99,1,102,84,6,42,54
201100001844,11,4,4,730,1,3,1,3,4853635,205925,4,2,2,0,1,1,0,0,1,0,1,99,1,142,92,2,54,86
201100001849,11,5,4,1800,1,1,1,3,4852780,225722,3,2,2,0,1,1,0,63,1,0,1,99,1,242,172,6,106,130
201100001887,11,8,6,1630,1,1,8,7,4838649,333997,3,2,2,0,1,1,0,56,1,0,1,99,1,176,96,10,68,98
201100001893,11,12,24,15,5,1,2,7,4829200,323700,3,2,2,0,2,1,0,0,2,0,1,99,1,108,56,6,62,40
201100001923,11,9,18,2145,3,1,1,6,4877400,332800,3,2,0,0,1,1,0,72,1,0,1,0,1,148,72,16,74,58
201100001931,11,2,21,1745,1,1,2,3,4799572,425151,3,2,2,3,1,1,0,132,2,5,1,0,1,168,92,4,60,104
201100001973,11,11,9,800,5,9,2,1,4790727,398686,3,2,2,0,1,1,0,0,2,0,1,99,1,124,76,6,64,54
201100001996,11,1,18,1115,1,1,1,6,4845280,424634,3,2,2,0,0,1,0,62,1,0,1,99,1,122,100,4,58,60
201100002013,11,1,24,815,2,1,1,1,4848730,452903,3,2,0,0,1,1,60,0,1,0,1,99,1,126,94,10,36,80
201100002032,11,8,17,1430,1,1,1,3,4819679,409109,3,2,2,0,1,1,0,70,1,0,1,3,1,112,78,12,42,58
201100002054,11,6,17,2030,2,1,1,6,4807252,381662,3,2,2,0,1,1,0,60,1,0,3,0,1,266,194,20,94,152
201100002058,11,8,10,1145,1,1,1,2,4824910,396518,3,2,2,0,1,1,0,60,1,0,1,0,1,154,96,2,68,84
201100002223,11,10,31,1845,5,1,1,3,4780870,334090,4,2,2,0,0,1,0,57,1,0,1,99,1,68,44,2,40,26
201100002317,11,3,28,1315,1,1,1,3,4812782,310418,4,2,1,0,2,1,30,40,1,0,1,0,1,152,100,10,64,78
201100002322,11,6,10,445,3,1,1,6,4804460,287394,4,2,2,0,1,2,0,46,1,0,3,99,1,206,150,18,70,118
201100002379,11,6,21,1505,1,1,1,1,4911640,50339,3,2,2,0,1,3,0,0,1,0,1,99,1,158,120,2,54,102
201100002507,11,9,21,1615,1,6,1,3,4885900,87200,4,1,1,0,1,3,24,110,1,6,1,0,1,122,98,10,54,58
201100002519,11,8,13,1815,1,1,3,3,4903100,69200,3,2,2,0,1,1,0,60,2,0,1,0,1,164,140,14,72,78
201100002527,11,3,26,515,3,1,1,6,4885460,62775,3,2,2,0,2,2,0,76,1,0,3,99,1,200,92,18,66,116
201100002611,11,1,23,1830,2,1,1,2,4855600,152500,2,2,2,0,1,1,70,0,1,0,1,0,1,114,50,14,36,64
201100003008,11,9,19,430,3,1,1,6,4700200,146400,3,2,2,0,1,2,0,60,1,0,3,0,1,152,86,18,60,74
201100003078,11,7,27,1200,1,1,1,3,4763300,182900,3,2,2,0,0,1,50,0,1,0,3,3,1,112,70,4,42,66
201100003194,11,3,2,1930,5,1,1,1,4735100,249500,4,2,0,0,1,1,0,0,1,0,1,0,1,182,128,16,38,128
201100003226,11,5,10,2100,1,1,1,7,4732400,218300,4,2,2,0,1,1,0,0,1,0,1,0,1,146,132,4,44,98
201100003412,11,2,20,1715,1,1,1,6,4732295,5329,3,2,0,0,1,1,113,0,1,0,3,0,1,88,72,12,30,46
201100003431,11,1,1,1500,1,1,5,7,4710912,9600,3,2,0,0,1,0,0,0,1,0,3,0,1,106,70,10,36,60
201100003497,11,12,26,1615,1,1,7,6,4796440,35410,3,2,0,0,2,1,0,52,1,0,1,0,1,80,52,2,38,40
201100003505,11,7,18,1630,1,1,1,2,4816200,45900,3,2,2,0,0,1,0,61,1,0,1,99,1,128,68,8,58,62
201100003597,11,12,16,930,2,1,2,6,4841806,33580,2,2,2,0,1,1,0,83,2,0,1,99,1,182,102,6,66,110
201000000002,10,8,7,1000,1,1,1,6,5051600,292000,3,2,0,0,1,1,0,0,1,0,1,0,1,122,96,14,64,44
201000000004,10,9,22,1630,1,1,1,6,5051800,292500,3,2,2,0,1,1,0,68,1,0,1,0,1,112,87,3,49,60
201000000005,10,10,25,1215,1,1,1,2,5050800,289700,3,2,1,0,1,1,0,0,1,0,1,99,1,92,56,14,40,38
201000000010,10,7,29,615,2,2,1,5,5054200,281800,2,2,0,0,1,1,0,144,1,5,1,0,1,121,56,7,53,61
201000000011,10,9,21,1845,1,1,1,3,5056100,291000,3,2,0,0,1,4,0,0,1,5,1,99,1,142,76,14,83,45
201000000014,10,12,2,945,1,1,4,3,5059200,282100,3,2,0,0,1,3,0,68,5,0,3,0,1,48,36,4,21,23
201000000021,10,10,16,215,5,1,2,6,5052900,317100,3,2,2,0,1,4,0,70,2,0,3,3,1,125,69,13,61,51
201000000023,10,3,9,1800,1,1,1,6,5048200,311400,3,2,0,0,1,1,0,58,1,0,1,0,1,71,57,3,27,41
201000000024,10,5,30,1300,1,1,1,6,5047300,306200,3,2,2,0,1,3,0,75,1,0,1,0,1,125,86,15,54,56
201000000025,10,9,8,545,3,2,3,2,5046900,302900,3,2,2,0,1,1,0,75,2,0,1,99,1,127,85,11,52,64
201000000027,10,4,10,1345,1,2,1,3,5091100,222300,4,2,2,0,1,1,0,35,1,0,1,99,1,134,82,11,64,59
201000000029,10,10,26,1915,3,1,2,5,5096500,232800,3,2,2,0,1,1,0,61,2,0,1,99,1,103,80,3,47,53
201000000031,10,11,11,1930,3,1,6,7,5091400,221700,3,2,0,0,0,1,0,58,2,0,3,99,1,83,41,7,43,33
201000000032,10,4,8,2230,3,1,1,7,5082500,227400,3,2,2,0,1,1,0,0,1,0,1,99,1,87,53,9,40,38
201000000033,10,5,4,1900,1,1,1,1,5089500,246400,3,2,2,0,1,1,0,70,1,0,1,0,1,115,53,5,54,56
201000000035,10,6,25,730,1,2,7,1,5088700,249300,3,2,0,1,1,1,0,100,1,0,1,0,1,130,102,7,63,60
201000000037,10,11,30,1745,3,1,8,5,5080100,227900,3,2,2,0,1,1,0,65,1,0,1,0,1,59,50,3,25,31
201000000038,10,12,26,1830,3,1,1,6,5089500,248200,3,2,2,0,0,4,90,0,1,0,0,0,1,68,32,10,33,25
201000000039,10,12,28,630,3,1,1,6,5090900,245700,3,2,2,0,1,1,0,71,1,0,3,99,1,69,39,6,41,22
201000000042,10,9,7,900,1,1,1,3,5069500,240900,3,2,2,0,1,1,0,57,1,0,1,99,1,121,84,12,49,60
201000000043,10,9,10,2200,3,1,1,7,5075800,241200,3,2,2,0,1,3,0,0,1,0,3,0,1,168,91,12,92,64
201000000045,10,4,30,2215,4,1,8,1,5081000,268400,3,2,2,0,1,2,0,0,1,0,1,99,1,151,98,14,70,67
201000000047,10,7,5,1445,1,1,1,3,5077300,274200,3,2,0,0,0,1,0,45,1,0,1,99,1,129,68,14,69,46
201000000048,10,12,5,1515,1,1,1,1,5075800,264400,3,2,2,0,1,1,0,77,1,0,1,0,1,83,44,7,36,40
201000000049,10,1,27,1145,1,1,1,1,5065200,272100,3,2,2,0,1,1,0,75,1,0,1,3,1,105,50,10,44,51
201000000051,10,4,20,1200,1,1,1,3,5066600,276200,3,0,0,0,0,0,0,51,0,0,0,0,1,109,91,9,46,54
201000000052,10,6,2,1530,1,1,1,1,5070500,276500,3,2,2,0,1,1,0,56,1,0,1,0,1,130,81,13,61,56
201000000058,10,3,10,1715,1,1,1,6,5066000,266300,3,2,2,0,1,1,0,61,0,0,0,0,1,90,57,6,36,48
201000000059,10,5,15,1700,1,1,1,1,5070200,264400,3,2,2,0,1,1,0,100,1,0,1,0,1,178,92,11,95,72
201000000060,10,6,3,2115,1,1,1,1,5071300,248900,3,2,2,0,3,1,0,65,1,0,1,0,1,138,102,14,61,63
201000000063,10,3,2,1230,1,1,1,3,5079100,252500,3,2,2,0,0,1,0,70,1,0,1,99,1,98,70,4,50,44
201000000064,10,3,27,1530,1,8,1,1,5079100,246200,3,2,2,0,1,1,0,70,1,4,1,99,1,157,93,13,63,81
201000000065,10,4,16,1845,1,1,1,3,5077100,258300,3,2,0,0,1,1,0,0,1,0,1,99,1,117,95,9,46,62
201000000066,10,6,14,1600,1,2,1,3,5083200,254000,3,2,2,0,1,1,0,71,1,5,1,99,1,112,69,1,39,72
201000000067,10,7,6,1945,1,1,1,3,5080900,239400,4,2,0,0,1,1,0,56,1,0,1,99,1,135,98,18,55,62
201000000068,10,8,20,2000,1,1,1,2,5080800,240300,3,2,2,0,1,2,0,65,1,0,1,0,1,144,95,7,66,71
201000000069,10,8,21,1815,1,1,1,1,5080800,258400,3,2,2,0,1,1,0,0,1,0,1,99,1,139,87,2,88,49
201000000071,10,9,18,2100,3,1,1,6,5082700,248000,3,2,2,0,1,2,0,86,1,0,1,99,1,148,72,16,71,61
201000000072,10,9,23,200,3,1,1,7,5083100,235900,3,2,0,0,1,1,0,40,1,0,1,0,1,85,58,3,41,41
201000000074,10,10,10,1745,1,2,1,3,5087400,257300,3,0,2,0,1,1,0,68,1,0,1,99,1,139,50,17,62,60
201000000075,10,10,20,1230,1,1,1,1,5081300,256900,3,2,0,0,1,1,0,60,1,0,1,99,1,105,75,7,44,54
201000000076,10,11,6,945,1,1,1,5,5081800,244600,3,2,0,0,0,1,0,63,2,0,1,99,1,103,101,6,60,37
201000000082,10,9,4,200,5,1,1,7,5059500,321100,4,2,0,0,0,1,0,70,1,0,1,99,1,146,85,18,71,57
201000000083,10,5,23,100,4,1,1,1,5053100,328500,3,2,0,0,1,0,0,0,1,0,2,0,1,193,91,20,101,72
201000000084,10,10,29,1645,2,1,1,6,5058800,316900,3,2,2,0,1,1,0,60,1,6,1,99,1,76,52,2,42,32
201000000085,10,4,22,930,1,2,1,1,5071400,299800,3,2,2,0,1,1,0,52,1,5,1,99,1,118,64,6,49,63
201000000087,10,9,29,2100,2,1,2,6,5072500,302600,3,2,2,0,0,3,0,60,2,0,0,0,1,84,50,12,30,42
201000000088,10,2,2,845,1,1,2,1,5027100,347100,3,2,2,0,1,2,0,69,7,0,1,0,1,104,65,3,43,58
201000000089,10,4,28,1545,1,1,1,7,5033000,359300,3,3,0,0,1,3,9,45,1,0,1,0,1,134,87,8,62,64
201000000090,10,5,20,1230,1,1,1,6,5032900,359500,2,1,0,0,1,3,0,0,1,3,2,0,1,152,79,11,65,76
201000000091,10,7,17,1945,1,3,1,1,5031200,351700,3,2,0,0,1,1,0,81,1,5,1,0,1,154,104,9,94,51
201000000096,10,3,25,1945,4,1,3,6,5048100,352300,4,2,2,0,0,1,0,52,1,0,1,99,1,88,57,13,37,38
201000000097,10,3,31,745,1,1,1,1,5045600,332000,3,2,0,0,1,1,0,62,1,0,1,99,1,77,52,6,30,41
201000000098,10,6,21,2300,5,1,1,6,5050600,343300,3,2,1,1,2,1,0,76,1,0,1,99,1,101,64,5,47,49
201000000099,10,1,22,715,3,1,8,2,5013400,393800,2,2,4,0,2,1,0,136,1,0,1,0,1,118,77,9,46,63
201000000100,10,3,5,1415,1,1,1,3,5012700,393300,9,1,2,0,0,1,0,72,1,0,4,99,1,118,93,7,41,70
201000000102,10,4,3,1300,1,1,1,1,5012100,393400,3,2,2,0,1,1,0,90,1,0,1,0,1,133,95,8,77,48
201000000103,10,4,11,15,5,1,1,1,5015700,395400,2,2,2,0,3,1,0,76,1,0,1,0,1,160,99,11,95,54
201000000106,10,7,2,1400,1,1,1,6,5012900,393600,2,2,2,0,1,1,30,92,1,0,1,99,1,201,111,26,98,77
201000000107,10,7,22,1415,1,1,1,6,5013100,392900,2,3,0,0,2,3,0,0,1,0,4,0,1,122,95,19,63,40
201000000108,10,9,14,1515,1,1,1,1,5005500,393000,2,2,0,0,2,1,0,72,1,0,1,0,1,133,74,5,60,68
201000000120,10,1,14,815,3,1,1,6,5015700,406900,3,2,2,0,1,1,0,49,2,0,1,99,1,89,79,2,42,45
201000000121,10,2,27,2245,4,1,2,7,5006700,404100,3,2,2,0,1,2,0,50,2,0,1,0,1,102,52,10,60,32
201000000122,10,3,28,530,5,1,1,7,4999700,411400,4,2,2,0,1,1,0,0,1,0,1,99,1,93,56,14,44,35
201000000123,10,4,5,600,1,1,9,6,4999700,410299,3,2,2,0,0,3,0,50,0,0,3,0,1,133,74,4,71,58
201000000126,10,9,20,630,2,1,1,6,5005000,417999,3,2,1,0,1,1,0,69,1,0,1,99,1,98,65,8,34,56
201000000129,10,1,8,730,3,1,9,1,5024400,324800,3,2,0,0,1,1,0,62,7,0,1,0,1,63,49,3,30,30
201000000131,10,7,21,345,3,2,1,1,5020900,328400,3,2,0,0,1,1,0,70,1,0,5,0,1,107,79,5,50,52
201000000132,10,7,26,800,1,1,1,1,5024000,332300,3,2,0,0,1,1,60,0,1,5,1,99,1,84,49,4,34,46
201000000133,10,8,19,915,1,9,1,7,5026200,320300,4,2,0,0,0,1,0,36,1,0,1,0,1,97,45,9,36,52
201000000146,10,1,16,1400,1,1,6,1,5013100,342500,3,2,2,0,1,1,0,0,2,0,1,99,1,125,77,9,50,66
201000000149,10,8,9,1700,1,1,1,3,5012700,341100,4,1,0,0,1,0,0,0,1,0,0,0,1,96,48,8,42,46
201000000155,10,5,27,1645,1,1,1,6,5010500,331200,3,2,0,0,1,1,0,70,1,0,1,3,1,110,98,8,47,55
201000000161,10,10,2,1415,1,1,1,5,5006900,348600,3,2,2,0,1,1,0,66,1,0,1,0,1,155,64,25,77,53
201000000162,10,12,13,900,1,1,1,6,5010900,339100,3,2,0,0,1,1,0,60,1,0,3,99,1,51,41,7,24,20
201000000167,10,12,16,1700,5,1,2,6,5006100,313200,3,2,2,0,1,1,0,71,2,0,1,0,1,98,57,6,53,39
201000000180,10,2,6,2330,3,1,1,2,5051000,326900,3,2,2,1,1,1,0,100,1,0,1,99,1,135,73,11,64,60
201000000181,10,3,4,630,2,1,1,2,5045700,323900,4,2,0,0,0,0,0,30,9,0,1,99,1,75,56,3,34,38
201000000183,10,4,25,1530,1,9,1,6,5045800,320000,4,3,2,0,1,1,0,40,1,0,1,0,1,147,85,11,72,64
201000000184,10,5,8,1230,1,1,1,7,5045800,314300,4,2,0,0,1,2,0,0,1,0,3,0,1,128,68,12,70,46
201000000187,10,10,23,1830,2,1,3,5,5047000,322000,3,2,2,0,1,1,0,76,2,0,1,99,1,122,63,15,59,48
201000000192,10,9,9,1930,1,1,1,3,5031100,399700,3,2,2,0,1,1,0,67,1,0,1,99,1,118,69,9,49,60
201000000193,10,12,6,100,3,1,4,7,5029000,387800,3,2,0,0,1,3,0,50,5,0,1,99,1,69,46,1,35,33
201000000195,10,5,7,1545,1,1,1,6,5024000,359500,3,2,2,0,2,1,0,0,1,0,4,99,1,105,71,4,42,59
201000000198,10,7,7,1215,1,1,1,1,5024700,361100,3,2,1,0,0,1,0,56,1,0,1,99,1,153,88,24,69,60
201000000199,10,7,10,1100,1,1,1,6,5024500,360800,3,2,0,0,1,1,0,69,1,0,1,99,1,137,73,17,65,55
201000000201,10,11,20,1400,1,1,1,3,5029200,368000,3,2,0,0,2,2,0,52,1,0,1,99,1,155,71,8,88,59
201000000204,10,4,18,445,3,1,1,6,5026100,405100,3,2,2,0,1,1,0,76,1,0,3,0,1,169,102,13,86,70
201000000207,10,9,16,1615,1,1,2,6,5021600,401800,3,2,0,0,2,4,0,56,2,0,1,0,1,107,75,5,47,55
201000000209,10,1,13,1515,1,1,8,3,5010700,286800,6,0,0,0,1,1,0,70,2,0,1,0,1,99,59,9,48,42
201000000210,10,1,23,2115,3,1,2,6,5011400,284800,3,2,0,0,1,1,0,150,2,5,1,99,1,133,76,10,72,51
201000000212,10,7,24,1745,3,1,1,3,5008800,280400,3,2,2,0,1,3,0,58,1,0,1,0,1,123,51,13,62,48