Num_Acc,an,mois,jour,hrmn,lum,int,atm,col,lat,long,catr,circ,nbv,vosp,prof,plan,lartpc,larrout,surf,infra,situ,env1,chance,sum,unscathed,killed,hospital,light
200900017295,9,7,5,245,3,1,1,1,4,0,3,2,2,0,1,3,0,46,0,0,1,0,1,17,13,0,11,6
200900017301,9,7,4,1300,1,1,2,1,4,0,2,2,2,0,1,1,0,65,2,0,1,0,1,14,11,1,10,3
200900017303,9,7,9,120,5,1,1,7,4,0,3,2,2,0,1,1,0,0,1,0,1,99,1,19,10,0,11,8
200900017306,9,7,6,945,1,1,1,7,4,0,1,1,0,0,0,2,0,0,1,3,3,99,1,10,5,1,3,6
200900017308,9,7,7,1000,1,1,1,2,4,0,4,2,3,0,4,1,0,90,1,0,1,3,1,25,13,2,8,15
200900017311,9,7,10,1215,1,6,1,3,4,0,3,1,1,1,2,1,0,30,1,5,1,99,1,18,10,0,9,9
200900017321,9,7,11,800,1,1,1,7,4,0,3,2,4,0,1,2,8,130,1,0,1,99,1,11,11,2,7,2
200900017323,9,7,23,1400,1,1,1,1,4,0,3,2,0,0,1,2,0,54,1,0,1,0,1,12,10,0,7,5
200900017326,9,7,12,700,2,1,1,2,4,0,1,3,2,0,1,1,0,0,1,0,1,0,1,13,17,1,9,3
200900017327,9,7,13,1100,1,1,1,2,4,0,4,2,2,0,1,1,0,0,1,0,1,0,1,18,10,3,3,12
200900017329,9,7,15,1710,1,1,1,1,4,0,4,2,2,0,1,1,0,50,1,0,1,0,1,10,8,0,4,6
200900017330,9,7,18,1400,1,3,1,5,4,0,3,0,2,0,1,0,57,30,1,5,1,0,1,24,17,1,12,11
200900017331,9,7,24,1645,1,1,1,2,4,0,3,2,2,0,1,1,0,73,1,0,1,0,1,9,7,0,4,5
200900017332,9,7,25,1900,1,1,1,6,4,0,4,2,0,0,1,3,0,51,1,0,1,0,1,9,5,0,4,5
200900017334,9,7,26,530,2,1,1,6,4,0,3,2,2,0,2,1,0,58,1,0,3,0,1,9,0,1,5,3
200900017336,9,7,28,1330,1,1,1,3,4,0,3,2,0,0,2,1,0,60,1,0,1,0,1,23,14,0,6,17
200900017337,9,7,31,815,1,1,1,6,4,0,3,2,2,0,0,3,0,0,1,0,3,0,1,12,8,0,5,7
200900017804,9,6,21,1100,1,1,1,7,4,0,3,2,2,0,1,1,0,0,1,0,1,99,1,18,16,2,14,2
200900018336,9,6,12,1115,1,1,1,3,4,0,2,2,2,0,2,1,0,65,1,0,1,99,1,9,4,0,4,5
200900018732,9,4,7,1200,1,1,1,3,4,0,4,2,2,0,1,1,0,51,3,0,1,0,1,4,5,0,4,0
200900018733,9,4,13,1,3,1,1,6,4,0,3,2,2,0,1,1,0,60,1,2,1,99,1,5,1,0,0,5
200900021741,9,7,16,1245,1,1,1,7,4,0,3,2,2,0,1,3,0,0,9,0,1,99,1,17,6,2,6,9
200900022012,9,7,21,1700,1,1,1,3,4,0,3,2,2,0,2,1,0,71,1,0,1,99,1,10,7,3,3,4
200900022028,9,8,14,1515,1,1,1,7,4,0,3,2,2,0,1,2,0,60,1,0,3,0,1,18,12,1,4,13
200900022030,9,8,30,800,1,1,1,7,4,0,3,2,2,0,0,0,0,0,1,0,0,99,1,15,6,0,7,8
200900022031,9,8,1,445,3,1,1,1,4,0,2,2,2,0,0,1,0,72,1,0,1,0,1,22,14,3,5,14
200900022032,9,8,13,545,3,9,2,6,4,0,3,3,4,0,1,1,31,144,2,3,1,99,1,17,11,0,8,9
200900022033,9,8,29,800,1,9,5,6,4,0,4,2,2,0,4,2,0,36,1,0,3,0,1,15,7,0,8,7
200900022034,9,8,7,1730,1,1,1,3,4,0,3,1,1,0,1,1,0,65,1,0,1,0,1,13,8,1,4,8
200900022178,9,7,14,2115,5,9,1,3,4,0,4,2,2,0,1,1,0,80,1,5,1,99,1,27,9,1,16,10
200900022184,9,7,19,1900,1,1,1,5,4,0,3,2,0,0,0,1,50,0,1,0,1,0,1,9,7,0,5,4
200900022197,9,7,30,2100,1,1,1,3,4,0,9,1,1,0,1,3,0,35,1,0,1,99,1,14,9,0,10,4
200900022332,9,7,17,2100,5,4,1,3,4,0,4,2,2,0,1,1,0,63,1,0,1,99,1,15,15,1,8,6
200900022425,9,8,21,1730,1,1,1,1,4,0,4,2,0,0,4,1,0,0,1,0,1,99,1,11,4,2,4,5
200900022427,9,8,2,15,3,1,1,6,4,0,3,2,0,0,1,1,0,56,1,6,1,99,1,20,6,1,10,9
200900022442,9,8,12,1900,1,1,7,1,4,0,3,2,2,0,1,2,0,60,1,0,1,0,1,7,5,1,3,3
200900022453,9,8,25,1845,1,1,1,3,4,0,3,2,2,0,1,0,0,67,1,0,1,99,1,10,13,0,5,5
200900023045,9,5,21,1815,1,3,1,3,4,0,4,2,2,0,1,1,0,0,1,0,1,99,1,6,4,0,3,3
200900023115,9,6,7,1653,1,3,1,3,4,0,9,2,2,0,1,1,0,0,1,0,1,0,1,6,8,1,2,3
200900024628,9,7,27,1930,1,1,1,3,4,0,3,2,2,0,4,1,0,62,1,0,1,0,1,15,11,1,3,11
200900024948,9,7,20,940,1,1,1,3,4,0,4,2,2,0,1,1,0,100,1,0,1,99,1,9,7,1,4,4
200900028216,9,8,3,1430,1,1,1,6,4,0,9,2,2,0,1,1,0,57,1,0,1,0,1,16,10,0,7,9
200900028218,9,8,10,1415,1,1,1,1,4,0,4,2,2,0,1,1,0,35,1,0,1,0,1,8,5,0,4,4
200900028228,9,8,17,1515,1,1,1,1,4,0,3,2,2,0,1,1,0,72,1,0,1,0,1,14,11,0,7,7
200900028230,9,8,20,1300,1,1,1,1,4,0,3,2,2,0,1,1,0,70,1,0,1,99,1,13,10,1,7,5
200900028232,9,8,22,1945,1,1,1,1,4,0,3,2,2,0,1,3,0,65,1,0,1,99,1,20,11,3,12,5
200900028235,9,8,24,1945,2,1,7,3,4,0,3,2,2,0,1,1,0,75,1,0,1,99,1,17,13,2,9,6
200900028240,9,8,28,2215,3,1,1,3,4,0,3,2,0,0,1,1,0,80,1,0,1,99,1,19,10,3,12,4
200900028294,9,9,5,430,2,1,1,6,4,0,4,2,2,0,2,3,0,70,1,0,3,99,1,11,13,1,8,2
200900028296,9,9,12,800,1,1,1,1,4,0,3,2,2,0,1,1,0,60,1,5,1,0,1,24,13,2,7,15
200900028301,9,9,9,1815,1,1,1,6,4,0,4,2,2,0,1,1,0,38,1,0,1,99,1,9,10,2,3,4
200900028302,9,9,10,1200,1,6,1,3,4,0,3,2,0,2,1,3,0,0,1,5,1,99,1,11,11,0,6,5
200900028316,9,9,26,1400,1,1,1,6,4,0,3,2,2,0,1,2,0,0,1,0,3,99,1,11,9,0,6,5
200900028318,9,9,29,1545,1,1,1,7,4,0,3,2,4,0,1,1,72,144,1,0,1,0,1,6,5,0,4,2
200900028888,9,8,5,1830,1,1,1,6,4,0,3,2,2,0,2,3,0,45,1,0,1,99,1,9,4,1,3,5
200900028890,9,8,8,2030,1,1,1,7,4,0,4,2,2,0,2,1,0,40,1,0,1,99,1,26,26,0,9,17
200900029373,9,8,4,1500,1,9,1,6,4,0,4,2,2,0,1,1,0,69,1,0,1,0,1,11,10,1,4,6
200900029377,9,8,6,940,1,1,1,6,4,0,4,2,2,0,1,1,0,0,1,0,1,0,1,21,11,0,11,10
200900029397,9,8,9,1730,3,1,2,6,4,0,3,2,0,0,4,3,61,0,2,2,3,0,1,18,17,1,12,5
200900029403,9,8,11,1930,1,1,1,3,4,0,4,2,3,0,1,1,0,131,1,0,1,0,1,14,11,1,4,9
200900029412,9,8,15,1015,1,1,1,6,4,0,3,2,2,0,2,2,0,80,1,0,1,99,1,12,11,0,8,4
200900029417,9,8,16,140,5,1,1,6,4,0,4,2,0,0,1,1,0,87,1,0,1,0,1,11,13,0,6,5
200900029421,9,8,18,1425,1,6,1,3,4,0,3,1,1,0,1,1,0,60,1,0,1,99,1,20,11,0,10,10
200900029428,9,8,19,1700,1,9,1,6,4,0,4,2,2,0,1,1,0,60,1,0,1,99,1,12,15,1,7,4
200900029437,9,8,23,1040,1,1,1,3,4,0,3,4,3,3,1,1,0,130,1,0,1,0,1,17,7,3,5,9
200900029448,9,8,26,1320,1,3,1,3,4,0,4,1,1,0,1,1,0,0,1,0,1,99,1,13,9,1,10,2
200900029449,9,8,27,1430,1,1,1,7,4,0,3,4,2,0,1,0,0,90,1,0,1,0,1,9,6,1,2,6
200900029455,9,8,31,1150,1,1,1,2,4,0,4,2,2,0,1,1,0,0,1,0,1,0,1,5,4,1,1,3
200900029459,9,9,7,1605,1,2,1,4,4,0,4,2,2,0,2,1,0,60,1,0,1,99,1,9,10,0,4,5
200900029460,9,9,13,1900,1,1,1,3,4,0,4,1,2,0,1,1,0,60,1,0,1,99,1,18,12,3,8,7
200900029461,9,9,15,825,1,6,1,3,4,0,4,1,2,0,2,2,0,80,1,0,1,0,1,15,8,1,4,10
200900029463,9,9,1,1330,1,1,1,6,4,0,4,0,1,3,1,1,0,0,1,6,1,0,1,17,13,0,5,12
200900029468,9,9,2,1430,1,1,1,3,4,0,4,2,2,0,1,1,0,0,1,0,1,0,1,13,7,1,2,10
200900029470,9,9,3,1125,1,1,1,2,4,0,4,2,3,0,1,1,0,131,1,0,1,0,1,11,12,1,7,3
200900029473,9,9,4,830,1,1,1,6,4,0,4,2,2,0,1,1,0,0,1,0,1,0,1,15,11,1,7,7
200900029474,9,9,6,130,3,1,1,6,4,0,3,2,3,0,2,3,0,108,1,0,3,0,1,15,9,2,6,7
200900029479,9,9,11,650,5,1,1,6,4,0,4,2,2,0,1,1,0,0,1,0,1,0,1,12,7,1,7,4
200900029481,9,9,16,1635,1,1,1,3,4,0,4,2,2,0,1,1,0,65,1,0,1,0,1,16,8,0,6,10
200900029484,9,9,30,2035,3,1,1,6,4,0,3,2,2,0,0,2,33,0,9,0,1,0,1,13,9,1,3,9
200900029487,9,9,17,1715,1,1,1,3,4,0,4,2,2,0,1,1,0,55,1,0,1,3,1,6,4,1,1,4
200900029488,9,9,18,755,2,1,1,3,4,0,4,2,2,0,1,1,0,0,2,0,1,0,1,16,10,3,7,6
200900029492,9,9,19,1100,1,1,8,6,4,0,3,2,0,0,2,4,0,0,2,0,1,0,1,14,6,1,3,10
200900029495,9,9,20,1320,1,1,1,6,4,0,4,2,2,0,1,1,0,0,1,0,1,0,1,14,2,1,7,6
200900029496,9,9,21,735,2,1,2,6,4,0,3,2,2,0,1,1,0,0,2,0,1,0,1,12,7,1,4,7
200900029498,9,9,22,945,1,1,5,6,4,0,3,2,1,0,3,3,0,44,1,0,3,0,1,12,8,1,6,5
200900029504,9,9,25,515,5,1,1,6,4,0,3,2,0,0,0,2,0,0,0,0,4,0,1,15,13,0,5,10
200900029507,9,9,23,2100,5,1,1,1,4,0,4,2,2,0,1,3,0,60,1,0,1,99,1,19,7,2,7,10
200900029508,9,9,24,645,2,1,1,3,4,0,4,2,2,0,1,1,0,0,1,0,1,0,1,15,9,3,7,5
200900029512,9,9,27,1805,1,3,1,3,4,0,4,1,1,0,3,1,0,55,1,0,1,99,1,13,5,0,7,6
200900029513,9,9,28,2030,3,1,1,6,4,0,3,2,2,0,1,1,0,72,1,0,1,99,1,11,10,0,6,5
200900030554,9,6,9,2245,3,1,1,3,4,0,3,2,2,0,1,1,0,70,1,0,1,0,1,3,3,0,1,2
200900030594,9,6,28,2145,1,2,1,1,4,0,4,2,2,0,1,2,0,0,1,0,1,3,1,7,4,2,1,4
200900030641,9,7,22,500,2,1,1,1,4,0,3,2,2,0,1,1,0,62,1,0,1,0,1,11,4,0,6,5
200900031562,9,9,8,1215,1,1,1,2,4,0,4,0,2,1,1,3,0,0,1,0,1,0,1,12,11,0,6,6
200900031996,9,10,4,2030,3,1,1,6,4,0,3,2,2,0,1,1,0,63,1,0,1,99,1,16,7,0,11,5
200900031997,9,10,10,2215,3,1,1,6,4,0,3,2,2,0,1,1,0,60,1,0,3,0,1,14,15,2,6,6
200900031999,9,10,18,530,3,1,1,3,4,0,3,2,2,0,1,1,0,76,1,0,1,0,1,9,7,2,6,1
200900032001,9,10,11,2300,3,1,1,6,4,0,4,2,0,0,1,1,0,45,1,0,3,0,1,8,2,1,2,5
200900032005,9,10,16,1615,1,1,1,7,4,0,3,2,0,0,1,4,0,51,1,0,3,0,1,24,16,2,6,16
200900032006,9,10,17,600,3,1,1,6,4,0,4,2,0,0,1,2,0,40,1,0,1,0,1,14,9,2,6,6
200900032012,9,10,28,2030,2,6,1,3,4,0,4,2,0,0,0,3,68,0,1,0,1,99,1,4,2,0,2,2
200900035285,9,10,27,1145,1,1,1,3,4,0,3,2,2,0,1,1,0,46,1,0,1,0,1,8,6,2,2,4
200900035393,9,10,14,900,1,1,7,2,4,0,3,2,2,0,1,1,0,0,1,0,1,99,1,9,6,0,6,3
200900035405,9,10,1,1900,1,3,1,3,4,0,3,0,2,0,1,1,0,66,1,5,1,99,1,11,6,0,6,5
200900035406,9,10,2,900,1,2,1,3,4,0,3,2,2,0,2,3,0,62,1,0,1,99,1,13,9,1,7,5
200900035407,9,10,6,700,5,1,1,1,4,0,3,2,2,0,2,1,0,64,1,0,1,0,1,16,7,0,6,10
200900035408,9,10,9,1730,1,1,1,1,4,0,3,2,2,0,1,3,0,61,1,0,1,0,1,13,14,2,5,6
200900035411,9,10,15,930,1,1,1,6,4,0,3,2,2,0,2,1,0,62,1,0,1,0,1,11,8,1,3,7
200900035413,9,10,21,1030,1,1,1,6,4,0,2,2,2,0,1,1,0,73,1,0,1,0,1,16,6,0,5,11
200900035414,9,10,24,600,3,1,1,7,4,0,3,2,0,0,1,3,0,150,1,0,3,0,1,11,4,1,7,3
200900035416,9,10,29,1045,1,1,1,3,4,0,3,2,2,0,1,1,0,65,1,0,1,99,1,3,2,0,3,0
200900035417,9,10,30,1245,1,1,1,6,4,0,3,2,2,0,1,1,0,68,0,0,1,0,1,9,9,0,4,5
200900035418,9,10,3,1900,1,3,1,1,4,0,4,2,2,0,1,1,0,700,1,0,0,0,1,8,6,0,4,4
200900035426,9,10,5,1135,1,1,1,2,4,0,3,2,2,0,1,1,0,0,1,0,1,0,1,11,5,0,5,6
200900035431,9,10,7,1300,1,3,1,3,4,0,4,3,2,0,1,0,0,0,1,0,1,0,1,13,10,0,8,5
200900035440,9,10,8,1205,1,1,1,2,4,0,4,2,2,0,1,1,0,0,1,0,1,0,1,11,5,0,5,6
200900035452,9,10,13,750,1,1,1,6,4,0,3,2,2,0,1,1,0,0,1,0,1,0,1,16,9,0,8,8
200900036522,9,7,8,1515,1,1,1,1,4,0,9,2,2,3,0,1,0,31,1,6,0,99,1,10,7,0,7,3
200900036950,9,11,3,1915,5,1,2,1,4,0,4,2,2,0,1,1,0,50,2,0,1,99,1,20,14,0,11,9
200900036954,9,11,10,1745,5,1,8,6,4,0,4,2,2,0,1,1,0,90,2,0,1,99,1,16,11,1,5,10
200900037025,9,2,15,300,5,1,1,6,4,0,4,2,2,0,1,2,0,100,1,0,1,99,1,1,0,0,1,0
200900037494,9,9,14,1130,1,1,1,3,4,0,4,2,2,0,1,3,0,64,1,5,1,99,1,3,1,0,2,1
200900037509,9,10,25,1900,3,1,1,1,4,0,3,2,2,0,1,1,62,0,1,0,1,0,1,12,5,0,5,7
200900037516,9,10,12,1600,1,1,7,1,4,0,3,2,2,0,1,1,0,72,1,0,1,99,1,7,6,0,5,2
200900039019,9,11,12,1645,1,6,1,3,4,0,2,0,2,0,1,2,15,118,1,5,1,99,1,14,3,1,3,10
200900039955,9,10,31,27,5,1,1,7,4,0,4,1,1,0,1,1,0,0,0,0,1,0,1,13,6,3,3,7
200900039956,9,10,19,135,5,1,1,7,4,0,4,2,2,0,1,1,0,0,1,0,1,99,1,13,12,0,3,10
200900040493,9,11,1,1630,1,1,2,1,4,0,3,2,2,0,2,3,0,75,2,0,1,99,1,21,14,1,9,11
200900040496,9,11,4,1815,5,1,2,7,4,0,4,1,1,0,2,3,0,0,2,0,1,99,1,17,8,1,8,8
200900040497,9,11,6,845,1,6,1,3,4,0,4,4,2,0,1,0,0,0,1,0,1,3,1,14,12,0,10,4
200900040498,9,11,8,1315,1,3,1,3,4,0,3,2,2,0,1,4,0,61,3,0,1,99,1,11,3,0,5,6
200900040503,9,11,22,1645,1,1,8,7,4,0,4,2,0,0,0,3,34,0,2,0,0,0,1,9,4,1,3,5
200900040505,9,11,25,1500,1,1,2,3,4,0,3,3,0,0,1,3,25,90,2,0,1,0,1,10,3,2,5,3
200900040506,9,11,26,1700,2,9,3,6,4,0,4,2,2,0,1,3,70,70,2,6,1,99,1,10,10,2,4,4
200900040507,9,11,27,1230,1,1,8,1,4,0,4,2,2,0,2,3,0,41,2,0,1,99,1,13,9,0,6,7
200900040510,9,11,28,2330,5,1,3,6,4,0,3,2,2,0,1,4,0,0,2,0,3,99,1,24,10,2,12,10
200900044097,9,10,20,800,2,1,1,7,4,0,4,2,2,0,3,1,0,106,1,0,1,99,1,8,6,0,4,4
200900044115,9,10,22,800,5,2,8,6,4,0,4,1,1,0,4,2,0,90,2,2,0,99,1,14,10,0,6,8
200900044123,9,10,23,1125,1,3,8,6,4,0,3,3,4,2,2,1,20,140,2,0,1,0,1,7,7,2,1,4
200900044126,9,10,26,1140,1,1,1,6,4,0,4,2,2,0,1,1,0,40,1,0,1,0,1,8,6,0,3,5
200900044385,9,11,17,1745,2,2,3,3,4,0,4,2,0,0,1,1,0,0,2,0,1,0,1,17,11,0,4,13
200900044387,9,11,2,1105,1,1,2,1,4,0,4,2,2,0,2,2,0,60,2,0,0,99,1,18,8,2,7,9
200900044391,9,11,9,1830,5,1,1,3,4,0,9,2,0,0,1,1,1,62,1,0,1,3,1,9,10,0,7,2
200900044393,9,11,11,1915,3,1,8,4,4,0,3,2,1,0,3,2,0,70,2,0,1,99,1,10,4,2,4,4
200900044394,9,11,14,1945,3,1,1,7,4,0,3,2,2,0,1,1,0,53,1,0,3,0,1,9,5,1,7,1
200900044395,9,11,16,1140,1,4,1,3,4,0,4,2,2,0,1,1,0,82,1,0,1,99,1,7,3,0,5,2
200900044397,9,11,20,250,5,1,1,7,4,0,3,2,2,0,1,1,0,90,1,0,4,3,1,19,9,1,9,9
200900044401,9,11,18,830,1,1,1,7,4,0,3,2,2,0,1,1,0,72,1,0,3,99,1,9,7,1,4,4
200900044406,9,11,19,345,5,1,1,6,4,0,4,2,2,0,1,1,0,0,1,0,1,99,1,10,45,0,6,4
200900044411,9,11,21,930,1,1,1,6,4,0,4,2,2,0,1,1,0,0,1,0,3,0,1,12,6,2,4,6
200900044415,9,11,23,1220,1,1,1,6,4,0,4,2,2,0,1,1,0,0,1,0,1,0,1,11,7,2,3,6
200900044418,9,11,24,1140,1,3,1,3,4,0,4,2,2,0,1,1,0,0,1,0,1,0,1,12,7,0,4,8
200900044432,9,11,30,1320,1,3,2,3,4,0,4,1,1,0,1,1,0,0,2,0,1,0,1,15,11,0,3,12
200900044434,9,11,29,1900,3,1,2,1,4,0,3,2,0,0,2,1,0,68,2,0,1,0,1,13,7,1,7,5
200900044882,9,11,5,900,1,1,8,7,4,0,4,2,0,0,1,1,0,0,2,0,1,99,1,7,8,1,4,2
200900046235,9,12,11,1210,1,1,1,6,4,0,4,2,2,0,1,1,0,0,1,0,1,0,1,19,17,1,5,13
200900046236,9,12,15,1225,1,1,1,2,4,0,4,2,2,0,1,1,0,0,1,0,1,0,1,8,6,0,5,3
200900046238,9,12,14,1735,5,1,8,4,4,0,3,2,2,0,1,1,0,0,0,0,1,0,1,11,12,0,2,9
200900046240,9,12,12,1400,1,3,1,3,4,0,3,2,2,0,1,1,0,32,1,0,1,0,1,18,10,3,6,9
200900046242,9,12,16,1155,1,3,8,3,4,0,3,2,3,0,1,2,0,0,1,0,1,0,1,8,8,1,3,4
200900046244,9,12,19,900,1,1,1,2,4,0,4,2,2,0,1,1,0,0,1,0,1,0,1,7,5,0,2,5
200900046245,9,12,5,1230,1,3,1,3,4,0,4,2,2,0,1,1,0,0,1,0,1,0,1,20,9,2,7,11
200900046246,9,12,1,750,2,1,2,6,4,0,4,2,2,0,1,1,0,0,2,0,1,3,1,12,10,0,3,9
200900046250,9,12,3,1705,1,1,2,6,4,0,4,2,2,0,1,1,0,72,2,0,1,0,1,22,16,4,4,14
200900046252,9,12,2,1220,1,1,1,3,4,0,3,2,2,0,1,0,0,0,1,0,1,0,1,7,5,0,2,5
200900046254,9,12,4,1020,1,3,1,3,4,0,4,2,2,0,2,2,0,109,1,0,1,0,1,18,12,0,5,13
200900046259,9,12,6,1400,1,1,1,2,4,0,4,2,2,0,1,1,0,0,1,0,1,0,1,7,2,0,1,6
200900046260,9,12,7,1640,1,1,1,3,4,0,4,2,2,0,1,1,0,0,1,0,1,0,1,13,10,1,5,7
200900046264,9,12,8,1510,1,1,1,2,4,0,4,2,2,0,1,1,0,0,1,0,1,0,1,13,5,2,4,7
200900046268,9,12,10,1820,5,3,1,3,4,0,4,2,2,0,1,1,0,38,1,0,1,0,1,7,7,2,4,1
200900046273,9,12,24,615,3,1,8,6,4,0,3,2,2,0,3,3,0,74,2,0,3,99,1,11,3,0,8,3
200900046275,9,12,23,800,3,1,1,1,4,0,3,2,0,0,0,3,0,59,2,0,1,99,1,15,4,2,11,2
200900046830,9,12,18,1430,1,1,4,3,4,0,3,2,2,0,2,0,0,60,0,0,1,0,1,15,11,1,5,9
200900046835,9,12,13,430,5,1,1,6,4,0,3,2,0,0,1,1,0,49,1,0,3,0,1,8,5,0,8,0
200900046844,9,12,31,1630,2,1,3,2,4,0,1,3,0,0,2,1,40,35,2,0,1,0,1,13,6,0,6,7
200900046846,9,12,30,1030,1,1,1,6,4,0,3,0,2,0,1,1,0,0,1,0,1,3,1,7,4,0,5,2
200900047730,9,11,13,1215,1,1,1,2,4,0,3,2,2,0,1,1,0,60,1,0,1,99,1,16,10,3,5,8
200900047737,9,11,15,15,5,1,1,2,4,0,3,2,2,0,0,1,0,60,1,0,1,0,1,8,5,2,6,0
200900047883,9,12,25,1000,1,1,1,6,4,0,4,2,0,0,2,1,0,60,1,0,3,99,1,7,5,1,4,2
200900047892,9,12,17,1630,1,1,1,1,4,0,3,2,2,0,1,1,0,0,1,5,1,0,1,22,14,3,8,11
200900047977,9,12,28,1800,3,7,1,6,4,0,6,0,0,0,0,1,0,0,2,0,1,99,1,5,3,0,2,3
200900050577,9,12,26,1230,1,1,9,7,4,0,3,2,2,0,1,2,0,57,7,0,3,99,1,18,4,2,9,7
200900050578,9,12,21,1530,1,1,1,1,4,0,3,2,2,0,1,1,0,65,2,0,3,99,1,3,1,0,2,1
200900050595,9,12,27,45,5,1,1,7,4,0,2,3,4,0,1,1,0,0,1,0,1,99,1,5,2,1,2,2
200900050707,9,11,7,1030,1,1,1,5,4,0,3,0,0,0,2,3,0,82,2,0,1,99,1,30,14,1,11,18
200900051484,9,12,9,1245,1,1,1,3,4,0,3,2,2,0,1,1,0,70,1,0,1,99,1,13,6,0,4,9
200900051517,9,12,22,815,2,1,1,7,4,0,4,3,2,0,1,1,0,0,1,0,1,99,1,14,8,1,3,10
200900051524,9,12,29,1140,1,1,2,6,4,0,4,2,1,0,1,1,0,68,2,0,1,0,1,6,3,0,3,3
200900059351,9,12,20,215,3,1,4,6,4,0,2,3,4,0,1,1,0,70,7,0,3,0,1,3,5,0,3,0
200800000001,8,1,22,1015,1,1,1,6,4515400,82600,9,1,0,0,1,2,0,25,1,0,1,0,1,40,23,8,26,6
200800000003,8,1,16,800,2,1,1,3,4478200,12500,3,2,2,0,1,1,0,60,2,0,1,3,1,40,24,2,24,14
200800000004,8,1,20,1100,1,1,1,2,4491400,19900,3,2,2,0,1,3,0,67,1,0,1,0,1,37,13,6,20,11
200800000005,8,1,25,645,5,1,1,3,4490000,15500,3,2,0,0,1,1,0,57,1,0,1,0,1,55,30,6,31,18
200800000007,8,1,5,15,3,3,2,3,4495300,9000,3,2,0,0,2,1,0,63,2,5,1,0,1,36,23,5,21,10
200800000010,8,1,21,1030,1,1,1,6,4528100,92300,3,2,0,0,2,1,0,0,1,0,3,0,1,34,14,4,16,14
200800000011,8,1,27,1800,2,1,1,7,4515500,101000,4,2,2,0,0,0,0,76,1,0,1,0,1,34,14,1,22,11
200800000012,8,1,28,1415,1,1,1,7,4526900,94200,4,2,2,0,1,4,0,35,1,0,1,0,1,42,26,4,33,5
200800000013,8,1,30,700,3,3,1,3,4523100,95200,3,2,2,0,1,2,0,55,1,0,1,0,1,33,26,1,25,7
200800000017,8,1,10,1830,5,1,1,1,4485500,11200,3,2,2,0,1,1,0,0,1,0,1,0,1,25,17,4,14,7
200800000021,8,1,13,1900,3,1,1,5,4546400,94400,2,2,2,0,2,1,0,74,2,0,1,0,1,48,24,5,34,9
200800000022,8,1,15,530,3,1,8,6,4541100,94300,3,2,2,0,1,1,0,65,2,0,1,0,1,38,27,5,25,8
200800000026,8,1,31,515,4,1,1,6,4501400,17800,3,2,2,0,1,1,0,78,7,0,1,0,1,31,16,5,22,4
200800000031,8,1,3,915,1,1,8,7,4514000,120000,4,2,1,0,2,2,0,41,2,0,1,0,1,43,38,7,24,12
200800000033,8,1,12,515,5,1,8,6,4394900,40600,3,2,2,0,1,2,0,76,2,0,3,0,1,65,29,7,33,25
200800000036,8,1,14,1600,2,1,1,7,4370700,111100,3,2,2,0,0,3,0,62,1,0,4,0,1,50,24,11,25,14
200800000037,8,1,23,530,3,1,5,3,4383800,110300,3,2,2,0,1,1,0,73,1,0,3,0,1,24,15,2,17,5
200800000044,8,1,2,1415,1,1,1,1,4383500,35400,4,2,2,0,1,2,0,32,1,0,1,0,1,27,22,1,20,6
200800000049,8,1,4,1300,1,1,1,6,4454000,24400,3,2,2,0,2,2,0,67,2,0,3,0,1,61,30,6,31,24
200800000052,8,1,7,1715,1,1,1,2,4449900,17400,3,0,0,0,0,0,0,0,0,0,0,0,1,30,16,3,19,8
200800000053,8,1,11,1745,2,1,2,1,4450500,16400,3,2,2,0,1,1,0,70,2,5,1,0,1,50,28,2,30,18
200800000054,8,1,9,1915,5,1,1,6,4460300,36000,3,2,2,0,2,1,0,79,2,0,1,0,1,37,18,5,22,10
200800000058,8,1,18,1400,1,1,2,6,4437600,42800,3,2,2,0,1,1,0,54,2,0,3,0,1,65,42,5,33,27
200800000061,8,1,26,1015,1,1,7,6,4465600,59300,3,2,2,0,1,2,0,0,1,0,1,0,1,43,34,2,33,8
200800000063,8,1,17,1315,1,6,2,3,4439300,58000,3,2,2,0,1,1,0,0,2,5,1,0,1,37,23,4,25,8
200800000064,8,1,29,1715,1,1,1,3,4440000,49500,3,2,0,0,1,1,0,55,1,2,1,0,1,26,14,4,16,6
200800000068,8,1,8,1400,1,1,1,6,4339000,138800,3,2,2,0,1,1,0,62,1,0,3,0,1,27,21,3,15,9
200800000082,8,1,1,1845,3,1,8,6,4699700,9200,3,2,0,0,2,1,0,78,1,0,3,0,1,46,25,4,30,12
200800000085,8,1,6,545,3,1,8,6,4629000,85200,2,2,2,0,1,1,0,73,1,0,1,0,1,42,18,7,24,11
200800000087,8,1,24,1430,1,1,1,7,4618200,78300,4,2,2,0,0,2,0,50,1,0,1,0,1,31,14,3,22,6
200800000126,8,1,19,145,3,1,8,6,4650900,17900,3,2,2,0,0,1,0,75,2,0,1,0,1,51,34,6,37,8
200800005841,8,2,26,1945,5,1,1,6,5054100,280200,3,2,2,0,1,0,0,100,1,5,1,0,1,42,26,3,25,14
200800005842,8,2,23,1515,1,1,1,6,5053200,317300,3,2,2,0,1,1,0,60,1,0,1,0,1,43,22,6,25,12
200800005845,8,2,17,400,3,1,1,7,5087100,247200,3,2,2,0,1,1,0,60,1,0,0,0,1,56,17,3,34,19
200800005848,8,2,8,1915,3,1,1,1,5066300,252800,3,2,2,0,1,1,0,72,1,0,1,0,1,46,29,5,27,14
200800005849,8,2,21,945,1,1,1,1,5049900,355100,4,2,2,0,1,1,0,0,1,0,1,0,1,41,22,3,24,14
200800005852,8,2,13,2000,3,1,5,2,5032400,376900,3,3,2,0,0,1,0,0,2,0,1,0,1,53,34,6,33,14
200800005854,8,2,9,1030,1,1,1,3,5015100,263000,3,2,2,0,1,1,0,60,1,5,1,0,1,49,102,10,30,9
200800005856,8,2,2,1600,1,1,1,1,5037400,288800,3,2,2,0,1,1,0,86,1,0,1,0,1,53,26,4,34,15
200800005859,8,2,4,1100,1,1,2,6,5054000,240200,3,2,2,0,1,2,0,58,2,0,3,0,1,55,24,5,33,17
200800005861,8,2,10,845,1,1,1,6,5067100,184900,3,2,0,0,1,1,0,60,1,0,3,0,1,52,28,7,36,9
200800005864,8,2,5,845,1,3,2,3,5045400,264200,3,2,0,0,0,1,62,0,2,0,1,0,1,20,14,0,12,8
200800005875,8,2,3,1500,1,1,1,4,4985000,185500,4,2,0,0,1,2,27,42,1,0,0,0,1,31,13,5,20,6
200800005881,8,2,7,1730,1,1,1,1,5016800,181600,3,2,2,0,1,1,0,57,1,0,1,0,1,26,19,3,18,5
200800005882,8,2,29,645,2,1,8,6,5022800,177600,9,2,1,0,1,3,0,0,2,0,0,0,1,42,24,4,29,9
200800005883,8,2,18,615,4,1,1,6,5006200,242200,4,2,0,0,0,4,0,50,1,0,1,0,1,39,17,3,22,14
200800005885,8,2,28,1515,1,1,2,1,5002700,203900,3,2,2,0,1,1,0,71,2,0,1,0,1,27,14,2,18,7
200800005889,8,2,1,1615,1,1,1,3,4973000,241800,3,2,0,0,1,1,60,0,1,0,1,0,1,39,20,1,22,16
200800005890,8,2,11,730,1,1,9,7,4971500,238900,3,2,2,0,1,3,0,52,7,0,1,0,1,29,16,2,20,7
200800005891,8,2,14,1530,1,1,9,7,4976100,236500,3,2,2,0,1,1,0,58,7,0,1,0,1,32,24,2,20,10
200800005892,8,2,19,1400,1,1,1,6,4979800,256100,3,1,2,0,1,1,0,0,1,0,1,0,1,41,21,6,23,12
200800005911,8,2,20,115,5,6,1,6,4904200,341700,3,2,2,0,1,1,0,132,1,5,1,0,1,21,12,3,11,7
200800005917,8,2,16,515,3,1,1,7,4972300,327700,3,3,2,0,1,1,30,80,1,0,3,0,1,51,26,5,33,13
200800005926,8,2,6,1600,1,1,1,6,5002200,378300,3,2,2,0,1,1,75,0,0,0,1,0,1,45,32,7,18,20