Num_Acc,an,mois,jour,hrmn,lum,int,atm,col,lat,long,catr,circ,nbv,vosp,prof,plan,lartpc,larrout,surf,infra,situ,env1,chance,sum,unscathed,killed,hospital,light
200800048261,8,9,23,1745,1,1,1,6,4554000,552900,4,0,0,0,1,2,0,0,1,0,1,0,1,26,15,1,18,7
200800048262,8,9,19,1400,1,2,1,1,4574000,546200,3,2,2,0,1,1,0,73,1,0,1,99,1,39,50,3,21,15
200800048287,8,9,24,1815,1,1,1,1,4574700,421700,4,2,2,0,2,1,75,0,0,5,1,99,1,45,26,3,28,14
200800048307,8,9,17,1500,1,1,1,3,4545800,629500,3,2,0,0,2,1,0,47,1,0,1,0,1,35,15,1,18,16
200800048347,8,9,18,2130,3,1,2,7,4572600,322400,3,2,2,0,2,1,0,75,2,0,3,99,1,35,14,3,22,10
200800048384,8,9,14,1830,1,1,1,6,4518800,391200,3,2,0,0,1,1,0,60,1,2,4,99,1,41,25,4,29,8
200800054924,8,10,3,1900,2,1,3,6,5054400,280900,4,2,2,0,1,1,0,40,2,0,3,0,1,44,30,1,26,17
200800054926,8,10,11,615,3,1,1,6,5057700,286200,2,3,0,1,1,1,0,110,2,0,1,0,1,52,37,6,37,9
200800054935,8,10,14,2000,3,1,1,1,5080200,256800,3,2,0,0,1,1,0,60,1,0,1,99,1,36,22,3,19,14
200800054938,8,10,10,1900,1,1,1,7,5015500,361400,4,2,2,0,1,1,0,0,1,0,1,99,1,55,35,5,37,13
200800054939,8,10,24,2230,3,1,1,2,5010400,356600,3,0,0,0,1,1,0,80,1,0,0,0,1,56,36,5,33,18
200800054940,8,10,5,1745,1,1,3,3,5014000,320000,3,2,0,0,1,1,0,65,2,0,1,0,1,69,13,9,41,19
200800054942,8,10,4,1730,1,1,1,3,5030900,364800,3,2,2,0,1,3,0,62,1,0,1,99,1,70,50,11,37,22
200800054947,8,10,25,2300,5,7,1,6,5035200,289200,3,2,2,0,1,4,0,57,1,0,4,0,1,59,31,10,31,18
200800054950,8,10,7,930,1,8,1,1,5030800,289500,9,3,2,0,1,0,0,0,1,4,1,0,1,49,25,8,27,14
200800054951,8,10,9,2230,5,1,1,6,5026800,284600,5,2,0,0,1,1,0,71,1,0,1,0,1,35,16,3,18,14
200800054954,8,10,19,2000,3,1,1,3,5069400,172400,3,2,0,0,4,1,0,68,1,0,1,0,1,49,30,7,30,12
200800054959,8,10,12,1745,1,1,1,2,5089400,168800,3,2,2,0,4,1,0,65,1,0,1,99,1,70,28,10,38,22
200800054961,8,10,23,730,2,1,1,6,5080800,162100,3,2,2,0,1,1,0,56,1,0,1,0,1,41,28,3,29,9
200800054970,8,10,22,2000,3,1,1,3,5035200,203500,3,2,2,0,1,3,0,70,1,0,1,0,1,48,31,1,33,14
200800054972,8,10,17,2330,3,1,2,7,5085400,206600,3,2,2,0,1,1,0,60,2,0,3,0,1,58,34,4,33,21
200800054978,8,10,29,1415,1,1,1,6,4996000,180000,3,2,2,0,1,1,0,68,1,0,3,99,1,39,24,2,17,20
200800054980,8,10,15,700,1,1,1,5,4994700,243300,3,3,2,0,1,1,0,74,1,0,1,3,1,52,27,6,33,13
200800054984,8,10,16,500,5,3,2,1,4998500,156900,3,2,0,0,1,1,0,60,2,5,1,0,1,38,18,8,17,13
200800054985,8,10,20,800,1,1,1,3,5007900,157300,3,2,2,0,2,1,0,70,1,5,1,99,1,37,22,3,20,14
200800055046,8,10,21,815,1,1,2,1,4933000,245300,3,2,2,0,2,1,0,0,2,0,1,0,1,42,14,6,24,12
200800055062,8,10,8,1800,1,1,1,3,4918400,245700,3,2,0,0,2,1,0,90,1,0,1,0,1,60,31,5,25,30
200800055080,8,10,26,1600,1,1,2,3,4970900,149400,3,2,2,0,1,2,0,66,2,5,1,0,1,51,20,6,32,13
200800055085,8,10,6,1400,1,1,1,2,4951200,166800,3,2,2,0,1,1,70,0,1,0,1,0,1,31,22,6,16,9
200800055086,8,10,27,1015,1,1,1,2,4947200,160100,2,2,0,0,4,1,0,71,1,0,1,0,1,44,19,5,21,18
200800055091,8,10,30,1630,1,1,1,3,4955800,96500,4,2,2,0,3,1,70,15,1,5,1,99,1,48,22,8,23,17
200800055094,8,10,31,1345,1,1,1,6,4974400,83800,3,2,2,0,1,1,54,0,1,0,3,99,1,37,19,1,22,14
200800055105,8,10,1,715,2,1,2,2,4924700,179600,3,2,2,0,3,1,0,140,2,0,1,99,1,34,19,8,18,8
200800055108,8,10,13,1800,1,1,1,4,4909500,60600,4,2,2,0,1,1,0,72,1,0,1,0,1,42,36,4,27,11
200800055109,8,10,18,1545,1,1,1,2,4917800,48200,4,2,2,0,0,0,0,26,1,0,1,0,1,62,29,9,38,15
200800055181,8,10,28,1230,1,1,1,7,4841200,395600,3,2,0,0,2,1,0,62,2,5,1,0,1,37,19,4,17,16
200800055280,8,10,2,1745,1,1,1,2,4749700,49700,1,3,0,0,1,2,0,0,0,0,1,0,1,32,13,3,16,13
200800062261,8,11,16,830,1,1,1,6,4636400,611800,3,2,2,0,0,3,0,0,1,0,0,0,1,28,13,2,19,7
200800062262,8,11,26,1030,1,1,1,4,4629300,608300,2,2,2,0,1,1,0,62,1,0,1,99,1,45,32,4,19,22
200800062265,8,11,1,1945,5,1,3,1,4589000,518800,3,2,2,0,0,1,0,61,2,0,1,0,1,54,25,10,32,12
200800062271,8,11,17,1000,1,1,1,2,4446300,468900,3,2,0,0,1,1,0,72,1,0,1,99,1,35,15,2,18,15
200800062276,8,11,3,1615,1,6,2,3,4508000,481400,4,2,0,0,1,0,0,0,2,5,0,99,1,45,29,5,27,13
200800062277,8,11,28,1100,1,1,1,7,4505800,473900,3,2,2,0,2,3,0,0,1,0,3,0,1,34,18,3,21,10
200800062280,8,11,10,1545,1,1,1,1,4491800,445900,3,2,2,0,2,3,0,65,1,0,1,99,1,30,15,3,14,13
200800062281,8,11,13,745,1,1,1,6,4489200,449600,3,2,2,0,1,2,0,66,1,0,3,0,1,36,34,3,22,11
200800062286,8,11,30,900,1,1,1,6,4475900,479700,3,2,2,0,1,1,0,71,1,0,3,0,1,47,25,7,23,17
200800062287,8,11,4,1245,1,1,1,3,4469800,547900,3,2,2,0,1,1,55,0,1,0,1,0,1,37,29,7,20,10
200800062289,8,11,19,615,3,1,1,6,4467300,569900,3,2,2,0,1,3,0,0,7,0,1,99,1,51,37,7,25,19
200800062291,8,11,22,1600,2,1,1,1,4429500,496700,3,2,2,0,1,3,0,69,1,0,1,0,1,50,33,3,27,20
200800062294,8,11,29,1630,1,1,2,1,4442600,485900,3,2,2,0,0,3,0,60,2,0,1,99,1,40,27,3,21,16
200800062299,8,11,12,1745,5,3,1,3,4502200,528700,3,2,2,0,2,1,0,65,2,0,1,99,1,54,26,3,30,21
200800062301,8,11,6,2045,3,1,9,7,4515200,575800,3,2,2,1,2,1,0,0,2,0,1,99,1,34,22,4,22,8
200800062302,8,11,8,215,5,6,1,1,4515300,573700,3,2,0,0,1,2,205,88,1,5,1,99,1,100,66,13,50,37
200800062304,8,11,14,1030,1,1,1,6,4523500,568300,3,2,2,0,1,1,0,100,1,0,1,99,1,47,26,4,37,6
200800062307,8,11,18,1945,5,1,1,2,4528000,564600,3,2,2,0,1,1,0,50,2,0,1,0,1,27,16,3,16,8
200800062308,8,11,24,1315,1,1,4,5,4499500,575300,3,2,2,0,1,3,0,64,8,2,1,99,1,45,31,3,26,16
200800062316,8,11,21,2115,5,1,2,1,4565500,518200,3,2,0,0,1,1,0,65,2,0,1,0,1,52,40,4,32,16
200800062320,8,11,5,1730,1,1,1,6,4730100,155300,9,2,2,2,1,1,0,65,1,0,1,99,1,19,14,2,8,9
200800062321,8,11,2,1800,3,1,2,1,4552000,493900,3,2,2,0,1,3,0,132,2,5,1,99,1,20,17,2,10,8
200800062323,8,11,9,500,5,1,1,6,4558300,480800,3,2,2,0,1,3,0,95,1,0,3,99,1,34,13,5,21,8
200800062332,8,11,20,1530,1,6,1,1,4532400,481300,2,1,0,0,1,3,0,40,1,3,1,0,1,32,21,5,22,5
200800062333,8,11,25,1830,5,7,1,6,4538300,479800,6,0,0,0,1,0,0,0,1,6,0,0,1,41,26,4,25,12
200800062347,8,11,11,1100,1,1,8,3,4546800,575300,3,2,2,0,4,3,70,0,8,0,1,0,1,31,21,3,16,12
200800062352,8,11,27,1615,1,6,7,6,4555300,664000,3,2,2,0,1,1,0,0,1,5,1,0,1,28,21,1,15,12
200800062364,8,11,7,1015,1,1,1,3,4607900,630500,3,2,0,0,2,1,0,180,1,5,1,0,1,49,31,5,25,19
200800062382,8,11,15,2045,3,1,2,6,4598300,334800,3,2,2,0,1,3,0,0,8,0,3,0,1,46,22,4,23,19
200800062728,8,11,23,1830,3,7,1,6,4366900,402900,9,1,1,0,0,2,0,0,1,0,1,99,1,30,16,5,14,11
200800068477,8,12,15,1815,3,1,1,6,4828300,269400,3,2,2,0,4,1,0,54,1,0,1,99,1,40,26,4,22,14
200800068479,8,12,31,2115,3,1,1,1,4508600,40000,4,2,2,0,2,1,0,0,1,0,1,99,1,37,19,0,23,14
200800068481,8,12,3,1830,3,1,1,3,4551300,428000,3,2,2,0,2,4,0,65,2,0,1,0,1,47,34,5,25,17
200800068482,8,12,7,1345,1,1,1,4,4551900,419900,3,2,2,0,0,1,0,70,1,0,1,0,1,53,38,9,34,10
200800068483,8,12,5,930,1,1,1,1,4550700,432700,3,2,2,0,0,3,0,62,8,0,1,99,1,38,26,2,27,9
200800068484,8,12,25,1915,3,1,1,5,4553000,430100,3,2,2,0,1,3,0,50,9,0,1,99,1,40,10,7,26,7
200800068485,8,12,24,1700,3,1,9,6,4582800,377100,3,2,2,0,2,4,0,54,9,0,1,99,1,28,24,8,16,4
200800068486,8,12,20,1900,5,2,1,3,4568300,429900,3,2,2,0,1,1,0,135,1,5,1,99,1,48,18,9,21,18
200800068487,8,12,4,1215,1,1,1,3,4535600,466800,3,2,2,0,1,1,0,59,2,0,1,99,1,45,23,6,28,11
200800068488,8,12,21,1730,2,1,1,3,4599900,417400,3,2,1,0,2,1,0,35,1,0,1,99,1,29,14,2,17,10
200800068489,8,12,22,1730,5,5,1,3,4599400,421600,3,2,2,0,1,1,0,62,2,0,1,99,1,38,22,5,22,11
200800068490,8,12,1,1345,1,1,8,1,4611900,430800,3,2,2,0,2,1,0,66,2,0,1,0,1,41,32,2,22,17
200800068491,8,12,19,630,3,1,5,6,4613400,390900,2,2,2,0,1,1,0,80,2,0,3,0,1,58,34,5,37,16
200800068494,8,12,2,1145,1,1,1,6,4686100,232200,3,3,0,0,1,1,0,0,1,0,1,0,1,41,20,4,22,15
200800068496,8,12,28,2045,5,1,9,6,4548800,457800,3,2,1,0,2,1,0,69,2,0,1,99,1,44,28,7,22,15
200800068498,8,12,6,1945,5,2,1,3,5053700,280800,4,0,2,0,1,1,0,70,1,0,1,0,1,71,37,9,40,22
200800068499,8,12,18,800,3,1,2,3,5054400,283300,3,2,2,0,1,1,0,0,0,0,1,0,1,27,21,4,14,9
200800068505,8,12,30,2245,5,1,1,2,5067900,301800,3,2,2,0,1,1,0,64,1,0,1,99,1,29,18,4,17,8
200800068506,8,12,11,2045,5,1,1,6,5037200,364800,3,2,2,0,0,2,0,60,2,0,1,0,1,32,31,3,19,10
200800068508,8,12,13,1915,5,9,1,6,5050700,345500,3,2,2,0,1,1,0,59,1,0,1,99,1,42,17,5,27,10
200800068522,8,12,27,1515,1,1,1,2,5020300,285500,3,2,2,0,2,1,0,56,1,0,1,99,1,25,21,5,13,7
200800068536,8,12,8,1815,2,1,1,1,5088200,208300,3,2,2,0,1,1,0,62,1,0,1,0,1,43,18,2,25,16
200800068538,8,12,14,2000,3,1,1,5,5069900,221700,3,2,2,0,1,1,76,0,1,0,1,99,1,29,25,2,11,16
200800068542,8,12,12,2200,3,1,9,6,5033600,264000,3,2,0,0,1,1,0,70,7,0,1,0,1,53,29,11,29,13
200800068565,8,12,9,730,5,1,8,1,5002000,269000,3,2,2,0,0,1,0,0,2,0,1,0,1,30,14,2,17,11
200800068572,8,12,16,830,2,1,5,1,4957100,325200,3,2,2,0,1,1,0,0,7,0,1,99,1,33,20,4,17,12
200800068602,8,12,23,2145,3,1,2,3,4957200,260700,3,2,2,0,1,1,0,70,6,0,1,0,1,36,20,2,25,9
200800068623,8,12,29,2300,1,1,1,7,4969600,159300,3,2,0,0,1,3,0,37,1,0,1,99,1,22,12,6,14,2
200800068632,8,12,17,1930,5,1,1,6,4976600,50300,3,2,2,0,1,0,0,62,1,0,1,0,1,37,34,5,19,13
200800068659,8,12,10,1345,1,9,9,3,4835800,182200,3,2,0,0,1,0,0,74,2,0,1,0,1,30,23,2,17,11
200800068707,8,12,26,1630,1,1,1,1,4858900,429400,3,2,2,0,2,1,0,55,1,0,1,0,1,29,11,3,14,12
200700000001,7,1,26,1630,1,1,1,3,5051700,291000,4,2,2,0,1,1,0,59,1,0,1,3,1,20,20,4,8,8
200700000002,7,1,12,1645,2,1,8,1,5050600,312800,3,2,2,2,1,1,0,100,2,0,1,0,1,45,35,5,29,11
200700000003,7,1,28,1715,1,1,1,6,5057000,315800,3,2,0,0,1,0,0,0,0,0,0,0,1,13,12,3,2,8
200700000005,7,1,18,1715,2,1,6,6,5083700,231300,3,2,0,0,1,1,0,40,1,0,1,0,1,29,24,3,19,7
200700000007,7,1,27,2030,2,1,1,7,5080900,252000,3,2,0,0,1,3,0,60,1,0,1,0,1,52,20,3,38,11
200700000009,7,1,20,1700,1,1,2,6,5061400,323100,3,2,2,1,1,2,0,60,2,0,1,0,1,38,27,6,22,10
200700000014,7,1,11,730,3,1,2,3,5049700,326400,3,2,2,1,3,1,0,80,2,5,1,0,1,33,20,7,14,12
200700000016,7,1,13,615,3,1,2,1,5024600,363200,3,2,1,0,1,1,0,0,2,0,1,0,1,41,21,2,32,7
200700000018,7,1,10,2115,5,1,1,6,5027800,287000,9,2,2,0,1,0,0,71,1,0,1,0,1,35,21,6,15,14
200700000029,7,1,8,1600,1,1,2,6,5052000,164600,4,2,2,0,0,1,0,70,2,0,1,0,1,43,20,4,25,14
200700000030,7,1,7,1615,1,1,1,7,5037500,203700,3,2,2,0,1,1,54,0,1,5,1,0,1,24,15,4,14,6
200700000032,7,1,29,800,1,1,1,1,5085900,197700,4,1,1,0,0,1,0,50,0,0,0,0,1,30,39,3,17,10
200700000038,7,1,24,1730,2,1,8,6,4990300,246900,3,2,2,0,1,1,0,90,2,0,3,0,1,13,9,0,11,2
200700000041,7,1,2,1530,1,1,1,2,4995200,208100,3,2,0,0,1,1,0,69,1,0,1,0,1,30,24,5,18,7
200700000049,7,1,17,1700,1,1,8,3,5013800,232300,3,2,0,0,4,1,0,0,2,0,1,0,1,41,20,3,29,9
200700000057,7,1,21,1745,3,2,1,3,4974800,267200,3,1,2,0,1,1,0,69,1,5,1,0,1,34,12,3,29,2
200700000058,7,1,31,815,5,1,8,6,4974400,305100,4,2,2,0,1,1,0,57,1,5,0,0,1,24,9,4,18,2
200700000059,7,1,1,1700,3,1,1,6,4962000,362000,3,2,2,0,0,1,0,70,1,0,3,0,1,29,12,7,16,6
200700000076,7,1,14,1430,1,1,1,6,4998600,355200,4,2,0,0,2,2,0,44,1,0,1,0,1,54,17,5,36,13
200700000090,7,1,6,1630,1,1,8,1,4919200,188800,3,2,2,0,1,3,0,60,2,0,3,0,1,34,32,3,24,7
200700000108,7,1,15,2215,5,2,1,3,4943000,264300,4,2,2,0,1,1,0,70,1,0,1,0,1,25,11,3,18,4
200700000109,7,1,30,1930,3,1,1,6,4941700,270100,3,2,2,0,1,1,0,65,1,0,3,0,1,25,14,2,14,9
200700000123,7,1,5,15,3,1,1,7,4940600,92100,3,2,2,0,1,1,0,60,1,0,3,0,1,56,61,8,36,12
200700000124,7,1,25,745,2,1,1,5,4946500,83700,3,2,2,0,1,1,45,100,2,0,1,0,1,21,21,3,12,6
200700000132,7,1,4,1745,5,3,8,3,4973300,143900,4,2,1,0,1,1,0,90,2,0,1,0,1,25,13,1,18,6
200700000146,7,1,3,2000,3,1,1,3,4871500,85100,2,2,2,0,3,1,0,0,1,0,1,0,1,35,24,5,19,11
200700000157,7,1,19,1830,3,1,2,6,4929400,64300,3,2,2,0,2,1,0,75,2,0,0,0,1,29,17,4,18,7
200700000192,7,1,23,745,3,1,1,6,4801700,143600,3,2,2,0,1,3,0,62,1,0,1,0,1,24,13,3,18,3
200700000211,7,1,16,1730,1,1,1,2,4860500,348900,3,2,2,0,2,2,0,70,1,0,1,0,1,22,22,6,9,7
200700000213,7,1,9,1500,1,1,1,3,4878300,324400,3,2,2,0,1,1,0,80,1,5,1,0,1,22,10,3,12,7
200700000350,7,1,22,1900,3,2,1,3,4804000,89800,3,2,2,0,1,1,0,0,1,5,1,0,1,18,5,1,9,8
200700006102,7,2,12,800,1,1,1,6,5052700,292800,4,2,2,0,1,0,0,95,2,0,1,0,1,24,12,2,14,8
200700006103,7,2,1,800,5,1,8,3,5058500,289100,2,3,4,0,1,1,160,80,2,0,1,0,1,34,27,2,27,5
200700006104,7,2,10,1900,4,6,8,6,5053700,283400,2,0,0,0,1,3,0,0,2,5,3,0,1,51,24,7,28,16
200700006107,7,2,22,2205,3,2,1,3,5090000,224000,3,2,2,0,1,1,67,260,1,5,1,0,1,25,17,1,17,7
200700006108,7,2,6,2015,3,1,4,5,5105400,247200,3,2,2,0,1,1,0,73,5,0,1,0,1,39,23,4,21,14
200700006110,7,2,19,815,1,1,1,1,5096100,250600,3,2,2,0,1,1,0,54,1,0,3,0,1,39,21,5,22,12
200700006112,7,2,9,715,3,1,1,6,5014300,319300,3,2,2,0,1,2,0,59,2,0,3,0,1,65,63,6,48,11
200700006114,7,2,25,1715,2,1,2,3,5030700,401900,3,2,0,0,1,1,0,40,2,0,1,0,1,37,12,5,28,4
200700006119,7,2,2,1245,1,1,1,3,5046000,161500,3,2,2,0,1,1,0,93,1,0,1,0,1,36,24,3,22,11
200700006121,7,2,21,1415,1,1,1,6,5045900,161400,3,2,2,0,1,1,0,65,1,0,1,3,1,34,9,1,21,12
200700006126,7,2,27,900,1,1,2,3,5054300,236400,3,2,2,0,1,1,0,40,2,0,1,0,1,19,7,2,12,5
200700006131,7,2,16,1700,1,1,1,3,4990500,172000,3,2,0,0,0,1,0,66,2,0,1,0,1,34,26,4,19,11
200700006139,7,2,4,845,1,1,8,7,5014100,161500,3,0,0,0,1,3,0,0,7,0,1,0,1,39,25,1,23,15
200700006150,7,2,24,1915,5,1,8,1,4974200,306900,3,2,0,0,1,1,0,67,1,0,1,0,1,36,24,4,24,8
200700006154,7,2,14,1000,1,1,3,1,4963600,317500,3,2,2,0,1,1,0,49,2,0,1,0,1,24,16,4,16,4
200700006160,7,2,8,915,1,1,8,7,4982000,348000,3,3,2,0,0,2,0,65,3,0,1,0,1,33,25,1,14,18
200700006164,7,2,3,1345,1,1,1,2,4997200,385600,3,2,2,0,1,1,0,71,1,0,1,0,1,40,37,3,31,6
200700006179,7,2,26,1530,1,1,1,7,4931900,244300,3,3,4,0,1,1,10,80,1,0,1,0,1,12,11,2,9,1
200700006185,7,2,15,845,1,1,1,1,4951000,291600,3,3,2,0,0,1,0,0,1,0,1,0,1,30,18,5,19,6
200700006188,7,2,28,1730,1,1,2,1,4944400,285500,3,2,2,1,1,1,0,80,2,0,5,0,1,31,15,1,19,11
200700006194,7,2,7,1915,3,9,1,1,4921500,262400,2,2,2,0,1,1,0,90,1,5,1,0,1,32,23,4,18,10
200700006205,7,2,17,600,3,1,1,6,4962100,91500,3,2,2,0,2,1,0,50,1,0,1,0,1,43,34,1,32,10
200700006251,7,2,13,100,3,1,1,6,4858900,157300,3,2,2,0,1,2,0,60,1,0,3,0,1,33,19,3,19,11
200700006266,7,2,18,1845,2,1,1,3,4842800,293200,3,2,2,3,3,0,0,0,1,5,1,0,1,34,8,4,20,10
200700006269,7,2,11,1215,1,3,8,3,4843200,214500,4,2,2,0,1,1,0,50,1,0,1,0,1,35,14,2,30,3
200700006284,7,2,20,1145,1,1,1,6,4801800,448700,3,2,2,0,1,1,0,75,1,0,1,0,1,25,21,3,18,4
200700006308,7,2,5,1115,1,9,1,6,4796700,254300,2,3,0,0,1,3,0,40,1,3,1,0,1,22,10,2,12,8
200700006312,7,2,23,415,3,1,2,6,4900700,17300,3,2,0,0,1,1,0,50,2,0,1,0,1,35,20,4,19,12
200700011848,7,3,9,1745,1,9,1,6,5051300,291700,4,2,2,0,1,1,0,58,1,0,4,3,1,41,16,3,29,9
200700011849,7,3,2,2045,5,6,3,2,5054400,283300,2,1,2,0,1,0,0,0,2,0,1,0,1,41,24,3,29,9
200700011850,7,3,10,1815,1,1,1,3,5057600,293100,4,2,2,0,1,3,0,127,1,0,1,0,1,52,38,5,39,8
200700011851,7,3,28,1545,1,1,1,6,5053400,312600,3,2,2,0,1,0,0,50,9,0,1,0,1,18,11,3,14,1
200700011853,7,3,24,1430,1,1,1,3,5052400,299500,3,3,0,2,0,1,0,0,1,5,1,0,1,42,25,5,28,9
200700011854,7,3,11,2000,3,1,1,1,5097400,236900,3,2,2,0,1,4,0,56,1,0,1,0,1,50,24,10,26,14
200700011856,7,3,6,1330,1,1,3,3,5073400,245900,3,2,2,0,1,3,0,76,2,0,1,0,1,21,13,1,16,4
200700011857,7,3,23,2015,5,1,1,1,5080500,248200,3,2,0,0,1,3,0,60,1,0,1,0,1,30,14,5,18,7
200700011858,7,3,27,1530,1,1,1,1,5077900,250800,3,2,2,0,1,3,0,57,1,0,1,0,1,41,20,5,14,22
200700011859,7,3,25,2015,5,1,1,6,5073300,296800,3,2,2,0,1,2,48,0,1,0,3,0,1,39,15,4,25,10
200700011864,7,3,7,1630,1,1,1,1,5006300,319900,4,1,1,0,2,2,0,45,1,0,1,0,1,29,20,2,21,6
200700011865,7,3,31,915,1,1,1,1,5007300,316600,3,3,2,0,1,1,191,100,1,5,1,0,1,47,24,7,29,11
200700011869,7,3,14,1530,1,7,1,6,5007200,306400,4,2,2,0,1,1,0,60,1,0,1,3,1,33,30,1,21,11
200700011870,7,3,1,215,5,1,3,6,5032300,271500,3,2,2,0,1,1,0,69,2,0,4,0,1,24,18,1,21,2
200700011884,7,3,18,1145,1,1,1,6,5038100,233400,3,2,2,0,2,1,0,68,1,0,1,0,1,18,13,2,11,5
200700011885,7,3,5,645,1,1,2,6,5037800,261300,3,2,2,0,0,2,0,0,2,0,3,0,1,27,11,2,17,8
200700011887,7,3,13,1345,1,1,1,1,4980600,231100,4,2,2,0,2,1,0,49,1,0,1,0,1,19,13,1,14,4
200700011890,7,3,29,1715,1,1,1,3,5004800,152600,3,2,2,0,1,1,0,71,1,0,1,0,1,39,19,4,24,11
200700011893,7,3,16,1245,1,2,1,3,5016700,181500,3,2,2,0,1,1,0,63,1,0,0,0,1,64,36,3,44,17
200700011895,7,3,20,1600,1,3,1,3,5016000,235000,2,2,2,0,1,1,0,120,1,5,1,0,1,24,27,4,17,3
200700011898,7,3,30,500,3,1,1,7,5000000,314000,3,2,0,0,1,1,0,0,1,0,3,0,1,23,10,5,7,11
200700011914,7,3,3,1030,1,1,6,6,4997400,334000,3,2,2,0,1,2,0,60,1,0,1,0,1,53,25,3,39,11
200700011931,7,3,8,1400,1,1,1,6,4947600,190000,3,2,2,0,2,1,0,58,1,0,1,0,1,35,16,2,23,10
200700011954,7,3,19,1700,1,1,8,3,4917400,245000,3,2,2,0,3,1,120,100,2,0,1,0,1,25,12,5,13,7
200700011988,7,3,21,745,1,1,1,2,4931200,160600,3,2,0,0,1,1,0,73,2,0,1,0,1,26,16,6,14,6
200700011994,7,3,26,1015,1,1,1,3,4916100,134700,3,2,2,0,1,1,0,224,1,0,1,0,1,19,10,4,13,2
200700012035,7,3,15,1815,1,2,7,3,4876800,307500,3,2,2,0,1,2,0,75,1,5,1,0,1,35,29,3,26,6
200700012037,7,3,17,530,3,1,2,1,4841100,286600,3,2,0,0,1,1,0,0,2,0,1,0,1,43,18,2,27,14
200700012060,7,3,4,1230,1,1,3,3,4863100,374800,3,3,0,0,1,3,0,72,2,5,1,0,1,49,27,3,34,12
200700012142,7,3,12,1745,1,1,1,3,4712800,162100,3,2,2,0,1,1,0,61,1,0,1,0,1,29,28,3,17,9
200700012327,7,3,22,2230,5,2,1,3,4658100,77800,3,2,2,0,1,1,0,76,1,5,1,0,1,25,15,7,11,7
200700018369,7,4,29,1230,1,2,1,3,5058000,293100,4,2,2,0,1,1,0,68,1,0,1,0,1,44,18,8,27,9
200700018370,7,4,16,1235,1,1,7,7,5054400,314800,4,2,2,0,0,1,0,33,1,0,3,0,1,48,15,10,22,16
200700018371,7,4,14,1745,1,1,1,6,5051200,302000,4,2,2,0,1,0,0,61,1,0,0,0,1,51,29,5,29,17
200700018372,7,4,23,1815,1,1,1,1,5097200,235900,3,2,0,0,1,1,0,60,1,0,1,0,1,50,33,5,34,11
200700018373,7,4,18,1115,1,1,1,3,5089300,240300,3,2,2,0,1,1,0,65,1,5,1,0,1,36,19,5,22,9
200700018376,7,4,24,1745,1,1,1,1,5073300,236800,3,2,2,0,1,3,0,61,1,0,1,0,1,43,29,6,27,10
200700018378,7,4,5,1900,1,1,1,1,5064200,269400,3,2,2,0,0,1,0,53,1,0,1,0,1,38,21,4,29,5
200700018379,7,4,15,945,1,1,1,3,5081600,239500,3,2,2,0,0,1,0,60,1,0,1,0,1,64,48,11,38,15
200700018380,7,4,4,2215,5,1,1,1,5064500,288100,3,2,0,0,1,1,0,60,1,0,1,0,1,18,4,0,14,4
200700018382,7,4,3,1645,1,1,1,6,5067600,300700,4,2,2,0,1,3,0,43,1,0,3,0,1,19,10,3,11,5
200700018383,7,4,17,1500,1,1,1,1,5030100,351700,3,2,0,0,2,1,0,58,1,0,1,0,1,38,15,5,21,12
200700018391,7,4,2,745,1,2,1,3,5007200,345600,3,2,2,0,2,1,0,0,1,5,1,0,1,27,14,5,16,6
200700018393,7,4,9,1415,1,9,1,3,5013600,301000,3,2,0,0,0,1,0,56,1,0,0,0,1,60,43,4,44,12
200700018395,7,4,21,1930,1,1,1,6,5046300,331800,3,2,0,0,1,1,0,61,0,0,3,0,1,55,29,8,35,12
200700018396,7,4,10,630,2,1,1,5,5029300,387200,3,2,3,0,2,1,0,104,1,0,1,0,1,47,39,6,24,17
200700018397,7,4,27,1145,1,1,1,6,5027100,267700,9,1,1,0,1,1,0,25,1,0,1,0,1,50,40,2,31,17
200700018400,7,4,1,1830,1,1,1,1,5060800,277000,3,2,0,0,1,3,0,54,1,0,1,0,1,56,23,6,40,10
200700018407,7,4,6,1215,1,3,1,3,5051500,164200,2,2,3,0,1,1,0,87,1,5,1,0,1,78,42,13,46,19
200700018411,7,4,26,2215,4,1,1,1,5040900,193900,3,2,2,0,1,1,0,65,1,0,1,0,1,39,22,3,28,8
200700018418,7,4,11,1915,1,1,7,6,5035600,256300,3,2,2,0,4,2,0,60,1,0,1,3,1,37,12,2,23,12
200700018419,7,4,22,1915,1,1,1,1,5026000,223200,3,2,2,0,2,4,0,59,9,0,1,0,1,62,31,8,33,21
200700018420,7,4,20,2045,2,1,1,6,4988900,259700,3,2,2,0,1,2,0,54,1,0,3,0,1,36,20,6,25,5
200700018426,7,4,13,1145,1,1,1,3,5013400,178200,3,3,0,0,0,1,0,0,1,0,1,0,1,49,35,4,32,13
200700018435,7,4,28,1730,1,1,1,6,5018900,164100,4,1,0,0,0,0,0,0,0,0,1,0,1,55,39,9,30,16
200700018448,7,4,7,1200,1,1,1,3,4977600,247400,3,0,2,0,1,1,0,40,1,0,1,0,1,73,34,4,38,31