Num_Acc,an,mois,jour,hrmn,lum,int,atm,col,lat,long,catr,circ,nbv,vosp,prof,plan,lartpc,larrout,surf,infra,situ,env1,chance,sum,unscathed,killed,hospital,light
200700018455,7,4,30,230,3,1,1,3,4997200,290200,3,2,0,0,1,1,0,0,1,0,1,0,1,38,23,4,22,12
200700018461,7,4,12,1815,1,2,1,3,4977400,291700,3,4,3,0,1,1,0,109,1,5,1,0,1,34,30,6,20,8
200700018523,7,4,25,45,3,1,1,7,4974300,94200,3,2,2,0,1,1,0,58,1,0,3,0,1,44,21,4,23,17
200700018559,7,4,8,1145,2,1,1,7,4915400,51300,3,2,2,0,1,1,0,77,1,0,1,0,1,57,41,9,31,17
200700018740,7,4,19,1715,1,1,1,2,4878100,76900,3,4,0,0,2,1,0,89,1,0,3,0,1,45,23,6,26,13
200700025201,7,5,19,1715,1,1,1,3,5053400,292800,4,2,2,0,1,1,0,56,1,0,1,0,1,48,25,3,34,11
200700025202,7,5,25,1800,1,1,1,3,5051500,290600,3,2,0,0,1,1,0,70,1,0,1,0,1,76,40,13,45,18
200700025203,7,5,2,1830,1,1,1,3,5053700,281100,2,2,3,2,1,1,145,0,1,0,1,0,1,26,15,4,14,8
200700025204,7,5,4,800,1,3,1,3,5056600,292800,3,2,2,1,1,1,0,0,1,0,1,0,1,35,26,1,22,12
200700025206,7,5,30,1100,1,1,1,6,5054000,317600,3,2,2,0,1,1,0,60,1,0,1,0,1,52,26,8,32,12
200700025209,7,5,27,345,2,1,1,6,5076700,259400,3,2,2,0,1,1,0,68,1,0,3,0,1,49,18,4,35,10
200700025211,7,5,20,1615,1,1,1,1,5081600,239400,3,2,2,0,1,1,0,0,1,5,1,0,1,67,32,3,39,25
200700025212,7,5,15,945,1,1,1,3,5063900,324000,3,2,0,0,0,1,15,89,1,0,1,0,1,33,23,0,23,10
200700025215,7,5,31,1630,1,1,1,3,5049700,334600,3,2,0,0,1,0,0,62,1,0,3,0,1,42,25,4,25,13
200700025217,7,5,7,1630,1,1,2,3,5022100,367900,3,2,2,0,1,1,0,60,2,0,0,0,1,28,22,3,18,7
200700025224,7,5,24,2115,2,1,1,6,5006400,338800,3,2,2,0,2,3,0,70,1,0,1,0,1,44,25,4,21,19
200700025226,7,5,28,1915,1,1,1,6,5005700,319300,3,2,2,0,4,1,0,48,1,0,3,0,1,53,19,6,29,18
200700025229,7,5,11,1900,1,1,2,6,5011000,303000,3,2,2,0,1,2,0,60,2,0,4,0,1,43,31,5,22,16
200700025233,7,5,3,1630,1,1,1,3,5066100,183800,3,2,2,0,2,1,66,0,1,0,1,0,1,36,17,4,20,12
200700025236,7,5,1,1900,1,1,1,2,5045100,264700,3,2,2,0,1,1,0,60,1,0,1,0,1,54,26,5,33,16
200700025238,7,5,6,130,3,1,1,2,5032300,201700,3,2,2,0,2,1,0,75,1,0,1,0,1,48,21,5,28,15
200700025240,7,5,13,1745,1,1,8,2,5086000,207000,4,2,0,0,1,1,0,38,2,0,1,0,1,52,26,4,34,14
200700025245,7,5,12,45,5,1,2,6,5027200,230000,3,2,2,0,1,2,0,71,2,0,4,0,1,48,31,6,34,8
200700025248,7,5,18,845,1,2,1,1,4995500,197900,4,2,0,0,1,1,0,41,1,0,1,0,1,44,29,6,22,16
200700025255,7,5,16,1645,1,1,1,6,5007300,157000,3,2,0,0,1,3,0,70,1,0,3,0,1,33,13,1,22,10
200700025262,7,5,29,1915,1,3,1,1,4971900,253600,3,0,0,0,0,3,0,86,1,5,0,0,1,32,15,2,25,5
200700025280,7,5,21,1800,1,1,1,6,4938500,351900,4,2,2,0,2,3,0,42,1,0,3,0,1,45,19,6,24,15
200700025291,7,5,26,1945,1,2,1,3,4969200,197900,3,2,2,0,1,1,64,89,1,0,0,0,1,57,27,7,31,19
200700025296,7,5,14,1030,1,1,1,5,4934800,248300,3,2,2,0,1,2,0,60,1,0,1,0,1,30,14,3,18,9
200700025322,7,5,10,1200,1,2,1,3,4972700,114600,3,2,2,0,1,0,0,65,1,0,1,0,1,30,17,1,22,7
200700025331,7,5,22,830,1,1,1,1,4952800,36700,3,2,0,0,1,1,0,60,1,0,1,0,1,39,21,1,26,12
200700025346,7,5,5,900,1,2,1,3,4877900,134700,3,2,2,0,2,1,0,63,1,0,1,0,1,51,25,6,34,11
200700025348,7,5,17,800,2,1,2,6,4901500,132600,2,2,3,0,1,1,0,105,2,0,1,0,1,61,36,5,47,9
200700025366,7,5,23,1900,1,1,1,1,4917700,135900,4,2,0,0,1,3,0,0,9,0,1,0,1,40,22,2,24,14
200700025387,7,5,8,1700,1,1,1,1,4800900,147900,3,2,2,0,1,1,0,0,1,0,1,0,1,45,21,3,29,13
200700025440,7,5,9,1715,1,1,8,1,4794900,285100,3,2,2,0,0,1,0,70,1,0,1,0,1,42,16,4,30,8
200700031966,7,6,13,1545,1,1,1,6,5061000,291800,3,2,2,0,1,2,0,70,1,0,3,0,1,41,24,5,24,12
200700031968,7,6,27,845,1,1,1,3,5054500,298600,3,0,2,0,1,1,0,0,1,0,1,0,1,29,19,2,22,5
200700031969,7,6,18,1900,1,1,1,3,5046000,303000,3,2,2,0,1,1,6,57,1,0,4,0,1,42,22,5,23,14
200700031970,7,6,6,1400,1,1,1,1,5095500,219300,3,2,2,0,1,1,0,70,1,0,1,0,1,47,33,7,28,12
200700031972,7,6,15,1900,1,1,1,7,5086900,227800,4,2,0,0,1,2,0,44,1,0,1,0,1,63,22,9,37,17
200700031975,7,6,8,600,2,1,6,6,5079900,250600,3,2,2,0,0,1,0,70,2,0,3,0,1,50,31,1,33,16
200700031977,7,6,3,1215,1,6,1,1,5074100,295800,3,2,2,0,1,0,0,0,1,0,1,0,1,48,26,3,31,14
200700031978,7,6,11,1345,1,1,1,3,5030400,329300,3,2,2,1,1,1,0,70,1,5,1,0,1,53,27,4,31,18
200700031980,7,6,19,1330,1,1,7,1,5016800,366000,3,2,0,0,1,1,0,60,1,0,1,0,1,35,33,4,21,10
200700031983,7,6,9,1800,1,1,1,3,5012700,341600,4,2,0,0,0,2,0,64,1,0,4,0,1,69,40,5,45,19
200700031986,7,6,1,1600,1,1,1,1,5010000,320400,3,2,2,0,1,1,0,77,1,0,1,0,1,69,31,5,44,20
200700031988,7,6,14,2245,5,1,2,6,5012600,322000,3,2,2,0,1,3,0,60,2,5,3,0,1,36,47,5,22,9
200700031991,7,6,10,500,2,1,5,6,5013000,283000,3,2,2,0,1,1,0,70,1,0,3,0,1,68,52,3,53,12
200700031992,7,6,12,1715,1,1,1,5,5023700,270700,3,2,2,0,0,0,0,0,1,0,1,0,1,54,32,5,31,18
200700031993,7,6,22,1500,1,1,3,6,5019000,259800,3,2,0,0,0,2,0,57,2,0,1,0,1,61,29,4,37,20
200700031995,7,6,24,1830,1,2,1,4,5027000,286000,3,2,2,0,1,1,0,120,1,0,1,0,1,129,73,10,68,51
200700031998,7,6,17,915,1,1,1,7,5080300,176600,3,2,0,0,2,3,70,0,2,0,3,0,1,68,42,2,51,15
200700032004,7,6,20,2015,1,1,1,2,5051400,162900,3,2,2,0,1,1,0,137,1,0,1,0,1,45,28,1,33,11
200700032006,7,6,16,1415,1,3,2,3,5071500,211200,3,2,0,0,2,2,0,118,1,5,1,0,1,65,31,6,43,16
200700032013,7,6,25,645,1,1,1,6,4990300,249600,3,0,0,0,1,1,0,0,1,0,3,0,1,34,12,6,18,10
200700032018,7,6,23,1830,1,4,1,1,5017700,149700,3,2,2,0,1,3,0,68,1,0,1,0,1,59,26,5,43,11
200700032019,7,6,5,1130,1,1,1,3,5011500,233600,3,2,2,0,1,1,0,60,1,0,1,0,1,57,29,2,33,22
200700032033,7,6,7,2045,1,1,1,6,4973500,391200,3,2,0,0,2,0,0,60,1,0,1,0,1,53,30,3,34,16
200700032043,7,6,30,1030,1,1,1,1,4917400,369200,3,2,0,0,1,1,0,62,1,0,1,0,1,74,33,10,39,25
200700032047,7,6,2,1115,1,1,1,1,4995700,335900,3,2,0,0,3,3,0,56,1,0,1,0,1,53,20,8,31,14
200700032050,7,6,29,2250,4,1,2,6,4940800,348400,3,2,2,0,1,1,0,65,2,0,1,0,1,53,19,5,28,20
200700032086,7,6,26,2015,1,1,2,6,4943400,286000,4,2,0,0,1,1,0,40,2,0,3,0,1,46,33,5,29,12
200700032096,7,6,21,1745,1,1,1,1,4945300,625700,4,2,1,0,1,2,0,30,1,0,1,0,1,37,22,3,25,9
200700032176,7,6,28,1100,1,1,1,3,4799000,190000,3,3,2,0,1,1,0,70,1,0,1,0,1,36,17,4,22,10
200700032251,7,6,4,1515,1,7,1,3,4907700,6900,6,2,0,0,0,1,0,0,1,0,1,0,1,39,31,8,22,9
200700039314,7,7,13,2345,5,1,1,6,5053500,292900,3,2,2,0,1,1,0,80,1,0,1,0,1,81,55,8,40,33
200700039315,7,7,12,1010,1,1,1,6,5052500,311400,3,2,0,0,1,1,0,52,1,0,1,0,1,61,28,5,43,13
200700039319,7,7,1,1945,1,1,1,6,5081100,255500,3,2,2,0,0,0,0,84,1,0,3,0,1,68,37,13,44,11
200700039320,7,7,6,900,1,1,1,6,5081300,258200,3,2,2,0,0,1,0,60,1,0,1,0,1,52,26,1,30,21
200700039321,7,7,26,945,1,1,1,1,5078200,240400,4,2,2,0,1,3,0,30,1,0,1,0,1,40,23,1,25,14
200700039326,7,7,15,1300,1,1,1,6,5016200,365300,3,2,2,0,1,1,0,50,1,0,1,0,1,62,28,5,40,17
200700039327,7,7,29,1830,1,1,1,1,5010000,369200,3,2,1,0,3,3,0,63,1,0,1,0,1,59,33,8,40,11
200700039330,7,7,21,2215,2,1,1,1,5023600,345300,3,2,0,0,1,3,60,0,1,0,1,0,1,74,46,6,36,32
200700039332,7,7,20,1015,1,1,2,6,5028900,373700,3,2,0,0,1,1,0,73,2,0,3,0,1,50,28,5,31,14
200700039335,7,7,18,1600,1,1,1,1,5015100,291000,3,2,2,0,1,2,0,65,1,0,1,0,1,53,29,6,24,23
200700039337,7,7,11,1430,1,1,1,3,5062600,254700,3,2,0,0,1,1,0,60,1,0,1,0,1,44,35,4,23,17
200700039345,7,7,14,145,3,1,1,5,5037300,195300,3,2,2,0,1,1,0,72,1,0,1,0,1,79,43,14,51,14
200700039348,7,7,31,1815,1,1,1,2,5087600,198100,3,2,0,0,1,1,0,97,1,0,1,0,1,56,50,6,29,21
200700039356,7,7,8,1745,1,1,8,1,5025300,249000,3,2,2,0,1,1,0,50,2,0,1,0,1,66,41,5,42,19
200700039358,7,7,19,1730,1,1,1,5,5035200,254900,3,2,2,0,1,1,0,76,1,0,1,0,1,58,37,5,37,16
200700039359,7,7,7,1900,1,1,1,3,5023700,211700,3,2,2,0,1,1,0,78,1,0,1,0,1,111,42,12,78,21
200700039375,7,7,17,1430,1,1,1,1,5022400,192100,3,2,2,0,1,1,0,76,1,0,1,0,1,64,34,2,40,22
200700039378,7,7,24,730,2,1,1,6,4976800,233300,3,2,2,0,2,2,0,65,2,0,3,0,1,46,21,1,35,10
200700039384,7,7,22,2000,1,1,1,3,4952400,358500,2,3,1,0,1,1,100,70,1,5,1,0,1,129,34,34,79,16
200700039385,7,7,23,915,1,1,3,7,4969100,371000,2,2,2,0,3,1,0,70,2,0,1,0,1,45,17,8,22,15
200700039386,7,7,30,1130,1,2,1,4,4969600,371200,2,2,2,0,1,1,0,0,1,0,1,0,1,70,40,6,38,26
200700039395,7,7,3,1200,1,1,1,1,4989900,362900,4,1,1,0,1,1,0,0,1,0,1,0,1,42,28,4,28,10
200700039418,7,7,5,745,1,1,2,1,4931800,236100,3,2,2,0,1,1,0,72,2,0,1,0,1,53,27,4,31,18
200700039420,7,7,28,200,3,1,2,7,4953000,240200,3,2,2,0,1,1,0,73,2,0,3,0,1,48,27,3,33,12
200700039439,7,7,25,1400,1,1,1,3,4923400,253900,2,2,1,0,1,1,0,60,1,5,1,0,1,37,34,4,23,10
200700039462,7,7,9,1700,1,2,1,1,4981300,64100,3,2,0,0,1,3,0,64,1,0,1,0,1,61,36,5,47,9
200700039474,7,7,4,15,3,1,1,6,4900800,144700,3,2,0,0,0,1,0,39,1,0,3,0,1,70,55,8,46,16
200700039489,7,7,10,1430,1,1,1,3,4910000,59900,4,2,1,0,2,1,0,31,1,0,1,0,1,58,30,2,39,17
200700039503,7,7,27,1815,1,1,1,6,4828700,179700,3,2,2,0,1,1,0,69,1,0,1,0,1,67,48,5,42,20
200700039544,7,7,16,1645,1,1,1,7,4858300,349300,3,2,2,0,1,1,0,80,1,5,3,0,1,48,33,5,29,14
200700039546,7,7,2,1315,1,1,1,1,4806000,466800,3,2,2,0,2,3,0,65,1,0,1,0,1,30,18,3,20,7
200700046439,7,8,4,1745,1,1,1,6,5053300,281100,9,0,0,0,1,0,0,0,1,0,1,0,1,87,51,9,61,17
200700046440,7,8,8,1645,1,1,1,6,5053700,280300,3,2,1,0,1,1,0,45,1,0,1,0,1,35,18,2,24,9
200700046441,7,8,17,500,3,9,1,6,5056600,289000,4,2,2,0,1,2,0,0,2,0,3,0,1,46,21,2,27,17
200700046442,7,8,21,2030,1,1,1,6,5046900,304200,3,2,0,0,1,1,0,0,1,0,1,0,1,59,29,6,31,22
200700046446,7,8,3,2245,5,1,1,1,5096200,229600,4,2,2,0,1,1,0,52,1,0,1,0,1,58,31,6,40,12
200700046448,7,8,10,1800,1,2,1,1,5090000,223900,3,2,2,0,1,1,56,53,1,5,1,0,1,71,28,8,43,20
200700046450,7,8,5,1145,1,1,1,1,5075700,245600,4,2,2,0,1,1,0,30,1,0,1,0,1,92,50,10,52,30
200700046463,7,8,1,1400,1,1,1,1,5011100,353800,2,2,0,0,3,0,0,0,0,0,0,0,1,47,28,5,27,15
200700046464,7,8,9,1300,1,2,2,3,5011200,352400,3,2,0,0,1,1,0,110,2,5,1,0,1,48,41,6,33,9
200700046466,7,8,15,2000,2,1,8,1,5026200,370200,4,0,0,0,3,0,0,30,1,0,1,0,1,42,31,3,26,13
200700046467,7,8,14,1030,1,1,1,6,5016900,402700,3,2,2,0,3,1,0,56,1,0,1,0,1,38,27,9,18,11
200700046469,7,8,13,1145,1,1,1,2,5026800,288000,3,2,2,0,2,1,0,83,1,0,1,0,1,54,43,4,36,14
200700046470,7,8,16,1145,1,1,8,1,5027900,281300,3,2,2,0,1,1,0,75,2,0,1,0,1,63,25,13,32,18
200700046471,7,8,18,1745,1,1,1,1,5071300,168700,3,2,2,0,2,1,0,72,1,0,1,0,1,90,59,4,54,32
200700046477,7,8,7,1400,1,9,7,3,5042800,181700,3,2,0,0,1,1,0,65,1,0,1,0,1,54,34,5,33,16
200700046479,7,8,2,915,1,1,1,1,5055600,207800,3,2,2,0,1,1,0,75,1,0,1,0,1,52,33,6,29,17
200700046481,7,8,22,2100,3,1,1,6,5024700,250900,3,0,0,0,0,1,0,56,0,0,3,0,1,36,32,5,24,7
200700046482,7,8,24,2245,3,1,1,6,4990100,248000,3,2,2,0,0,2,70,0,1,0,3,0,1,50,36,8,26,16
200700046493,7,8,6,245,4,1,1,6,4992800,296500,3,2,2,0,1,2,0,65,1,0,4,0,1,46,18,3,34,9
200700046496,7,8,20,930,1,1,1,6,4993600,294100,3,2,2,0,1,1,0,82,2,0,1,0,1,30,18,1,20,9
200700046498,7,8,26,2000,1,1,1,6,5003100,260900,3,2,2,0,0,1,0,60,1,0,4,0,1,60,42,9,42,9
200700046502,7,8,27,700,1,9,1,1,4973300,306700,3,3,2,0,1,1,0,0,1,0,1,0,1,42,22,4,30,8
200700046503,7,8,28,715,1,1,1,6,4961500,359900,3,3,2,0,1,1,0,0,1,0,4,0,1,45,14,3,30,12
200700046511,7,8,25,700,2,1,5,7,4918000,356100,3,2,2,0,4,3,0,63,9,0,0,0,1,75,39,7,38,30
200700046518,7,8,31,1930,1,9,1,2,4937300,336000,2,1,0,0,2,3,0,60,1,0,1,0,1,77,43,8,41,28
200700046520,7,8,19,2030,3,1,8,6,4939400,311600,3,2,2,0,2,3,0,60,2,0,1,0,1,70,47,3,53,14
200700046521,7,8,30,430,5,1,1,6,4923800,304400,3,2,0,0,0,2,0,25,1,0,1,0,1,48,42,1,29,18
200700046545,7,8,23,1845,1,1,2,3,4938000,253000,3,2,2,0,1,1,0,72,2,0,1,0,1,47,29,3,36,8
200700046564,7,8,11,1530,1,1,1,2,4922400,260700,3,2,0,0,1,1,0,0,1,0,1,0,1,58,35,7,32,19
200700046571,7,8,29,1645,1,1,1,7,4947000,95900,3,2,0,0,2,3,0,42,1,0,3,0,1,53,24,10,32,11
200700046593,7,8,12,2300,3,1,1,6,4979700,74300,4,2,0,0,1,1,0,23,1,0,3,0,1,61,30,8,41,12
200700052615,7,9,30,1145,1,1,1,2,5053500,280600,2,2,2,0,1,1,0,90,1,0,1,0,1,69,18,8,42,19
200700052616,7,9,16,1045,1,1,8,1,5052600,311400,3,2,2,0,1,1,0,90,1,0,1,0,1,74,29,5,42,27
200700052621,7,9,12,2130,3,1,1,6,5094600,249000,3,2,0,0,0,2,0,38,1,0,1,0,1,46,32,6,26,14
200700052626,7,9,18,700,2,1,8,6,5066900,272000,3,2,2,0,1,1,0,55,2,0,3,0,1,44,28,7,24,13
200700052629,7,9,21,1515,1,1,1,3,5027500,333400,3,2,2,0,1,1,0,85,1,0,1,0,1,53,42,7,36,10
200700052630,7,9,7,845,1,1,1,6,5047400,339900,3,2,2,1,1,0,0,64,1,0,1,3,1,46,23,8,23,15
200700052631,7,9,14,800,1,1,1,3,5013600,394000,2,3,2,0,2,1,41,124,1,0,1,0,1,69,57,8,41,20
200700052633,7,9,28,900,1,1,2,6,5025500,330100,3,0,0,0,0,0,0,0,0,0,0,0,1,79,40,12,43,24
200700052634,7,9,10,1745,1,1,1,1,5004900,315100,3,2,2,0,1,3,0,60,1,0,1,0,1,51,40,5,23,23
200700052638,7,9,22,1700,1,1,1,6,5048500,325200,3,2,0,2,1,2,0,60,1,0,4,0,1,65,27,5,48,12
200700052639,7,9,1,1930,1,1,1,1,5034300,379300,4,2,2,0,0,4,0,35,1,0,1,0,1,78,27,3,51,24
200700052640,7,9,2,1200,1,1,1,3,5025000,415300,3,2,0,0,0,1,0,40,1,0,1,0,1,77,45,11,45,21
200700052642,7,9,29,930,1,1,5,6,5030000,272000,3,2,2,0,1,3,0,103,2,3,3,0,1,64,47,6,47,11
200700052643,7,9,11,1945,1,4,1,1,5036500,279900,4,2,2,0,1,1,0,53,1,0,1,0,1,37,30,2,19,16
200700052644,7,9,15,1015,1,1,1,3,5032000,270500,3,0,2,0,1,1,0,60,1,0,1,0,1,93,91,11,58,24
200700052647,7,9,8,1945,2,1,1,3,5053900,240200,3,2,2,0,2,1,0,60,1,0,1,0,1,75,47,10,50,15
200700052648,7,9,13,1315,1,1,1,6,5062600,277400,3,2,0,0,1,1,0,78,1,6,1,3,1,57,47,5,32,20
200700052651,7,9,9,545,3,1,1,6,5080200,193500,3,2,2,0,1,1,0,70,1,0,3,0,1,65,39,6,42,17
200700052655,7,9,4,1630,1,1,1,5,5043900,268300,3,2,0,0,1,1,21,99,1,0,1,0,1,52,28,4,33,15
200700052662,7,9,17,2100,5,1,1,3,5064500,239700,4,2,0,0,1,1,0,0,1,0,1,0,1,34,19,5,22,7
200700052665,7,9,23,215,3,1,5,7,5054000,224300,3,2,0,0,0,1,0,60,2,0,1,0,1,62,24,11,35,16
200700052694,7,9,24,2100,5,1,1,3,4975400,307000,3,2,2,0,1,1,0,65,1,0,1,0,1,47,24,3,32,12
200700052695,7,9,6,1400,1,1,1,1,4952300,358400,3,2,0,0,1,1,0,0,1,0,1,0,1,43,32,2,26,15
200700052713,7,9,27,1800,2,1,3,3,4935200,309900,3,0,0,0,1,3,0,58,2,0,1,0,1,34,24,4,20,10
200700052757,7,9,20,2015,2,1,1,1,4919600,245200,9,2,1,1,0,1,0,32,1,0,1,0,1,40,24,4,25,11
200700052813,7,9,3,1945,1,1,1,1,4923700,86400,3,2,2,0,1,4,0,55,1,0,1,0,1,44,27,7,28,9
200700052846,7,9,19,1600,1,2,1,3,4861000,302500,3,2,2,0,0,1,0,120,1,5,1,0,1,38,21,4,25,9
200700052870,7,9,26,2130,3,1,8,4,4845700,437700,2,3,4,0,2,1,24,77,2,0,1,0,1,36,12,6,14,16
200700052871,7,9,25,1800,1,1,1,1,4846700,427100,9,3,0,1,2,2,0,20,1,0,5,0,1,34,23,3,25,6
200700052879,7,9,5,1445,1,1,1,1,4866700,410300,3,2,0,0,1,3,0,70,1,0,1,0,1,27,10,1,18,8
200700059919,7,10,26,1415,1,1,1,1,5051800,290900,4,2,0,0,1,3,0,47,1,0,1,0,1,60,33,6,32,22
200700059920,7,10,2,1345,1,1,1,3,5057100,293100,3,2,2,0,1,1,0,60,1,0,1,0,1,47,27,1,27,19
200700059921,7,10,16,800,2,1,1,2,5059700,293100,3,3,4,0,1,1,36,180,1,0,1,0,1,51,14,7,27,17
200700059922,7,10,22,715,5,1,1,1,5057600,293700,3,2,2,2,1,1,0,60,1,5,1,0,1,34,15,1,20,13
200700059923,7,10,23,645,2,1,1,3,5061600,295000,3,2,0,1,1,1,0,0,1,0,5,0,1,38,12,6,24,8
200700059924,7,10,18,1700,1,1,1,1,5056700,312600,3,2,2,1,0,1,0,60,1,0,5,0,1,36,14,1,28,7
200700059927,7,10,6,30,5,1,1,6,5089000,246700,3,2,2,1,1,1,70,0,1,0,1,0,1,60,27,7,42,11
200700059930,7,10,15,745,2,1,1,3,5013300,393800,2,2,0,0,3,2,0,87,1,5,1,0,1,44,25,4,27,13
200700059932,7,10,29,1600,1,1,1,1,5007700,377100,3,2,1,0,0,0,0,0,0,0,0,0,1,63,47,13,28,22
200700059933,7,10,14,1200,1,1,1,3,5013700,341800,2,0,0,0,1,1,0,0,1,5,1,0,1,57,34,10,33,14
200700059936,7,10,4,2245,3,1,1,7,5026600,317900,3,2,2,0,1,1,0,68,1,0,1,0,1,28,24,2,18,8
200700059938,7,10,20,1145,1,1,1,1,5032700,379500,3,2,2,0,2,1,50,0,1,0,1,0,1,65,44,6,39,20
200700059939,7,10,21,900,1,1,8,7,5021000,265300,3,2,2,0,1,1,0,60,7,0,1,0,1,43,20,2,23,18
200700059940,7,10,1,815,1,1,1,5,5037700,279900,2,3,2,0,1,3,33,78,2,0,1,0,1,45,22,3,25,17
200700059941,7,10,8,1145,1,2,1,3,5033500,271900,3,2,2,0,1,3,0,73,1,5,1,0,1,47,40,4,26,17
200700059946,7,10,9,900,1,1,1,6,5067000,183000,3,0,2,0,1,0,0,0,1,0,1,0,1,36,36,3,25,8
200700059948,7,10,24,545,5,1,1,3,5064400,174200,3,2,2,0,1,1,0,79,1,0,1,0,1,36,25,2,22,12
200700059949,7,10,13,1715,1,1,1,6,5084300,183300,3,2,2,0,2,1,0,65,1,0,3,0,1,37,15,9,18,10
200700059957,7,10,27,1815,1,2,1,3,5085400,203000,4,2,2,0,2,1,0,53,1,0,1,0,1,51,25,7,36,8
200700059961,7,10,28,1645,1,1,1,3,5036800,265300,3,2,2,0,2,1,0,60,1,0,1,0,1,56,26,1,38,17
200700059965,7,10,3,1445,1,1,1,6,4976300,217200,3,2,2,0,2,1,0,60,1,0,1,0,1,39,23,4,25,10
200700059967,7,10,30,1645,1,1,1,7,4996900,227400,3,2,2,0,3,3,0,60,1,0,3,0,1,29,20,4,15,10
200700059968,7,10,19,945,2,1,8,3,5007100,138700,3,2,2,0,1,1,0,90,2,5,1,0,1,52,24,3,28,21
200700059976,7,10,11,1815,1,1,1,5,4997200,282900,3,2,2,0,4,1,0,60,0,0,1,0,1,24,20,2,16,6
200700059979,7,10,17,800,1,1,1,1,4982800,276600,3,2,0,0,1,2,0,86,1,0,1,0,1,32,27,4,21,7
200700059985,7,10,12,515,3,1,5,1,4942600,387500,3,2,1,0,0,1,0,78,1,0,1,0,1,45,39,5,29,11
200700059993,7,10,7,1715,1,1,1,5,4992300,335900,3,2,0,0,1,1,0,66,1,0,1,0,1,63,27,8,41,14
200700060000,7,10,31,1500,1,1,1,3,4996100,404200,3,2,0,0,0,1,50,0,1,0,1,0,1,58,35,6,27,25
200700060072,7,10,5,730,2,1,5,6,4883800,91800,4,2,2,0,2,1,0,72,1,0,1,0,1,65,39,8,36,21
200700060127,7,10,10,1545,1,6,1,6,4863600,298400,3,2,2,3,1,2,0,60,1,5,1,0,1,27,13,4,11,12
200700060340,7,10,25,630,5,1,1,6,4504800,12900,3,1,1,0,0,1,0,85,1,0,1,0,1,32,20,4,20,8
200700068390,7,11,8,1020,1,1,1,2,4516303,452258,4,2,2,0,1,1,0,0,1,0,1,0,1,50,24,7,31,12
200700068391,7,11,12,1707,1,1,1,1,4517486,452209,4,2,0,0,2,4,0,0,2,0,1,99,1,34,22,7,19,8
200700068392,7,11,15,1208,1,1,1,3,4515574,452304,4,2,2,0,1,1,0,0,1,0,1,0,1,45,25,4,33,8
200700068393,7,11,16,910,1,1,1,6,4515279,452005,4,2,2,0,1,0,0,0,0,0,1,0,1,47,27,4,23,20
200700068394,7,11,17,1300,1,1,1,6,4514869,449172,4,2,2,0,0,1,0,70,1,0,1,0,1,58,21,7,35,16
200700068395,7,11,19,740,5,1,2,6,4515548,455634,4,2,2,0,1,1,0,0,2,0,1,0,1,33,21,5,23,5
200700068396,7,11,20,1330,1,1,1,6,4515627,452606,4,2,0,0,1,1,0,0,1,0,1,0,1,45,28,4,26,15
200700068398,7,11,21,1310,1,1,1,3,4515721,449461,4,2,2,0,1,1,0,0,1,0,1,3,1,47,36,7,30,10
200700068400,7,11,25,535,5,1,1,7,4516482,451786,4,2,2,0,1,1,0,0,1,0,1,99,1,44,18,3,29,12
200700068401,7,11,27,1345,1,1,1,6,4515118,453211,4,2,0,0,1,1,0,0,1,0,1,0,1,36,29,4,19,13
200700068402,7,11,28,1020,1,1,1,6,4516128,453408,4,1,2,0,2,1,0,0,1,0,1,99,1,43,30,6,21,16
200700068403,7,11,29,1838,5,2,2,3,4515775,451111,4,1,1,0,1,1,0,0,2,0,1,99,1,46,29,7,22,17
200700068404,7,11,30,500,5,1,2,6,4514324,449210,4,2,2,0,1,1,0,0,2,0,1,3,1,56,22,10,31,15
200700068409,7,11,9,710,2,1,1,1,4528121,478987,3,2,2,0,2,3,0,68,2,0,1,99,1,54,48,6,32,16
200700068413,7,11,23,1800,5,2,2,3,4554664,431641,4,2,0,0,1,3,0,0,2,5,1,99,1,63,36,7,34,22
200700068630,7,11,6,800,1,1,1,2,4385265,436122,4,2,2,0,1,1,0,56,1,0,1,99,1,24,18,2,16,6
200700068631,7,11,7,220,5,1,1,7,4382433,432698,2,1,1,0,1,3,0,40,1,0,1,99,1,44,30,8,23,13
200700068644,7,11,10,902,1,6,1,6,4383699,438770,4,1,2,1,1,3,0,80,1,5,1,99,1,71,40,9,47,15
200700068649,7,11,13,1215,1,2,1,3,4384068,437117,4,1,0,0,0,1,0,40,1,0,1,0,1,32,26,4,21,7
200700068658,7,11,22,857,1,1,2,1,4384848,443834,4,2,2,0,1,2,0,92,2,0,1,99,1,49,17,6,29,14
200700068666,7,11,24,1522,1,1,1,4,4384006,436322,4,1,2,0,1,1,0,0,1,0,1,99,1,45,19,6,27,12
200700068672,7,11,26,750,1,1,1,5,4383712,436586,4,2,2,0,1,1,0,82,1,0,1,99,1,39,36,3,27,9
200700068943,7,11,2,1911,5,1,1,3,4364142,384325,4,2,4,0,1,1,0,120,1,0,1,99,1,43,24,1,27,15
200700069157,7,11,14,1220,1,1,2,1,4123456,345699,4,2,2,0,2,3,0,57,2,2,1,99,1,43,23,2,29,12
200700072908,7,11,3,1030,1,1,1,3,5087000,248600,3,2,0,0,0,1,65,0,1,0,1,0,1,64,35,10,32,22