Num_Acc,an,mois,jour,hrmn,lum,int,atm,col,lat,long,catr,circ,nbv,vosp,prof,plan,lartpc,larrout,surf,infra,situ,env1,chance,sum,unscathed,killed,hospital,light
200600030209,6,6,26,1730,1,1,1,6,4924800,58100,3,2,2,0,1,1,0,56,1,0,1,0,1,39,22,1,26,12
200600030293,6,6,28,1900,1,1,1,2,4757800,-306800,3,2,2,0,0,1,0,103,9,6,1,0,1,15,8,3,10,2
200600039563,6,7,23,1000,1,6,1,2,4876459,345699,4,1,2,0,1,0,80,390,1,0,0,99,1,42,27,4,27,11
200600042269,6,7,19,715,1,1,1,3,5053000,293000,3,2,2,0,1,1,0,80,1,0,1,0,1,49,35,2,28,19
200600042270,6,7,17,945,1,1,7,7,5056300,282900,4,2,0,0,1,4,0,56,1,0,0,0,1,37,23,5,21,11
200600042271,6,7,7,1500,1,1,1,1,5052000,298800,3,0,2,0,0,0,0,80,1,0,1,0,1,33,24,5,20,8
200600042272,6,7,24,1545,1,1,1,7,5051200,303800,3,2,2,0,1,1,13,62,1,0,3,0,1,37,25,7,21,9
200600042273,6,7,1,645,1,1,1,7,5099000,240400,3,2,2,0,1,1,0,71,1,0,1,0,1,78,27,8,51,19
200600042278,6,7,8,1620,1,1,1,2,5064400,272200,3,2,0,0,1,1,0,88,1,0,1,0,1,56,40,6,41,9
200600042282,6,7,21,730,2,1,1,3,5079400,251300,3,3,2,3,1,1,0,103,1,5,1,0,1,44,28,2,26,16
200600042284,6,7,12,1800,1,1,1,6,5033000,360000,3,2,0,0,1,3,0,74,1,0,1,0,1,38,22,6,24,8
200600042285,6,7,30,1915,1,1,1,1,5048400,337100,3,2,2,0,1,3,0,57,1,0,1,0,1,75,38,9,43,23
200600042286,6,7,13,1830,1,1,1,7,5016200,357600,3,2,2,0,1,1,0,60,1,0,3,0,1,44,21,1,26,17
200600042294,6,7,3,1215,1,1,7,2,5030800,372900,2,3,4,0,3,1,30,150,1,0,2,0,1,38,27,4,30,4
200600042301,6,7,22,1100,3,1,1,3,5025000,276900,3,2,2,0,1,1,0,76,1,0,1,0,1,44,24,1,34,9
200600042302,6,7,31,1745,1,1,1,7,5033800,296500,3,3,0,0,0,1,11,150,1,0,1,0,1,62,22,1,47,14
200600042304,6,7,29,1830,1,1,1,6,5060200,255100,3,2,2,0,1,2,0,53,1,0,3,0,1,60,58,5,40,15
200600042305,6,7,6,345,3,1,1,6,5061900,267000,3,2,2,0,1,1,0,55,1,0,4,0,1,31,12,1,25,5
200600042308,6,7,16,2015,1,1,1,3,5046700,157900,3,2,0,0,1,1,0,58,1,0,1,0,1,60,33,10,37,13
200600042309,6,7,20,130,3,1,1,7,5038800,204500,3,2,2,0,2,1,0,0,1,0,3,0,1,26,16,1,21,4
200600042316,6,7,2,1800,1,1,1,6,5029300,258100,3,2,2,0,1,2,0,59,1,0,3,0,1,56,30,6,42,8
200600042318,6,7,28,1000,1,1,1,6,5027600,247300,3,2,0,0,1,1,0,62,1,0,3,0,1,63,33,2,40,21
200600042352,6,7,18,1545,1,1,1,6,4993000,293000,2,2,2,0,1,1,0,70,1,0,1,0,1,39,21,7,23,9
200600042354,6,7,25,1145,1,9,1,7,5000200,266200,3,2,2,0,0,1,0,60,1,0,1,0,1,43,26,4,32,7
200600042358,6,7,26,1515,1,1,1,2,4998400,276100,3,2,0,0,1,1,0,53,1,0,1,0,1,53,31,5,29,19
200600042360,6,7,5,715,1,1,1,6,4965500,361600,3,2,2,0,2,1,0,70,2,0,1,0,1,48,20,3,31,14
200600042364,6,7,27,1915,1,1,1,3,4948600,392800,3,2,2,0,0,0,0,60,1,0,1,0,1,45,19,7,30,8
200600042371,6,7,4,1445,1,1,1,6,4941300,311000,3,2,2,0,1,1,0,65,1,0,4,0,1,41,24,2,25,14
200600042373,6,7,14,2115,2,1,1,6,5001900,373100,3,2,2,0,2,2,0,58,1,0,3,0,1,43,38,9,23,11
200600042417,6,7,9,1615,1,1,1,6,4918700,238600,3,2,2,0,1,1,0,70,1,0,1,0,1,57,22,5,36,16
200600042425,6,7,11,1740,1,1,1,1,4958700,117000,3,2,2,0,2,1,0,59,1,0,1,0,1,44,34,3,27,14
200600042442,6,7,10,1130,1,1,1,6,4963600,97200,3,2,0,0,1,2,0,57,1,0,3,0,1,44,22,9,20,15
200600042489,6,7,15,2115,1,1,1,1,4827000,-199400,3,2,0,0,1,1,0,51,1,0,1,0,1,49,26,2,40,7
200600044839,6,8,30,730,1,1,7,1,5051400,290400,3,2,2,0,1,1,0,60,1,0,1,0,1,23,12,3,17,3
200600044840,6,8,6,1950,1,1,1,4,5057900,290100,3,2,2,0,1,3,0,63,1,0,1,0,1,40,28,6,27,7
200600044843,6,8,8,750,1,1,7,3,5088800,249300,3,2,2,1,1,1,60,0,1,0,1,0,1,38,24,2,25,11
200600044848,6,8,19,445,5,1,1,6,5057200,322300,3,2,2,0,1,3,15,83,1,0,1,0,1,44,27,6,27,11
200600044850,6,8,15,1730,1,1,1,7,5029000,331000,4,2,2,0,1,3,0,0,1,0,1,0,1,54,32,6,36,12
200600044851,6,8,25,1400,1,1,1,6,5029000,327000,4,2,2,0,2,1,0,60,1,0,4,0,1,49,29,4,31,14
200600044854,6,8,4,2215,5,2,1,1,5029100,319700,4,2,0,0,1,1,0,60,1,0,1,0,1,45,27,10,23,12
200600044858,6,8,29,1907,1,1,2,1,5008000,321000,3,2,2,0,2,3,0,66,2,0,1,0,1,37,17,5,22,10
200600044859,6,8,26,1815,1,1,1,6,5027000,321000,3,2,2,0,1,1,0,0,2,0,4,0,1,46,21,5,28,13
200600044861,6,8,14,1945,1,1,3,7,5032000,284000,2,3,2,0,1,3,0,72,2,0,3,0,1,39,16,1,32,6
200600044862,6,8,23,1215,1,1,1,6,5024600,306600,4,2,0,0,1,1,0,32,1,0,1,0,1,36,25,7,23,6
200600044863,6,8,22,1515,1,1,1,3,5057300,245700,2,2,3,3,1,1,0,115,1,5,1,0,1,37,21,4,26,7
200600044868,6,8,27,2000,1,7,1,6,5067200,183600,4,1,1,0,1,2,0,30,1,0,4,0,1,61,12,11,36,14
200600044873,6,8,21,1530,1,1,1,3,5052600,217600,3,2,0,0,1,3,0,42,1,0,1,0,1,55,35,6,21,28
200600044878,6,8,24,1230,1,2,2,3,5075000,213000,3,2,2,0,1,1,0,54,2,0,1,0,1,39,39,5,25,9
200600044880,6,8,31,1800,1,1,1,6,5038600,233600,2,2,2,0,1,1,0,71,1,0,1,0,1,50,33,6,27,17
200600044882,6,8,10,2045,2,1,2,3,5038800,263000,3,2,2,0,3,3,0,0,2,0,1,0,1,46,25,6,29,11
200600044883,6,8,13,500,3,1,3,6,5027900,253800,3,2,2,0,0,3,0,74,2,0,3,0,1,58,25,5,41,12
200600044894,6,8,20,600,2,1,2,6,5009000,239000,3,2,2,0,1,1,0,70,2,0,4,0,1,47,15,4,30,13
200600044914,6,8,17,1030,1,1,1,6,4898800,339500,3,2,2,0,0,2,0,0,1,0,1,0,1,37,20,3,23,11
200600044916,6,8,5,1800,1,1,1,2,4993200,337300,3,2,2,0,1,1,0,63,1,0,1,0,1,55,39,5,38,12
200600044922,6,8,12,1145,1,1,1,6,4925000,303700,2,3,0,0,2,2,36,47,1,0,1,0,1,57,25,6,31,20
200600044954,6,8,16,1930,1,1,1,1,4924500,302400,2,3,2,0,2,1,0,0,2,0,1,0,1,27,15,7,17,3
200600044962,6,8,2,1245,1,2,1,3,4969700,95700,3,2,2,0,0,1,0,60,1,0,1,0,1,65,37,4,37,24
200600044963,6,8,9,1445,1,1,2,3,4967800,114800,2,2,2,0,2,1,77,0,2,0,1,0,1,24,11,4,15,5
200600044964,6,8,1,300,5,1,2,5,4940000,115000,2,2,2,0,1,1,22,96,2,0,1,0,1,28,30,3,17,8
200600044973,6,8,3,1845,1,1,1,1,4955700,40200,9,2,1,0,2,1,0,26,1,0,1,0,1,31,17,2,16,13
200600044977,6,8,18,1915,1,3,1,3,4974400,162000,4,2,2,0,1,0,0,35,1,0,1,0,1,39,25,3,26,10
200600045007,6,8,7,1700,1,2,2,3,4917500,117700,3,2,2,0,1,1,0,89,2,5,1,0,1,27,14,3,17,7
200600045015,6,8,11,1400,1,2,1,3,4917500,95200,3,2,2,0,1,1,0,47,1,0,1,0,1,38,23,9,27,2
200600045064,6,8,28,2000,1,1,1,1,4849200,-225200,3,2,2,0,1,4,0,0,1,0,1,0,1,48,12,6,34,8
200600050682,6,9,3,2230,5,1,1,3,5053800,294800,3,2,2,0,1,1,0,60,1,0,1,0,1,60,38,5,38,17
200600050683,6,9,12,1530,1,1,1,3,5051000,291000,3,2,2,0,1,1,0,60,1,5,1,0,1,42,22,4,25,13
200600050684,6,9,10,1545,1,9,1,6,5055400,282400,9,0,1,1,1,1,0,10,1,0,5,0,1,54,28,6,32,16
200600050685,6,9,7,830,1,1,1,7,5054900,282700,2,2,3,0,1,1,0,0,1,0,1,0,1,43,18,4,24,15
200600050686,6,9,29,1230,1,3,1,3,5062400,294100,3,2,2,0,1,1,0,72,1,0,1,0,1,45,22,2,30,13
200600050692,6,9,11,1500,1,2,1,1,5088600,247000,3,2,0,0,1,1,0,80,0,0,1,0,1,37,20,5,27,5
200600050693,6,9,22,1815,1,1,1,3,5077400,274100,3,2,2,0,1,0,65,0,1,0,1,0,1,44,19,5,30,9
200600050695,6,9,13,1330,1,1,1,7,5066000,260700,3,2,2,0,1,3,0,65,1,5,1,0,1,51,19,4,30,17
200600050699,6,9,6,1730,1,1,1,3,5047800,341300,3,2,2,0,0,3,0,60,1,0,1,0,1,34,22,4,24,6
200600050701,6,9,25,2245,3,1,2,7,5006200,411900,3,2,2,0,1,3,0,65,2,0,3,0,1,28,18,5,19,4
200600050704,6,9,15,2215,5,1,1,6,5010700,328000,3,2,2,0,1,4,0,60,1,0,4,0,1,45,16,1,30,14
200600050710,6,9,19,1730,1,1,1,3,5019900,301700,3,2,2,0,1,1,0,60,1,5,1,0,1,49,30,3,35,11
200600050711,6,9,17,1925,1,6,1,7,5027800,286500,9,1,0,0,1,3,0,0,1,0,1,0,1,41,13,7,31,3
200600050712,6,9,2,2215,5,3,1,3,5031500,295000,3,2,2,0,1,1,0,74,1,5,1,0,1,48,21,7,28,13
200600050716,6,9,16,15,5,1,1,6,5057500,241900,3,2,2,0,1,3,0,59,1,0,3,0,1,60,22,4,46,10
200600050717,6,9,18,2300,4,1,1,7,5060600,260900,4,2,1,0,1,2,0,52,1,0,0,0,1,23,16,2,16,5
200600050718,6,9,9,1745,1,1,1,2,5061100,277600,3,2,2,0,1,1,0,55,1,0,1,0,1,73,35,12,43,18
200600050733,6,9,27,1715,1,1,1,3,5089400,208900,4,2,2,0,1,1,0,37,1,0,1,0,1,37,19,5,22,10
200600050735,6,9,4,1745,1,1,1,1,5057700,216700,3,2,2,0,1,3,0,50,1,0,1,0,1,32,21,9,15,8
200600050736,6,9,26,945,1,1,1,4,5057500,212700,3,2,0,0,1,1,0,37,1,0,3,0,1,32,19,3,18,11
200600050740,6,9,20,2115,5,1,1,1,5028300,252900,3,2,2,0,1,1,0,51,1,0,1,0,1,36,11,4,25,7
200600050745,6,9,21,730,1,1,1,7,4999000,176600,3,2,2,0,1,3,58,0,1,0,1,0,1,18,5,2,12,4
200600050797,6,9,23,2245,5,1,3,6,4941000,313700,3,0,2,0,1,1,0,61,2,0,0,0,1,76,33,8,50,18
200600050800,6,9,1,1830,1,1,1,1,4940900,225400,4,2,2,0,1,1,0,80,1,5,1,0,1,55,26,9,36,10
200600050807,6,9,14,1630,1,1,1,3,4944800,183000,2,2,2,0,1,1,0,73,1,0,1,0,1,27,23,6,16,5
200600050809,6,9,24,1800,5,1,2,3,4939100,173800,3,2,2,0,1,1,0,74,2,0,1,3,1,43,20,5,31,7
200600050863,6,9,28,1815,1,1,1,3,4947500,76400,3,2,2,0,2,1,0,75,1,0,1,0,1,38,21,9,17,12
200600050877,6,9,8,1630,1,1,7,1,4968000,78900,3,0,2,0,1,2,0,55,1,0,1,0,1,26,22,3,19,4
200600050884,6,9,30,530,3,1,1,6,4892700,127200,3,2,2,0,1,1,0,60,1,0,3,0,1,34,23,9,16,9
200600050982,6,9,5,1345,1,6,1,3,4777700,-352100,3,2,2,0,0,2,0,70,1,5,1,0,1,46,15,4,23,19
200600058185,6,10,6,1330,1,1,2,1,5053600,292800,3,2,0,0,1,1,0,62,2,0,1,0,1,36,26,5,24,7
200600058186,6,10,7,1800,1,1,1,3,5051200,289300,4,2,2,0,1,1,0,40,1,0,1,0,1,27,19,7,14,6
200600058187,6,10,14,1000,1,1,1,6,5052400,289200,4,2,2,0,1,1,0,53,1,0,1,0,1,47,18,9,32,6
200600058188,6,10,9,1700,1,1,1,3,5053700,280400,3,2,2,0,1,1,70,0,1,5,1,3,1,29,16,5,18,6
200600058192,6,10,8,2115,3,1,1,6,5091700,240600,3,2,0,0,1,1,0,61,1,0,1,0,1,55,25,5,32,18
200600058194,6,10,21,1315,1,1,1,3,5088800,249500,3,2,1,0,1,1,0,64,0,0,1,0,1,26,18,3,17,6
200600058195,6,10,18,1345,1,1,1,5,5076100,260200,3,2,2,0,1,1,0,63,1,0,1,0,1,30,20,4,19,7
200600058196,6,10,25,630,3,1,1,7,5069200,240300,4,2,2,0,1,1,0,40,1,0,1,0,1,34,24,7,18,9
200600058198,6,10,16,1930,3,1,1,6,5077200,264100,3,2,2,0,0,4,0,48,1,0,3,0,1,28,24,3,20,5
200600058200,6,10,22,745,2,1,1,6,5063900,275000,3,2,0,0,1,1,0,70,1,0,0,0,1,44,9,3,26,15
200600058201,6,10,27,1630,1,1,1,1,5078100,255400,3,2,0,0,2,1,0,75,1,5,1,0,1,49,41,14,26,9
200600058202,6,10,4,1600,1,2,1,1,5073500,296300,3,3,0,0,1,1,0,0,1,0,1,0,1,40,23,3,25,12
200600058204,6,10,3,530,3,1,1,6,5014900,394800,2,2,4,0,2,1,0,132,1,0,1,0,1,32,14,6,21,5
200600058205,6,10,10,830,2,1,9,3,5012700,389400,3,2,2,0,0,1,0,75,2,0,1,0,1,27,35,2,23,2
200600058206,6,10,20,1930,3,1,1,1,5026900,382400,3,2,2,0,2,1,0,58,1,0,1,0,1,69,37,8,42,19
200600058207,6,10,26,945,5,1,1,1,5016100,364300,3,2,2,0,0,4,0,47,1,0,0,0,1,30,23,1,22,7
200600058226,6,10,1,2145,5,1,8,1,5041000,165000,3,2,2,0,4,3,0,70,2,0,1,0,1,44,24,5,31,8
200600058227,6,10,19,1615,1,1,1,2,5043700,206900,3,2,2,0,3,1,0,70,1,0,1,0,1,40,17,4,27,9
200600058228,6,10,31,1300,1,1,1,7,5037900,201700,3,2,2,0,1,4,0,89,1,0,1,0,1,26,10,2,16,8
200600058248,6,10,5,945,1,1,1,3,5034200,157200,3,2,2,0,1,1,0,70,1,0,1,0,1,44,34,5,28,11
200600058249,6,10,15,1015,1,1,1,7,5030300,165000,3,3,2,0,1,3,30,60,1,0,0,0,1,67,19,10,41,16
200600058252,6,10,29,1800,5,1,1,7,5005700,214200,9,3,1,0,1,0,50,0,1,0,1,0,1,30,18,3,21,6
200600058253,6,10,13,1315,1,1,1,1,5003800,281100,3,2,2,0,1,3,0,62,1,0,1,0,1,37,26,2,29,6
200600058255,6,10,24,2115,3,2,1,3,4990600,300600,3,2,0,0,0,1,70,70,1,5,1,0,1,30,16,3,23,4
200600058265,6,10,2,1745,1,1,2,6,4944900,367400,3,2,2,0,0,2,0,62,2,0,3,0,1,30,14,3,13,14
200600058267,6,10,12,2100,3,1,1,6,4943200,377400,3,2,2,0,2,2,50,50,8,0,3,0,1,26,13,0,23,3
200600058282,6,10,28,1100,1,1,1,1,5001300,360600,3,2,2,0,1,1,0,55,2,0,1,0,1,37,20,2,26,9
200600058397,6,10,11,1715,1,2,3,5,4771200,-199600,3,3,3,0,1,1,0,145,3,5,1,0,1,19,12,2,16,1
200600058431,6,10,30,2130,3,1,1,7,4867400,-364300,3,2,2,0,1,1,0,0,1,2,1,0,1,42,22,3,25,14
200600058433,6,10,17,1715,1,1,1,6,4882200,-346100,4,2,2,0,2,2,0,82,1,0,1,0,1,37,25,7,22,8
200600058438,6,10,23,1115,1,1,2,1,4780500,-435900,3,2,2,0,1,3,0,60,2,0,1,0,1,23,13,0,16,7
200600071159,6,11,29,2030,5,1,1,1,5055100,298700,4,2,0,0,1,2,0,63,1,0,1,3,1,31,24,3,22,6
200600071160,6,11,24,745,2,9,8,7,5098000,242600,3,2,2,2,1,3,0,85,2,0,1,0,1,44,17,6,28,10
200600071161,6,11,13,2100,3,1,1,6,5083800,247900,3,0,0,1,1,1,0,75,1,0,3,0,1,22,16,2,18,2
200600071162,6,11,28,1915,3,7,1,6,5086500,229800,3,0,0,0,0,0,0,0,2,0,0,0,1,39,24,4,27,8
200600071163,6,11,30,1745,3,1,8,3,5066900,244200,3,2,2,0,2,1,0,70,1,0,1,0,1,29,15,5,14,10
200600071164,6,11,2,2045,3,1,3,6,5073500,265000,2,2,2,0,1,1,0,74,2,0,1,0,1,50,35,5,35,10
200600071166,6,11,10,1815,5,1,8,6,5012700,392600,2,2,3,0,2,1,0,101,2,0,1,3,1,53,34,5,37,11
200600071169,6,11,1,430,3,1,1,1,5016700,312100,3,2,2,0,0,4,0,54,1,0,1,0,1,55,24,6,29,20
200600071173,6,11,22,1810,2,1,2,6,5030600,379200,3,2,2,0,3,1,70,0,2,6,1,0,1,34,24,2,25,7
200600071178,6,11,8,915,1,1,5,3,5024000,280300,3,2,2,0,1,1,0,71,1,0,1,0,1,31,19,3,19,9
200600071179,6,11,9,1445,1,1,1,6,5018500,312400,3,2,2,0,1,1,0,0,1,0,1,0,1,29,16,2,19,8
200600071180,6,11,20,1115,1,1,8,6,5025500,307000,9,2,0,0,1,1,0,50,1,0,1,3,1,25,16,4,13,8
200600071182,6,11,18,2145,3,1,2,2,5073800,172700,3,1,2,0,1,0,0,73,2,0,1,0,1,57,28,6,34,17
200600071184,6,11,16,1715,2,3,2,3,5063600,160200,3,2,2,0,1,1,0,76,0,0,1,0,1,32,14,4,24,4
200600071185,6,11,5,545,5,1,1,1,5087700,187000,3,2,2,0,1,2,0,71,2,0,1,0,1,38,22,3,30,5
200600071187,6,11,11,530,3,1,2,6,5064000,235400,3,2,2,0,1,1,0,60,0,0,3,0,1,40,16,5,27,8
200600071189,6,11,3,115,5,1,3,6,5082400,208100,4,2,2,0,1,2,0,47,3,0,3,0,1,56,30,5,34,17
200600071191,6,11,25,2045,3,1,2,6,5042700,249200,3,0,0,0,1,1,0,0,2,0,1,0,1,39,24,5,26,8
200600071192,6,11,27,830,3,1,1,6,5033800,218200,3,2,2,0,1,1,60,0,2,0,3,0,1,19,10,2,15,2
200600071193,6,11,14,700,3,1,2,6,5025000,246400,3,2,2,0,1,2,0,70,2,0,3,0,1,32,17,4,19,9
200600071194,6,11,23,1430,1,1,2,3,5037100,264800,3,2,2,0,1,1,0,63,2,0,1,0,1,35,20,4,22,9
200600071205,6,11,26,515,5,1,1,6,4974500,215400,3,2,2,0,4,3,0,66,2,0,1,0,1,63,41,4,30,29
200600071215,6,11,15,2100,3,6,1,3,4971500,281600,2,2,1,0,1,0,0,87,1,0,1,0,1,28,20,6,17,5
200600071220,6,11,19,1530,3,1,1,7,4989000,306700,3,2,2,0,0,3,0,60,1,0,1,0,1,53,20,5,41,7
200600071253,6,11,17,45,3,1,2,7,4994100,373500,3,2,2,0,1,1,0,0,2,0,0,0,1,37,15,3,26,8
200600071260,6,11,4,1030,1,1,1,3,4948500,190100,3,2,2,0,2,1,0,76,1,0,1,0,1,40,22,6,25,9
200600071332,6,11,7,2145,5,1,1,1,4908000,60000,3,2,2,0,2,1,0,64,1,0,1,0,1,25,15,2,17,6
200600071376,6,11,6,1930,3,1,1,7,4860900,-175800,3,2,0,0,1,1,0,50,1,0,3,0,1,26,14,2,15,9
200600071389,6,11,12,1500,1,1,1,5,4842600,-262700,3,2,0,0,1,0,64,0,1,5,1,0,1,31,28,6,17,8
200600071417,6,11,21,1700,1,1,1,3,4847900,-420300,4,2,2,0,2,1,0,70,1,4,1,0,1,40,92,4,34,2
200600073094,6,12,10,2115,3,1,1,2,5059900,293300,2,3,0,0,1,1,0,102,1,0,1,0,1,44,12,4,28,12
200600073095,6,12,12,845,1,1,9,3,5060300,296500,3,2,2,0,1,4,0,70,2,0,1,0,1,43,24,4,31,8
200600073097,6,12,11,1705,2,1,2,6,5048100,305600,4,2,2,0,1,1,0,52,2,0,1,0,1,39,23,8,24,7
200600073100,6,12,1,2115,3,1,2,3,5087900,234200,3,2,2,0,1,1,65,0,2,5,1,0,1,35,15,7,19,9
200600073101,6,12,2,1600,1,1,1,1,5068700,237500,2,0,2,0,1,1,0,80,1,0,1,0,1,53,27,5,39,9
200600073102,6,12,4,1330,1,1,1,7,5074600,237600,3,2,2,0,1,1,0,71,1,0,1,0,1,15,12,2,11,2
200600073104,6,12,3,2015,5,1,6,7,5079500,269400,3,2,0,0,3,1,0,50,2,0,3,0,1,45,14,8,26,11
200600073107,6,12,7,1515,1,1,6,1,5036100,364200,3,2,2,0,1,1,0,52,2,0,1,0,1,34,14,6,24,4
200600073111,6,12,15,1645,2,1,1,6,5013000,393400,2,2,2,0,1,1,0,99,1,0,1,0,1,50,24,4,25,21
200600073116,6,12,23,1845,5,1,5,3,5014500,303700,2,2,0,0,1,1,0,74,2,0,1,3,1,104,80,7,41,56
200600073119,6,12,31,1630,1,1,1,5,5026400,402700,3,2,2,0,1,1,0,69,1,0,1,0,1,36,25,2,21,13
200600073120,6,12,29,2030,3,1,8,3,5018300,246400,2,2,2,0,1,1,0,90,1,5,1,0,1,43,25,10,26,7
200600073123,6,12,24,230,3,1,5,6,5037900,274300,3,2,2,0,1,2,0,51,2,0,0,0,1,31,10,4,20,7
200600073124,6,12,14,1745,2,1,9,3,5031800,301500,3,3,2,0,1,2,0,55,6,0,1,0,1,43,34,6,31,6
200600073127,6,12,17,1500,1,1,1,1,5064100,282800,3,2,2,0,1,3,0,60,2,0,1,0,1,47,26,7,32,8
200600073128,6,12,26,1830,3,1,8,6,5062800,269900,3,2,2,0,1,2,0,62,2,0,1,0,1,28,20,3,19,6
200600073136,6,12,18,830,2,1,9,7,5082600,192900,3,2,2,0,2,2,0,75,7,0,3,0,1,48,14,3,33,12
200600073141,6,12,22,1800,5,1,6,7,5045900,160600,4,2,2,0,0,1,0,60,1,0,4,0,1,73,35,8,52,13
200600073144,6,12,30,1140,1,1,3,1,5085400,196300,3,3,0,0,0,1,0,65,2,0,1,0,1,37,22,3,26,8
200600073146,6,12,9,1830,3,1,1,6,5033800,231500,3,2,0,0,1,1,0,75,1,0,3,3,1,77,44,6,48,23
200600073172,6,12,6,1715,2,1,1,1,4996400,285200,3,2,2,0,1,2,0,62,1,0,1,0,1,40,23,3,30,7
200600073173,6,12,8,1615,2,1,2,3,4992700,293200,3,2,0,0,1,1,0,80,2,0,1,0,1,44,33,3,33,8
200600073183,6,12,16,1240,1,1,8,7,4968800,360900,3,2,2,0,1,1,0,71,6,0,1,0,1,36,26,2,26,8
200600073195,6,12,27,100,3,1,1,6,4911500,311100,3,2,2,0,1,3,0,60,1,0,3,0,1,26,21,3,15,8
200600073259,6,12,5,700,5,3,1,3,4946300,82400,3,3,0,0,1,1,15,90,1,0,1,0,1,25,63,2,14,9
200600073263,6,12,25,2230,5,1,5,6,4954100,47100,3,2,1,0,2,1,0,0,2,0,1,3,1,21,8,2,18,1
200600073280,6,12,28,1245,1,1,1,3,4903200,110700,2,4,2,0,2,3,0,70,1,5,1,0,1,30,27,2,17,11
200600073312,6,12,19,1745,4,1,1,1,4914800,132100,3,2,3,0,2,4,0,105,1,0,1,0,1,20,15,0,16,4
200600073412,6,12,20,1445,1,1,1,6,4793100,-213800,2,2,4,0,1,1,0,0,1,0,3,0,1,24,13,3,16,5
200600073434,6,12,21,2000,3,1,1,7,4902300,600,3,2,2,0,1,1,0,62,1,0,3,0,1,36,10,2,26,8
200600073532,6,12,13,2230,3,1,1,6,4751700,-45500,3,2,2,0,1,1,0,0,1,0,1,0,1,31,19,1,22,8
200500000001,5,1,12,1900,3,1,1,3,5051500,294400,3,2,2,0,1,1,0,63,1,0,1,0,1,58,45,6,27,25
200500000002,5,1,21,1600,1,1,1,1,5053700,280200,2,0,2,1,1,1,0,100,1,0,5,0,1,53,46,5,27,21
200500000004,5,1,4,1615,1,1,1,5,5098700,240800,3,2,2,0,1,1,0,0,1,0,1,0,1,60,48,4,24,32
200500000005,5,1,10,1945,3,1,3,6,5096400,247500,3,2,2,0,1,3,0,59,2,0,3,0,1,52,35,5,16,31
200500000006,5,1,28,1415,1,1,8,6,5099500,239700,3,2,2,0,1,3,0,70,2,0,5,0,1,57,22,6,17,34
200500000008,5,1,18,2115,5,1,2,6,5105200,253300,3,2,2,0,1,3,0,69,1,0,3,0,1,69,36,5,26,38
200500000009,5,1,25,1715,1,2,8,3,5097300,257100,3,2,2,0,0,1,0,67,1,0,1,0,1,44,23,4,13,27
200500000010,5,1,29,2015,3,1,2,6,5106500,252400,2,0,2,0,1,1,0,70,2,0,1,0,1,75,42,8,26,41
200500000012,5,1,11,615,5,1,1,6,5064700,273300,3,2,2,0,1,1,0,90,2,0,4,0,1,36,28,2,18,16
200500000013,5,1,1,800,1,1,1,6,5081700,248300,3,2,2,0,1,3,0,71,1,0,3,0,1,44,28,4,16,24
200500000014,5,1,30,1930,5,1,2,6,5067800,283400,3,2,0,0,0,1,0,59,2,0,1,0,1,35,21,5,13,17
200500000016,5,1,19,2030,3,1,1,3,5048800,348700,3,2,2,0,1,1,0,57,9,0,1,0,1,65,35,7,19,39
200500000017,5,1,9,2000,5,1,2,3,5015000,387000,3,2,0,0,2,1,0,58,2,0,1,0,1,64,25,6,23,35
200500000021,5,1,31,815,1,1,1,1,5007200,333800,3,2,0,0,0,1,0,69,1,0,1,0,1,34,15,4,12,18
200500000024,5,1,15,1100,1,1,1,1,5020100,409600,3,2,2,0,1,2,0,55,7,0,1,0,1,115,29,8,36,71
200500000025,5,1,13,900,1,1,1,6,5011700,308700,3,2,0,0,0,1,0,75,1,0,1,0,1,49,36,8,16,25
200500000028,5,1,2,45,3,9,2,1,5023800,317400,2,2,2,3,0,1,0,68,2,5,1,0,1,42,46,4,13,25
200500000031,5,1,8,1600,1,1,8,4,5032900,298100,3,2,0,0,2,1,0,60,2,0,1,0,1,59,42,5,24,30
200500000040,5,1,16,1515,1,1,1,6,5037800,203100,3,2,2,0,1,1,0,0,1,0,4,0,1,65,23,8,26,31
200500000042,5,1,20,500,3,1,2,6,5046200,165100,3,2,2,0,1,3,0,60,2,0,3,0,1,51,31,3,18,30
200500000053,5,1,7,1415,1,1,1,6,5031100,221800,3,2,2,0,2,1,0,42,1,0,3,0,1,95,29,6,28,61
200500000055,5,1,3,1715,2,1,1,3,4996900,195300,3,2,2,0,0,2,0,0,1,0,1,0,1,60,33,3,23,34
200500000058,5,1,23,1200,1,2,1,1,4997600,227100,3,2,2,0,1,1,0,68,1,5,1,0,1,44,28,10,13,21
200500000061,5,1,14,1215,1,1,7,3,5010000,186000,3,2,2,0,1,1,0,74,1,0,1,0,1,65,34,7,23,35
200500000097,5,1,6,1815,5,1,1,1,5002100,379500,2,2,2,0,1,1,21,68,1,0,1,0,1,57,24,2,24,31
200500000122,5,1,24,1630,1,1,1,6,4935300,236600,4,2,2,0,2,1,0,44,1,0,1,0,1,35,22,2,14,19
200500000130,5,1,26,1145,1,2,1,4,4959700,271800,2,2,0,0,3,1,120,0,1,0,1,0,1,44,37,3,14,27
200500000190,5,1,17,815,2,6,8,6,4963900,85500,3,2,2,0,1,1,15,35,2,0,1,3,1,35,24,4,9,22